chr	start	end	name	score	strand	feature_type_top	feature_types	transcript_type_top	gene_name	gene_id	base_feature_id	X10R_IN_1	X10R_IN_2	X10R_IP_1	X10R_IP_2	DMSO_IN_1	DMSO_IN_2	DMSO_IP_1	DMSO_IP_2	padj	pval	stat	log2FoldChange
chr22	46093836	46093936	8733578	0	+	INTRON	INTRON	lncRNA	MIRLET7BHG	ENSG00000197182.17	336119	51	639	61	459	130	1810	29	188	0.000923468754884471	4.76014822105398e-06	4.57509021508298	2.19962077324651
chr22	46090746	46090846	8733547	0	+	INTRON	INTRON	lncRNA	MIRLET7BHG	ENSG00000197182.17	336119	51	639	35	337	130	1810	19	173	0.000923468754884471	2.62038043668845e-06	4.69853207306376	1.97212657540841
chr22	46093138	46093238	8733571	0	+	INTRON	INTRON	lncRNA	MIRLET7BHG	ENSG00000197182.17	336119	51	639	23	276	130	1810	13	119	0.000923468754884471	2.11626007004276e-06	4.74199293398547	2.14622511449988
chr22	46091344	46091444	8733553	0	+	INTRON	INTRON	lncRNA	MIRLET7BHG	ENSG00000197182.17	336119	51	639	34	472	130	1810	20	172	0.000923468754884471	3.13680277009765e-06	4.66165265112114	2.23803551965948
chr22	46112937	46113036	8733773	0	+	EXON_LNCRNA	EXON_LNCRNA	lncRNA	MIRLET7BHG	ENSG00000197182.17	336130	28	209	22	137	42	547	6	23	0.000923468754884471	3.96009715714011e-06	4.61346566054202	3.02967464485788
chr22	46110165	46110264	8733745	0	+	EXON_LNCRNA	EXON_LNCRNA:SS5_PROX:INTRON	lncRNA	MIRLET7BHG	ENSG00000197182.17	336130	28	209	31	160	42	547	8	39	0.000923468754884471	4.68693927144981e-06	4.57833398611445	2.71004286325711
chr22	46111848	46111947	8733762	0	+	EXON_LNCRNA	EXON_LNCRNA:INTRON	lncRNA	MIRLET7BHG	ENSG00000197182.17	336130	28	209	36	218	42	547	12	63	0.00113925567130093	7.82993588522975e-06	4.46978200840462	2.39652942881467
chr22	46087856	46087955	8733518	0	+	INTRON	INTRON	lncRNA	MIRLET7BHG	ENSG00000197182.17	336119	51	639	50	555	130	1810	29	196	0.00113925567130093	7.57963994779261e-06	4.47672607402266	2.20966654038176
chr22	46086959	46087058	8733509	0	+	INTRON	INTRON	lncRNA	MIRLET7BHG	ENSG00000197182.17	336119	51	639	46	309	130	1810	21	134	0.00134946523543305	1.04340095523174e-05	4.40797809350048	2.19523247011113
chr22	46093936	46094036	8733579	0	+	INTRON	INTRON	lncRNA	MIRLET7BHG	ENSG00000197182.17	336119	51	639	41	385	130	1810	24	156	0.00193691442351688	1.66401582776364e-05	4.30577572298165	2.10184179914054
chr22	46086859	46086959	8733508	0	+	INTRON	INTRON	lncRNA	MIRLET7BHG	ENSG00000197182.17	336119	51	639	42	301	130	1810	21	119	0.0023347475810084	2.40695626908082e-05	4.22335183439886	2.20835348473401
chr22	46092341	46092441	8733563	0	+	INTRON	INTRON	lncRNA	MIRLET7BHG	ENSG00000197182.17	336119	51	639	13	78	130	1810	5	30	0.0023347475810084	2.29520340660679e-05	4.23404954766774	2.48363087612633
chr22	46103091	46103191	8733672	0	+	SS3_ADJ	SS3_ADJ:SS3_PROX:INTRON	lncRNA	MIRLET7BHG	ENSG00000197182.17	336123	15	201	38	335	47	578	22	109	0.00263133051198246	2.93877119035842e-05	4.17815982873694	2.36621158002373
chr22	46100138	46100236	8733642	0	+	INTRON	INTRON	lncRNA	MIRLET7BHG	ENSG00000197182.17	336123	15	201	33	269	47	578	19	118	0.0027477680406511	3.30487565026764e-05	4.15137235822211	2.15280189771517
chr22	46112145	46112244	8733765	0	+	EXON_LNCRNA	EXON_LNCRNA:SS3_PROX:INTRON	lncRNA	MIRLET7BHG	ENSG00000197182.17	336130	28	209	63	533	42	547	30	124	0.00279533919030014	3.60224122461358e-05	4.13161453655799	2.26405915444188
chr22	46089650	46089749	8733536	0	+	INTRON	INTRON	lncRNA	MIRLET7BHG	ENSG00000197182.17	336119	51	639	35	390	130	1810	22	122	0.0030037002585154	4.17806641130385e-05	4.09740550114255	2.26215922766804
chr22	46091544	46091643	8733555	0	+	INTRON	INTRON	lncRNA	MIRLET7BHG	ENSG00000197182.17	336119	51	639	22	334	130	1810	15	85	0.0030037002585154	4.38684745659465e-05	4.0861000113108	2.45396501410454
chr22	46087457	46087557	8733514	0	+	INTRON	INTRON	lncRNA	MIRLET7BHG	ENSG00000197182.17	336119	51	639	24	197	130	1810	14	85	0.00302038584000197	4.67069975258036e-05	4.07152176306473	2.09340614719914
chr22	46090447	46090547	8733544	0	+	INTRON	INTRON	lncRNA	MIRLET7BHG	ENSG00000197182.17	336119	51	639	29	246	130	1810	18	145	0.00356319126977744	6.73455394631475e-05	3.98547404293053	1.77219156611733
chr22	40187536	40187636	8716895	0	+	INTRON	INTRON	protein_coding	TNRC6B	ENSG00000100354.23	335295	345	904	18	24	200	499	24	46	0.00356319126977744	6.50391101944373e-05	-3.9937402582926	-1.95137015863026
chr22	46090148	46090248	8733541	0	+	INTRON	INTRON	lncRNA	MIRLET7BHG	ENSG00000197182.17	336119	51	639	47	502	130	1810	31	197	0.00356319126977744	5.98748635292765e-05	4.01330343924049	2.02952368571811
chr22	46094733	46094833	8733587	0	+	INTRON	INTRON	lncRNA	MIRLET7BHG	ENSG00000197182.17	336119	51	639	18	145	130	1810	10	41	0.00356319126977744	6.17354149819613e-05	4.0060774444331	2.49227692945795
chr22	46091843	46091942	8733558	0	+	INTRON	INTRON	lncRNA	MIRLET7BHG	ENSG00000197182.17	336119	51	639	32	431	130	1810	22	123	0.00410276211203747	8.4593033237886e-05	3.93100067852908	2.28501119166885
chr22	46087955	46088055	8733519	0	+	INTRON	INTRON	lncRNA	MIRLET7BHG	ENSG00000197182.17	336119	51	639	44	537	130	1810	30	182	0.00410276211203747	8.43224068734079e-05	3.93177089527216	2.12430020758069
chr22	46089151	46089251	8733531	0	+	INTRON	INTRON	lncRNA	MIRLET7BHG	ENSG00000197182.17	336119	51	639	79	919	130	1810	56	366	0.00784181575634536	0.00016842387792838	3.76220207559002	1.9274916679915
chr22	46112343	46112442	8733767	0	+	EXON_LNCRNA	EXON_LNCRNA:SS3_PROX:INTRON	lncRNA	MIRLET7BHG	ENSG00000197182.17	336130	28	209	20	148	42	547	9	43	0.00856719901996192	0.000191363551992277	3.7301529703001	2.23370087720448
chr22	46092939	46093039	8733569	0	+	INTRON	INTRON	lncRNA	MIRLET7BHG	ENSG00000197182.17	336119	51	639	37	273	130	1810	23	149	0.00860724611269953	0.000214441698684095	3.70136623269938	1.81014749775595
chr22	46112541	46112640	8733769	0	+	EXON_LNCRNA	EXON_LNCRNA:SS3_ADJ:SS3_PROX:INTRON	lncRNA	MIRLET7BHG	ENSG00000197182.17	336130	28	209	33	303	42	547	18	83	0.00860724611269953	0.000212357474261619	3.70384328839973	2.10743880034574
chr22	42570997	42571096	8808003	0	-	INTRON	INTRON	lncRNA	RRP7BP	ENSG00000291035.2	339507	142	479	19	50	124	483	4	7	0.00860724611269953	0.000204654749202666	3.71320034477881	2.1701373584249
chr22	46093736	46093836	8733577	0	+	INTRON	INTRON	lncRNA	MIRLET7BHG	ENSG00000197182.17	336119	51	639	34	179	130	1810	16	81	0.00885857902818288	0.000235924355561571	3.67707428190841	2.14352042936718
chr22	31629162	31629261	8780337	0	-	INTRON	INTRON	protein_coding	PISD	ENSG00000241878.13	338332	218	668	26	36	191	581	2	5	0.00885857902818288	0.000231155648642191	3.6822818471134	2.6146391266254
chr22	46112640	46112739	8733770	0	+	EXON_LNCRNA	EXON_LNCRNA:SS3_ADJ:SS3_PROX:INTRON	lncRNA	MIRLET7BHG	ENSG00000197182.17	336130	28	209	26	183	42	547	12	40	0.00982524833104453	0.000270109919753802	3.64239809526373	2.38890774628151
chr22	46102691	46102791	8733668	0	+	SS3_PROX	SS3_PROX:INTRON	lncRNA	MIRLET7BHG	ENSG00000197182.17	336123	15	201	52	510	47	578	38	165	0.0101897621400172	0.000288885009124199	3.62506837540168	2.14520571083926
chr22	46103253	46103353	8733674	0	+	SS5_ADJ	SS5_ADJ:SS5_PROX:INTRON	lncRNA	MIRLET7BHG	ENSG00000197182.17	336125	3	86	60	579	19	273	35	181	0.0108826588543009	0.000317878351414288	3.6002770034369	2.56139718183968
chr22	46092839	46092939	8733568	0	+	INTRON	INTRON	lncRNA	MIRLET7BHG	ENSG00000197182.17	336119	51	639	28	213	130	1810	18	90	0.0115184313697982	0.000351388526386557	3.57413431650797	2.0007241567502
chr22	46112442	46112541	8733768	0	+	EXON_LNCRNA	EXON_LNCRNA:SS3_PROX:INTRON	lncRNA	MIRLET7BHG	ENSG00000197182.17	336130	28	209	49	300	42	547	23	71	0.0115184313697982	0.000356240145457675	3.57054433744806	2.23030484889204
chr22	46090647	46090746	8733546	0	+	INTRON	INTRON	lncRNA	MIRLET7BHG	ENSG00000197182.17	336119	51	639	23	341	130	1810	20	134	0.0138877073766773	0.000441447743073077	3.51397898052779	1.93371115123242
chr22	46084118	46084217	8733478	0	+	INTRON	INTRON	lncRNA	MIRLET7BHG	ENSG00000197182.17	336113	15	223	27	258	39	405	13	86	0.0141585681097788	0.000482326529190085	3.49038423499508	2.0115602554135
chr22	46073577	46073677	8733372	0	+	INTRON	INTRON	lncRNA	MIRLET7BHG	ENSG00000197182.17	336111	57	781	28	262	127	1742	16	70	0.0141585681097788	0.000462263919071017	3.50172070898245	2.1599853590311
chr22	46088155	46088254	8733521	0	+	INTRON	INTRON	lncRNA	MIRLET7BHG	ENSG00000197182.17	336119	51	639	39	498	130	1810	32	205	0.0141585681097788	0.00048932145834794	3.4865349407956	1.85756021821093
chr22	46111650	46111749	8733760	0	+	EXON_LNCRNA	EXON_LNCRNA:INTRON	lncRNA	MIRLET7BHG	ENSG00000197182.17	336130	28	209	14	121	42	547	7	39	0.0141585681097788	0.000498712450602175	3.48144700822156	2.11042858640416
chr22	46086160	46086260	8733501	0	+	SS5_ADJ	SS5_ADJ:SS5_PROX:INTRON	lncRNA	MIRLET7BHG	ENSG00000197182.17	336119	51	639	52	467	130	1810	34	140	0.014516336998802	0.000536256435522756	3.46196020748931	2.1510728233613
chr22	46086260	46086360	8733502	0	+	SS5_PROX	SS5_PROX:INTRON	lncRNA	MIRLET7BHG	ENSG00000197182.17	336119	51	639	30	419	130	1810	25	145	0.014516336998802	0.000527114666554002	3.46658519117956	2.0028421144844
chr22	46074275	46074375	8733379	0	+	INTRON	INTRON	lncRNA	MIRLET7BHG	ENSG00000197182.17	336111	57	781	32	399	127	1742	21	108	0.0159099040031079	0.000601405305959405	3.43097983452995	2.05867036972239
chr22	46089251	46089351	8733532	0	+	INTRON	INTRON	lncRNA	MIRLET7BHG	ENSG00000197182.17	336119	51	639	36	353	130	1810	28	159	0.0159130903181722	0.000651829653238191	3.40907747392456	1.8077770619059
chr22	46078962	46079062	8733426	0	+	INTRON	INTRON	lncRNA	MIRLET7BHG	ENSG00000197182.17	336111	57	781	35	317	127	1742	21	110	0.0159130903181722	0.000659568717394802	3.40585635867761	1.91001318129241
chr22	46102101	46102200	8733662	0	+	INTRON	INTRON	lncRNA	MIRLET7BHG	ENSG00000197182.17	336123	15	201	42	357	47	578	33	172	0.0159130903181722	0.000668186049597117	3.40231078999315	1.82350509866592
chr22	46086759	46086859	8733507	0	+	INTRON	INTRON	lncRNA	MIRLET7BHG	ENSG00000197182.17	336119	51	639	53	341	130	1810	32	166	0.0159130903181722	0.000616261024963387	3.42435481729001	1.87466655501842
chr22	46083624	46083723	8733473	0	+	INTRON	INTRON	lncRNA	MIRLET7BHG	ENSG00000197182.17	336113	15	223	33	314	39	405	16	146	0.0159130903181722	0.000732974169765669	3.37693857350825	1.69424272893523
chr22	46086660	46086759	8733506	0	+	INTRON	INTRON	lncRNA	MIRLET7BHG	ENSG00000197182.17	336119	51	639	22	188	130	1810	16	72	0.0159130903181722	0.000704173900752767	3.38794886943742	2.01125631945226
chr22	46097125	46097225	8733611	0	+	INTRON	INTRON	lncRNA	MIRLET7BHG	ENSG00000197182.17	336119	51	639	14	99	130	1810	9	57	0.0159130903181722	0.000701783016714773	3.38888161559111	1.80668880677981
chr22	46075073	46075173	8733387	0	+	INTRON	INTRON	lncRNA	MIRLET7BHG	ENSG00000197182.17	336111	57	781	46	551	127	1742	30	163	0.0159130903181722	0.000738236148781184	3.37497045888977	1.95235049312914
chr22	46112838	46112937	8733772	0	+	EXON_LNCRNA	EXON_LNCRNA	lncRNA	MIRLET7BHG	ENSG00000197182.17	336130	28	209	45	272	42	547	22	63	0.0159130903181722	0.000708790530010387	3.38615609967236	2.20671185286312
chr22	46113135	46113234	8733775	0	+	EXON_LNCRNA	EXON_LNCRNA	lncRNA	MIRLET7BHG	ENSG00000197182.17	336130	28	209	19	199	42	547	11	35	0.0159130903181722	0.000734509976920918	3.37636278973378	2.42773677968877
chr22	46075671	46075771	8733393	0	+	INTRON	INTRON	lncRNA	MIRLET7BHG	ENSG00000197182.17	336111	57	781	25	210	127	1742	14	52	0.0163603280374896	0.00077303955503602	3.36227192952155	2.21855511799589
chr22	46089052	46089151	8733530	0	+	INTRON	INTRON	lncRNA	MIRLET7BHG	ENSG00000197182.17	336119	51	639	41	386	130	1810	30	136	0.0172562311543546	0.000830196687838364	3.34252569470242	1.98856093067745
chr22	46075871	46075971	8733395	0	+	INTRON	INTRON	lncRNA	MIRLET7BHG	ENSG00000197182.17	336111	57	781	58	683	127	1742	40	261	0.0199559808608813	0.000984990321390346	3.29477922581686	1.71814025323417
chr22	46107767	46107867	8733720	0	+	INTRON	INTRON	lncRNA	MIRLET7BHG	ENSG00000197182.17	336127	9	164	19	95	31	487	7	39	0.0199559808608813	0.000994370180353192	3.29211478429473	2.56985727232768
chr22	46107667	46107767	8733719	0	+	INTRON	INTRON	lncRNA	MIRLET7BHG	ENSG00000197182.17	336127	9	164	67	403	31	487	38	210	0.0215469617078239	0.00109215699378145	3.26564337790761	1.97863659349848
chr22	46091743	46091843	8733557	0	+	INTRON	INTRON	lncRNA	MIRLET7BHG	ENSG00000197182.17	336119	51	639	46	463	130	1810	35	156	0.0217472285489889	0.00115021385982784	3.25094678158296	1.9771363418238
chr22	46097325	46097425	8733613	0	+	INTRON	INTRON	lncRNA	MIRLET7BHG	ENSG00000197182.17	336119	51	639	38	117	130	1810	11	84	0.0217472285489889	0.00115835753439632	3.24894038050427	2.1414865261044
chr22	46100727	46100825	8733648	0	+	INTRON	INTRON	lncRNA	MIRLET7BHG	ENSG00000197182.17	336123	15	201	72	439	47	578	50	214	0.0217472285489889	0.00114924403415624	3.25118659703921	1.82642448963339
chr22	46088055	46088155	8733520	0	+	INTRON	INTRON	lncRNA	MIRLET7BHG	ENSG00000197182.17	336119	51	639	43	474	130	1810	36	199	0.0222651407103943	0.00121799096535162	3.23463319212218	1.78764926115189
chr22	46112244	46112343	8733766	0	+	EXON_LNCRNA	EXON_LNCRNA:SS3_PROX:INTRON	lncRNA	MIRLET7BHG	ENSG00000197182.17	336130	28	209	26	190	42	547	14	38	0.0222651407103943	0.00122420017651652	3.23318089505523	2.29536760415358
chr22	46102891	46102991	8733670	0	+	SS3_PROX	SS3_PROX:INTRON	lncRNA	MIRLET7BHG	ENSG00000197182.17	336123	15	201	47	738	47	578	46	243	0.0244187966417822	0.00140417593043668	3.19379129424866	1.99102572065877
chr22	46087158	46087258	8733511	0	+	INTRON	INTRON	lncRNA	MIRLET7BHG	ENSG00000197182.17	336119	51	639	66	794	130	1810	52	238	0.0244187966417822	0.00139137894447836	3.19643350159498	2.01431010024412
chr22	46093238	46093338	8733572	0	+	INTRON	INTRON	lncRNA	MIRLET7BHG	ENSG00000197182.17	336119	51	639	20	138	130	1810	14	73	0.0244187966417822	0.00140554929123661	3.19350905561931	1.78789290404726
chr22	46102494	46102592	8733666	0	+	INTRON	INTRON	lncRNA	MIRLET7BHG	ENSG00000197182.17	336123	15	201	60	650	47	578	54	256	0.0248609325255402	0.00146214690199839	3.18209333589884	1.84709898250105
chr22	46082834	46082933	8733465	0	+	INTRON	INTRON	lncRNA	MIRLET7BHG	ENSG00000197182.17	336113	15	223	17	121	39	405	6	52	0.0248609325255402	0.00147371507239027	3.17981027126847	1.9601464801827
chr22	46088354	46088454	8733523	0	+	INTRON	INTRON	lncRNA	MIRLET7BHG	ENSG00000197182.17	336119	51	639	38	309	130	1810	26	85	0.0266876485857059	0.00160492732044623	3.15500976784709	2.1605040338937
chr22	46089849	46089949	8733538	0	+	INTRON	INTRON	lncRNA	MIRLET7BHG	ENSG00000197182.17	336119	51	639	25	148	130	1810	16	74	0.0285527617237538	0.00176615020971673	3.12697487365164	1.85769693756608
chr22	36372625	36372725	8793151	0	-	INTRON	INTRON	protein_coding	MYH9	ENSG00000100345.24	338610	143	470	16	34	112	384	2	5	0.0285527617237538	0.00176165969434966	3.12772325652623	2.15148979656324
chr22	46099843	46099941	8733639	0	+	INTRON	INTRON	lncRNA	MIRLET7BHG	ENSG00000197182.17	336123	15	201	38	382	47	578	35	176	0.0287023695504601	0.00182472108825949	3.11737047510699	1.75629381726965
chr22	46081846	46081945	8733455	0	+	INTRON	INTRON	lncRNA	MIRLET7BHG	ENSG00000197182.17	336113	15	223	38	279	39	405	19	134	0.0287023695504601	0.00181589644801197	3.11879923913821	1.62726268261468
chr22	44965866	44965966	8817320	0	-	INTRON	INTRON	protein_coding	PHF21B	ENSG00000056487.18	339822	132	402	16	44	368	1625	11	48	0.0290473372409524	0.0018716067809892	3.10988424010451	1.46007696764956
chr22	46102991	46103091	8733671	0	+	SS3_PROX	SS3_PROX:INTRON	lncRNA	MIRLET7BHG	ENSG00000197182.17	336123	15	201	43	470	47	578	38	142	0.0293357814010643	0.00192000105407009	3.10233568197405	2.0418472149471
chr22	46088852	46088952	8733528	0	+	INTRON	INTRON	lncRNA	MIRLET7BHG	ENSG00000197182.17	336119	51	639	35	343	130	1810	29	134	0.0293357814010643	0.0019657997846074	3.09535120366757	1.83672245764001
chr22	46092441	46092540	8733564	0	+	INTRON	INTRON	lncRNA	MIRLET7BHG	ENSG00000197182.17	336119	51	639	18	73	130	1810	8	44	0.0293357814010643	0.00194337296672794	3.0987524926655	1.97687359024771
chr22	46102298	46102396	8733664	0	+	INTRON	INTRON	lncRNA	MIRLET7BHG	ENSG00000197182.17	336123	15	201	106	816	47	578	83	360	0.0325950327943171	0.00221220583397856	3.06015755336098	1.79669465271765
chr22	46113432	46113531	8733778	0	+	EXON_LNCRNA	EXON_LNCRNA	lncRNA	MIRLET7BHG	ENSG00000197182.17	336130	28	209	26	232	42	547	17	57	0.0326911225666211	0.00229919108566534	3.048588593423	2.0266857990915
chr22	46099647	46099745	8733637	0	+	INTRON	INTRON	lncRNA	MIRLET7BHG	ENSG00000197182.17	336123	15	201	46	409	47	578	42	209	0.0326911225666211	0.00235219977095161	3.04173359085572	1.65577233311729
chr22	46094833	46094933	8733588	0	+	INTRON	INTRON	lncRNA	MIRLET7BHG	ENSG00000197182.17	336119	51	639	88	356	130	1810	42	156	0.0326911225666211	0.00227992600080717	3.0511158326897	2.07566206632166
chr22	46089550	46089650	8733535	0	+	INTRON	INTRON	lncRNA	MIRLET7BHG	ENSG00000197182.17	336119	51	639	29	362	130	1810	26	110	0.0326911225666211	0.0023591531749108	3.0408449061191	1.98191752507459
chr22	46086360	46086460	8733503	0	+	SS5_PROX	SS5_PROX:INTRON	lncRNA	MIRLET7BHG	ENSG00000197182.17	336119	51	639	53	430	130	1810	42	228	0.0326911225666211	0.00231329690374976	3.046750429923	1.61748089458854
chr22	46076170	46076270	8733398	0	+	INTRON	INTRON	lncRNA	MIRLET7BHG	ENSG00000197182.17	336111	57	781	35	261	127	1742	21	86	0.033184052791929	0.00248025136846892	3.02574041634438	1.89848120185863
chr22	46092241	46092341	8733562	0	+	INTRON	INTRON	lncRNA	MIRLET7BHG	ENSG00000197182.17	336119	51	639	18	168	130	1810	16	77	0.033184052791929	0.00247962344944976	3.0258169794755	1.75912788124521
chr22	46113234	46113333	8733776	0	+	EXON_LNCRNA	EXON_LNCRNA	lncRNA	MIRLET7BHG	ENSG00000197182.17	336130	28	209	19	177	42	547	12	30	0.033184052791929	0.00247685084794026	3.02615525927548	2.32695637928146
chr22	46094933	46095032	8733589	0	+	INTRON	INTRON	lncRNA	MIRLET7BHG	ENSG00000197182.17	336119	51	639	47	188	130	1810	23	95	0.033255499013261	0.00251416143742866	3.02163182098528	1.99647539893535
chr22	46080655	46080755	8733443	0	+	SS5_ADJ	SS5_ADJ:SS5_PROX:INTRON	lncRNA	MIRLET7BHG	ENSG00000197182.17	336113	15	223	25	273	39	405	14	132	0.0334861566879676	0.00256036765054048	3.01611425256414	1.60420526350799
chr22	46092042	46092142	8733560	0	+	INTRON	INTRON	lncRNA	MIRLET7BHG	ENSG00000197182.17	336119	51	639	22	219	130	1810	20	101	0.0335012077116926	0.00259029956533706	3.01258842851096	1.71712216498787
chr22	46101807	46101905	8733659	0	+	INTRON	INTRON	lncRNA	MIRLET7BHG	ENSG00000197182.17	336123	15	201	36	223	47	578	26	116	0.0340188777857477	0.00265955144201292	3.00457161020031	1.79683018677082
chr22	46102791	46102891	8733669	0	+	SS3_PROX	SS3_PROX:INTRON	lncRNA	MIRLET7BHG	ENSG00000197182.17	336123	15	201	41	375	47	578	36	140	0.034367813680783	0.00271635640775948	2.99813688163245	1.88992146881951
chr22	46094036	46094135	8733580	0	+	INTRON	INTRON	lncRNA	MIRLET7BHG	ENSG00000197182.17	336119	51	639	21	136	130	1810	15	58	0.0350269272825732	0.00279854315917467	2.98904128379905	1.90344790360282
chr22	46090048	46090148	8733540	0	+	INTRON	INTRON	lncRNA	MIRLET7BHG	ENSG00000197182.17	336119	51	639	55	577	130	1810	48	245	0.0353835252075893	0.00285743244803556	2.98267285275664	1.70836253329172
chr22	46083723	46083822	8733474	0	+	INTRON	INTRON	lncRNA	MIRLET7BHG	ENSG00000197182.17	336113	15	223	75	465	39	405	41	208	0.0357071735971454	0.00291424526780826	2.9766415403248	1.56398367180463
chr22	46113828	46113928	8733782	0	+	EXON_LNCRNA	EXON_LNCRNA	lncRNA	MIRLET7BHG	ENSG00000197182.17	336130	28	209	40	126	42	547	15	35	0.0360567814284313	0.00300146431805445	2.96758791674654	2.26850251253852
chr22	46087258	46087357	8733512	0	+	INTRON	INTRON	lncRNA	MIRLET7BHG	ENSG00000197182.17	336119	51	639	31	443	130	1810	31	176	0.0360567814284313	0.00300473178570261	2.96725342931434	1.74879493723795
chr22	20495062	20495160	8756103	0	-	INTRON	INTRON	protein_coding	KLHL22	ENSG00000099910.18	337203	63	253	29	109	81	323	13	28	0.0360870659789919	0.0030382581322519	2.96384040720933	1.58539370262435
chr22	46096926	46097026	8733609	0	+	INTRON	INTRON	lncRNA	MIRLET7BHG	ENSG00000197182.17	336119	51	639	37	186	130	1810	22	80	0.0363606603340358	0.00309253038923501	2.95838756140143	1.95896326900882
chr22	46099941	46100039	8733640	0	+	INTRON	INTRON	lncRNA	MIRLET7BHG	ENSG00000197182.17	336123	15	201	61	375	47	578	45	152	0.0370869539253549	0.00318616442657688	2.94918184355904	1.88680508498523
chr22	46083920	46084019	8733476	0	+	INTRON	INTRON	lncRNA	MIRLET7BHG	ENSG00000197182.17	336113	15	223	38	315	39	405	23	135	0.0413323696456381	0.0035863997716576	2.91242006678232	1.59867057587408
chr22	50301467	50301567	8823894	0	-	INTRON	INTRON	protein_coding	PLXNB2	ENSG00000196576.17	340242	43	253	25	81	59	457	5	44	0.0433579241301885	0.00379940572274848	2.89435315757079	1.63479328175598
chr22	46093537	46093637	8733575	0	+	INTRON	INTRON	lncRNA	MIRLET7BHG	ENSG00000197182.17	336119	51	639	24	303	130	1810	25	146	0.0453271981786831	0.00401091186632677	2.87730227183986	1.60291222818408
chr22	31630856	31630956	8780354	0	-	INTRON	INTRON	protein_coding	PISD	ENSG00000241878.13	338332	218	668	69	174	191	581	20	52	0.046654900196563	0.00420856058474151	2.86209099557978	1.15165951131216
chr22	46100236	46100334	8733643	0	+	INTRON	INTRON	lncRNA	MIRLET7BHG	ENSG00000197182.17	336123	15	201	47	354	47	578	41	169	0.046654900196563	0.00419472375370555	2.86313456363409	1.69844346405582
chr22	46081550	46081648	8733452	0	+	INTRON	INTRON	lncRNA	MIRLET7BHG	ENSG00000197182.17	336113	15	223	48	245	39	405	22	77	0.0491735158437306	0.00447800058370742	2.84236632237514	1.94758682872061
chr22	46094135	46094235	8733581	0	+	INTRON	INTRON	lncRNA	MIRLET7BHG	ENSG00000197182.17	336119	51	639	54	319	130	1810	38	161	0.0559537464456367	0.00514351449285492	2.79790558725048	1.7018413286085
chr22	46107867	46107967	8733721	0	+	INTRON	INTRON	lncRNA	MIRLET7BHG	ENSG00000197182.17	336127	9	164	55	503	31	487	49	274	0.0563210028439468	0.00526714943701905	2.79022456692453	1.62836391013859
chr22	46075771	46075871	8733394	0	+	INTRON	INTRON	lncRNA	MIRLET7BHG	ENSG00000197182.17	336111	57	781	47	318	127	1742	28	96	0.0563210028439468	0.00527404579896065	2.78980093249391	1.89396197440059
chr22	46099058	46099156	8733631	0	+	INTRON	INTRON	lncRNA	MIRLET7BHG	ENSG00000197182.17	336123	15	201	137	559	47	578	85	266	0.0575481445870591	0.00561427890678814	2.76949776729463	1.86456995030409
chr22	46104426	46104523	8733686	0	+	INTRON	INTRON	lncRNA	MIRLET7BHG	ENSG00000197182.17	336125	3	86	37	352	19	273	29	131	0.0575481445870591	0.00563615849048517	2.7682304607476	2.2225975314839
chr22	46107967	46108067	8733722	0	+	INTRON	INTRON	lncRNA	MIRLET7BHG	ENSG00000197182.17	336127	9	164	35	276	31	487	27	146	0.0575481445870591	0.0056243854688353	2.76891182355514	1.77727495795882
chr22	46113630	46113729	8733780	0	+	EXON_LNCRNA	EXON_LNCRNA	lncRNA	MIRLET7BHG	ENSG00000197182.17	336130	28	209	85	197	42	547	29	38	0.0575481445870591	0.00551020665197898	2.77558752023196	2.46538540162657
chr22	46110858	46110957	8733752	0	+	EXON_LNCRNA	EXON_LNCRNA:INTRON	lncRNA	MIRLET7BHG	ENSG00000197182.17	336130	28	209	37	211	42	547	23	80	0.0575481445870591	0.00545626648684911	2.77878476692684	1.69394566711189
chr22	46101709	46101807	8733658	0	+	INTRON	INTRON	lncRNA	MIRLET7BHG	ENSG00000197182.17	336123	15	201	36	199	47	578	26	94	0.0576764041289625	0.00569827016738032	2.76465686675216	1.83571897228285
chr22	46096527	46096627	8733605	0	+	INTRON	INTRON	lncRNA	MIRLET7BHG	ENSG00000197182.17	336119	51	639	65	359	130	1810	44	175	0.0584869700515668	0.00582859839001868	2.75727122135348	1.73730457350824
chr22	46093039	46093138	8733570	0	+	INTRON	INTRON	lncRNA	MIRLET7BHG	ENSG00000197182.17	336119	51	639	42	401	130	1810	40	221	0.058618741819537	0.00589209002825243	2.75372696464569	1.47801894224997
chr22	46106669	46106768	8733709	0	+	INTRON	INTRON	lncRNA	MIRLET7BHG	ENSG00000197182.17	336127	9	164	68	292	31	487	37	169	0.060126501939601	0.0061469533769867	2.73983768148874	1.92874773327538
chr22	46087557	46087656	8733515	0	+	INTRON	INTRON	lncRNA	MIRLET7BHG	ENSG00000197182.17	336119	51	639	20	322	130	1810	23	116	0.060126501939601	0.00610459336972249	2.7421097891225	1.76631448557076
chr22	46100432	46100530	8733645	0	+	INTRON	INTRON	lncRNA	MIRLET7BHG	ENSG00000197182.17	336123	15	201	66	501	47	578	59	200	0.061011296649259	0.00628982439683083	2.73227695177094	1.75034890289031
chr22	46091643	46091743	8733556	0	+	INTRON	INTRON	lncRNA	MIRLET7BHG	ENSG00000197182.17	336119	51	639	28	252	130	1810	24	69	0.062948954806913	0.00654366282786638	2.71921717700955	1.98894337473462
chr22	46090248	46090348	8733542	0	+	INTRON	INTRON	lncRNA	MIRLET7BHG	ENSG00000197182.17	336119	51	639	42	474	130	1810	40	158	0.0643162632959147	0.00678100231159074	2.70741211000843	1.79586749551122
chr22	46087058	46087158	8733510	0	+	INTRON	INTRON	lncRNA	MIRLET7BHG	ENSG00000197182.17	336119	51	639	40	557	130	1810	40	157	0.0643162632959147	0.00679630617302192	2.70666372054163	1.89508713538646
chr22	46103849	46103945	8733680	0	+	INTRON	INTRON	lncRNA	MIRLET7BHG	ENSG00000197182.17	336125	3	86	49	278	19	273	30	119	0.0651260764328918	0.00693782944817748	2.69981379470925	2.2540651479348
chr22	46074175	46074275	8733378	0	+	INTRON	INTRON	lncRNA	MIRLET7BHG	ENSG00000197182.17	336111	57	781	53	469	127	1742	36	112	0.0704362149369645	0.00759526884102835	2.6695512172319	1.9255692677522
chr22	46111749	46111848	8733761	0	+	EXON_LNCRNA	EXON_LNCRNA:INTRON	lncRNA	MIRLET7BHG	ENSG00000197182.17	336130	28	209	20	82	42	547	10	27	0.0704362149369645	0.00762453873028997	2.66825930610846	1.98596776497484
chr22	46102003	46102101	8733661	0	+	INTRON	INTRON	lncRNA	MIRLET7BHG	ENSG00000197182.17	336123	15	201	38	376	47	578	40	165	0.0714563193392854	0.00779635099320381	2.66076430882656	1.65303108025377
chr22	46107068	46107168	8733713	0	+	INTRON	INTRON	lncRNA	MIRLET7BHG	ENSG00000197182.17	336127	9	164	49	553	31	487	51	305	0.0730742152457293	0.00803565253561285	2.65056810177964	1.53416310757019
chr22	19953636	19953735	8665047	0	+	INTRON	INTRON	protein_coding	COMT	ENSG00000093010.16	332597	84	241	16	20	129	302	3	8	0.0730837152876752	0.00809948391074751	2.64789432463361	1.81653195706186
chr22	31625474	31625574	8780300	0	-	INTRON	INTRON	protein_coding	PISD	ENSG00000241878.13	338332	218	668	19	80	191	581	7	15	0.0738630797106648	0.00824931302610518	2.64169161149638	1.48334624111811
chr22	46102592	46102691	8733667	0	+	INTRON	INTRON	lncRNA	MIRLET7BHG	ENSG00000197182.17	336123	15	201	33	276	47	578	31	103	0.0740607828714456	0.0083350193781438	2.63818867385519	1.81610802897375
chr22	46103353	46103453	8733675	0	+	SS5_PROX	SS5_PROX:INTRON	lncRNA	MIRLET7BHG	ENSG00000197182.17	336125	3	86	59	464	19	273	48	190	0.0746440150915524	0.00871951299153371	2.62285986088918	2.0534799431866
chr22	46091145	46091245	8733551	0	+	INTRON	INTRON	lncRNA	MIRLET7BHG	ENSG00000197182.17	336119	51	639	35	244	130	1810	30	162	0.0746440150915524	0.00869917489643721	2.62365540574735	1.40875296693256
chr22	46100629	46100727	8733647	0	+	INTRON	INTRON	lncRNA	MIRLET7BHG	ENSG00000197182.17	336123	15	201	35	236	47	578	31	136	0.0746440150915524	0.00853969901952121	2.62995173938094	1.56865095907927
chr22	31625175	31625275	8780297	0	-	INTRON	INTRON	protein_coding	PISD	ENSG00000241878.13	338332	218	668	25	94	191	581	9	20	0.0746440150915524	0.00872129385949409	2.62279027944749	1.36276264297641
chr22	46073677	46073777	8733373	0	+	INTRON	INTRON	lncRNA	MIRLET7BHG	ENSG00000197182.17	336111	57	781	56	385	127	1742	37	162	0.0746440150915524	0.00850266440365393	2.6314289482636	1.59932524421433
chr22	46074973	46075073	8733386	0	+	INTRON	INTRON	lncRNA	MIRLET7BHG	ENSG00000197182.17	336111	57	781	73	551	127	1742	50	206	0.0796404014156815	0.00945595638366969	2.59511394836801	1.62919653156381
chr22	50307352	50307452	8823953	0	-	SS5_PROX	SS5_PROX:INTRON	protein_coding	PLXNB2	ENSG00000196576.17	340242	43	253	66	180	59	457	23	124	0.0796404014156815	0.0094252560001712	2.59623142067283	1.24051735483173
chr22	46090946	46091045	8733549	0	+	INTRON	INTRON	lncRNA	MIRLET7BHG	ENSG00000197182.17	336119	51	639	33	188	130	1810	25	96	0.0796404014156815	0.00958959999900583	2.59028680522926	1.65719925192054
chr22	46108766	46108866	8733730	0	+	SS3_PROX	SS3_PROX:INTRON	lncRNA	MIRLET7BHG	ENSG00000197182.17	336127	9	164	38	222	31	487	25	84	0.0796404014156815	0.00961587089264679	2.58934497415329	2.05845168152217
chr22	44993251	44993351	8817594	0	-	INTRON	INTRON	protein_coding	PHF21B	ENSG00000056487.18	339822	132	402	13	30	368	1625	10	38	0.0796404014156815	0.0096471620271573	2.58822615261006	1.27501002999372
chr22	50293091	50293191	8823810	0	-	INTRON	INTRON	protein_coding	PLXNB2	ENSG00000196576.17	340242	43	253	17	42	59	457	5	19	0.0844728473103311	0.0103051068024631	2.56541971019956	1.7145162534295
chr22	42923353	42923453	8810235	0	-	INTRON	INTRON	protein_coding	PACSIN2	ENSG00000100266.20	339621	729	3708	30	40	254	1002	1	1	0.0846132600460504	0.0106130034078379	2.55518939309185	3.13357978450929
chr22	50290997	50291097	8823789	0	-	SS3_PROX	SS3_PROX:INTRON	protein_coding	PLXNB2	ENSG00000196576.17	340242	43	253	21	77	59	457	6	46	0.0846132600460504	0.010596716835349	2.55572388232958	1.36938879023318
chr22	23385873	23385972	8760174	0	-	INTRON	INTRON	lncRNA	ENSG00000290920	ENSG00000290920.2	337412	78	303	33	72	125	607	14	59	0.0846132600460504	0.0104704253612654	2.55989347017441	1.10103593089989
chr22	23385773	23385873	8760173	0	-	INTRON	INTRON	lncRNA	ENSG00000290920	ENSG00000290920.2	337412	78	303	18	56	125	607	8	40	0.0846132600460504	0.010489140672439	2.55927275886617	1.1571271378233
chr22	46110066	46110165	8733744	0	+	EXON_LNCRNA	EXON_LNCRNA:SS5_PROX:INTRON	lncRNA	MIRLET7BHG	ENSG00000197182.17	336130	28	209	46	216	42	547	26	42	0.0867559955777454	0.0109562984105916	2.54408957490133	2.0777468012
chr22	46107368	46107467	8733716	0	+	INTRON	INTRON	lncRNA	MIRLET7BHG	ENSG00000197182.17	336127	9	164	69	523	31	487	61	285	0.0879318230561476	0.0111803348903005	2.53701128860574	1.58680175430135
chr22	46096428	46096527	8733604	0	+	INTRON	INTRON	lncRNA	MIRLET7BHG	ENSG00000197182.17	336119	51	639	31	155	130	1810	22	64	0.0882808140357567	0.011599886173069	2.52408807646398	1.82154561696988
chr22	46085828	46085912	8733497	0	+	SS3_ADJ	SS3_ADJ:SSB_PROX:SS3_PROX:SS5_PROX:INTRON	lncRNA	MIRLET7BHG	ENSG00000197182.17	336117	1	5	59	467	1	30	45	217	0.0882808140357567	0.0114855033795763	2.52756966882652	2.42329718221635
chr22	46080457	46080556	8733441	0	+	EXON_LNCRNA	EXON_LNCRNA:INTRON	lncRNA	MIRLET7BHG	ENSG00000197182.17	336112	2	38	94	705	8	85	64	319	0.0882808140357567	0.011603921432535	2.52396580814624	1.61951158938696
chr22	46113729	46113828	8733781	0	+	EXON_LNCRNA	EXON_LNCRNA	lncRNA	MIRLET7BHG	ENSG00000197182.17	336130	28	209	29	149	42	547	18	43	0.0882808140357567	0.0114269766046528	2.52936302842169	1.85315361419614
chr22	46100825	46100923	8733649	0	+	INTRON	INTRON	lncRNA	MIRLET7BHG	ENSG00000197182.17	336123	15	201	23	229	47	578	25	104	0.0882808140357567	0.0113485206352805	2.53177988624535	1.65496775327509
chr22	46104041	46104138	8733682	0	+	INTRON	INTRON	lncRNA	MIRLET7BHG	ENSG00000197182.17	336125	3	86	46	410	19	273	42	202	0.0905331610164972	0.0119777549798459	2.51279902090554	1.88476645799706
chr22	46096328	46096428	8733603	0	+	INTRON	INTRON	lncRNA	MIRLET7BHG	ENSG00000197182.17	336119	51	639	26	141	130	1810	20	76	0.0918655140565152	0.0122329507549483	2.5053522160375	1.62403234745852
chr22	46085728	46085812	8733495	0	+	SS5_ADJ	SS5_ADJ:SSB_PROX:SS3_PROX:SS5_PROX:INTRON	lncRNA	MIRLET7BHG	ENSG00000197182.17	336117	1	5	53	333	1	30	36	173	0.0930124443321618	0.0125454929210906	2.49641726887717	2.41651196062952
chr22	46094634	46094733	8733586	0	+	INTRON	INTRON	lncRNA	MIRLET7BHG	ENSG00000197182.17	336119	51	639	83	318	130	1810	49	156	0.0930124443321618	0.0125059082933272	2.4975379372064	1.80990441031052
chr22	46102396	46102494	8733665	0	+	INTRON	INTRON	lncRNA	MIRLET7BHG	ENSG00000197182.17	336123	15	201	49	546	47	578	57	218	0.0937915156363559	0.0127974524137522	2.48935662506702	1.61721160747019
chr22	46104619	46104715	8733688	0	+	INTRON	INTRON	lncRNA	MIRLET7BHG	ENSG00000197182.17	336125	3	86	75	574	19	273	67	246	0.0937915156363559	0.0130588780147631	2.48215957451845	1.91853481308072
chr22	46092740	46092839	8733567	0	+	INTRON	INTRON	lncRNA	MIRLET7BHG	ENSG00000197182.17	336119	51	639	29	207	130	1810	26	96	0.0937915156363559	0.012844105208825	2.48806279538822	1.60827491679908
chr22	50397822	50397921	8744922	0	+	INTRON	INTRON	protein_coding	PPP6R2	ENSG00000100239.17	336427	154	558	34	88	127	547	8	35	0.0937915156363559	0.0131340352652285	2.48011408374304	1.03761325485531
chr22	20492993	20493092	8756082	0	-	INTRON	INTRON	protein_coding	KLHL22	ENSG00000099910.18	337203	63	253	19	48	81	323	5	21	0.0937915156363559	0.0129556914927385	2.48498494126723	1.39712983831856
chr22	31592761	31592861	8703552	0	+	INTRON	INTRON	protein_coding	SFI1	ENSG00000198089.17	334365	19	62	27	70	35	96	6	33	0.0937915156363559	0.0130598539407386	2.48213294692989	1.80127132963649
chr22	44966166	44966266	8817323	0	-	INTRON	INTRON	protein_coding	PHF21B	ENSG00000056487.18	339822	132	402	23	33	368	1625	19	39	0.0938214110591769	0.0132188242385782	2.47781884283142	1.35314062939943
chr22	46109967	46110066	8733743	0	+	EXON_LNCRNA	EXON_LNCRNA:SS5_ADJ:SS5_PROX:INTRON	lncRNA	MIRLET7BHG	ENSG00000197182.17	336130	28	209	50	161	42	547	25	65	0.0945379529354946	0.0134009984831242	2.47293107763874	1.76609463126214
chr22	50299971	50300071	8823879	0	-	INTRON	INTRON	protein_coding	PLXNB2	ENSG00000196576.17	340242	43	253	130	444	59	457	72	269	0.095669813253794	0.0136436331616235	2.46651154111992	1.02841832424108
chr22	46104811	46104908	8733690	0	+	INTRON	INTRON	lncRNA	MIRLET7BHG	ENSG00000197182.17	336125	3	86	28	323	19	273	28	132	0.0961267142718683	0.0140391249366131	2.45626075090146	2.01374086605048
chr22	23386569	23386669	8760181	0	-	INTRON	INTRON	lncRNA	ENSG00000290920	ENSG00000290920.2	337412	78	303	42	84	125	607	24	55	0.0961267142718683	0.0139630604715274	2.45821229742567	1.14054581601179
chr22	46092142	46092241	8733561	0	+	INTRON	INTRON	lncRNA	MIRLET7BHG	ENSG00000197182.17	336119	51	639	46	526	130	1810	48	180	0.0961267142718683	0.013852619243166	2.46106260259764	1.68425910081139
chr22	50395132	50395232	8744895	0	+	INTRON	INTRON	protein_coding	PPP6R2	ENSG00000100239.17	336427	154	558	18	35	127	547	2	13	0.0961267142718683	0.0140199123641669	2.45675279529571	1.39100744463192
chr22	46089351	46089450	8733533	0	+	INTRON	INTRON	lncRNA	MIRLET7BHG	ENSG00000197182.17	336119	51	639	46	321	130	1810	40	141	0.0978321792923934	0.0143722531434702	2.44782226913823	1.61714761704039
chr22	46099254	46099352	8733633	0	+	INTRON	INTRON	lncRNA	MIRLET7BHG	ENSG00000197182.17	336123	15	201	96	336	47	578	63	152	0.0980386359052775	0.0150269722348253	2.43172836302048	1.82686501377842
chr22	46074375	46074475	8733380	0	+	INTRON	INTRON	lncRNA	MIRLET7BHG	ENSG00000197182.17	336111	57	781	54	395	127	1742	39	143	0.0980386359052775	0.0150763881675641	2.43053888564411	1.60875685244681
chr22	46088952	46089052	8733529	0	+	INTRON	INTRON	lncRNA	MIRLET7BHG	ENSG00000197182.17	336119	51	639	53	510	130	1810	51	165	0.0980386359052775	0.0147005015564114	2.43967448452376	1.73377627486476
chr22	31626471	31626570	8780310	0	-	INTRON	INTRON	protein_coding	PISD	ENSG00000241878.13	338332	218	668	34	80	191	581	8	28	0.0980386359052775	0.0145201899240316	2.44413008571086	1.11183286467495
chr22	31631653	31631753	8780362	0	-	INTRON	INTRON	protein_coding	PISD	ENSG00000241878.13	338332	218	668	13	45	191	581	3	11	0.0980386359052775	0.0147486129741059	2.4384937685671	1.45894160120436
chr22	31630956	31631055	8780355	0	-	INTRON	INTRON	protein_coding	PISD	ENSG00000241878.13	338332	218	668	38	100	191	581	7	36	0.0980386359052775	0.0150198601186543	2.431899840354	1.1743359398189
chr22	42570897	42570997	8808002	0	-	INTRON	INTRON	lncRNA	RRP7BP	ENSG00000291035.2	339507	142	479	16	75	124	483	4	24	0.0980386359052775	0.0149831672045938	2.43278566630327	1.22678000149618
chr22	50291495	50291595	8823794	0	-	INTRON	INTRON	protein_coding	PLXNB2	ENSG00000196576.17	340242	43	253	17	71	59	457	9	31	0.0980386359052775	0.0150095368195698	2.43214886850789	1.39118759519175
chr22	46084612	46084711	8733483	0	+	INTRON	INTRON	lncRNA	MIRLET7BHG	ENSG00000197182.17	336113	15	223	37	315	39	405	27	94	0.0989662129312496	0.0159618794075526	2.4097860141756	1.67077862222004
chr22	46092540	46092640	8733565	0	+	INTRON	INTRON	lncRNA	MIRLET7BHG	ENSG00000197182.17	336119	51	639	76	390	130	1810	56	195	0.0989662129312496	0.0158464819941558	2.41243225543057	1.62476354510894
chr22	46104523	46104619	8733687	0	+	INTRON	INTRON	lncRNA	MIRLET7BHG	ENSG00000197182.17	336125	3	86	35	384	19	273	36	157	0.0989662129312496	0.0167210329834058	2.39278506970139	1.9513602754571
chr22	46105108	46105208	8733693	0	+	SS3_PROX	SS3_PROX:INTRON	lncRNA	MIRLET7BHG	ENSG00000197182.17	336125	3	86	113	518	19	273	83	330	0.0989662129312496	0.0166704258046601	2.39389708062566	1.79280511543822
chr22	46104234	46104330	8733684	0	+	INTRON	INTRON	lncRNA	MIRLET7BHG	ENSG00000197182.17	336125	3	86	61	348	19	273	46	165	0.0989662129312496	0.0163748283226962	2.40045222012569	1.98566779936099
chr22	50303162	50303262	8823911	0	-	INTRON	INTRON	protein_coding	PLXNB2	ENSG00000196576.17	340242	43	253	38	82	59	457	12	49	0.0989662129312496	0.0164618445609661	2.39851183383101	1.45368066497648
chr22	46093637	46093736	8733576	0	+	INTRON	INTRON	lncRNA	MIRLET7BHG	ENSG00000197182.17	336119	51	639	16	133	130	1810	17	70	0.0989662129312496	0.0167657724656436	2.39180445006314	1.48971034414699
chr22	46104908	46105008	8733691	0	+	SS3_PROX	SS3_PROX:INTRON	lncRNA	MIRLET7BHG	ENSG00000197182.17	336125	3	86	57	414	19	273	50	193	0.0989662129312496	0.0168396941781989	2.39018922372763	1.89681105747207
chr22	50299373	50299473	8823873	0	-	INTRON	INTRON	protein_coding	PLXNB2	ENSG00000196576.17	340242	43	253	34	63	59	457	9	37	0.0989662129312496	0.0159263119038952	2.41059983366798	1.60373494756355
chr22	46079760	46079860	8733434	0	+	INTRON	INTRON	lncRNA	MIRLET7BHG	ENSG00000197182.17	336111	57	781	34	384	127	1742	32	178	0.0989662129312496	0.0156994816259427	2.4158278565632	1.36264368279722
chr22	46096228	46096328	8733602	0	+	INTRON	INTRON	lncRNA	MIRLET7BHG	ENSG00000197182.17	336119	51	639	50	242	130	1810	36	114	0.0989662129312496	0.0159580978498077	2.40987246414505	1.69151946890323
chr22	46111254	46111353	8733756	0	+	EXON_LNCRNA	EXON_LNCRNA:INTRON	lncRNA	MIRLET7BHG	ENSG00000197182.17	336130	28	209	16	106	42	547	12	40	0.0989662129312496	0.0164362231475621	2.39908223125492	1.63258257861629
chr22	44026450	44026550	8726063	0	+	INTRON	INTRON	protein_coding	PARVB	ENSG00000188677.15	335863	104	448	16	36	124	417	5	10	0.0989662129312496	0.0169194814203769	2.38845280193907	1.45980993465944
chr22	49853989	49854089	8742639	0	+	SS5_ADJ	SS5_ADJ:SS5_PROX:INTRON	protein_coding	ZBED4	ENSG00000100426.9	336279	181	423	60	123	122	276	14	32	0.0989662129312496	0.0154401696855906	2.42188655797588	0.992236544230622
chr22	31627667	31627766	8780322	0	-	INTRON	INTRON	protein_coding	PISD	ENSG00000241878.13	338332	218	668	15	43	191	581	3	12	0.0989662129312496	0.0163944463633215	2.40001396538228	1.3825678725356
chr22	46072480	46072580	8733361	0	+	INTRON	INTRON	lncRNA	MIRLET7BHG	ENSG00000197182.17	336111	57	781	97	1163	127	1742	86	428	0.0989662129312496	0.0165225901258676	2.39716259387376	1.47802821826136
chr22	50299074	50299174	8823870	0	-	INTRON	INTRON	protein_coding	PLXNB2	ENSG00000196576.17	340242	43	253	27	97	59	457	12	57	0.0989662129312496	0.0160517670831505	2.40773637999787	1.20805451213601
chr22	31630756	31630856	8780353	0	-	INTRON	INTRON	protein_coding	PISD	ENSG00000241878.13	338332	218	668	58	148	191	581	17	53	0.0989662129312496	0.0154252680357696	2.42223744188535	0.984039712144449
chr22	44957070	44957170	8817232	0	-	INTRON	INTRON	protein_coding	PHF21B	ENSG00000056487.18	339822	132	402	16	18	368	1625	8	28	0.0989662129312496	0.0164700983099514	2.39832825058617	1.44051549652014
chr22	42573085	42573184	8808024	0	-	INTRON	INTRON	lncRNA	RRP7BP	ENSG00000291035.2	339507	142	479	19	53	124	483	4	20	0.0989662129312496	0.0161060283623117	2.40650398375774	1.15684380410622
chr22	46084908	46085007	8733486	0	+	INTRON	INTRON	lncRNA	MIRLET7BHG	ENSG00000197182.17	336113	15	223	69	640	39	405	56	270	0.100033499661002	0.017187886539691	2.3826637350017	1.34180717371859
chr22	46092640	46092740	8733566	0	+	INTRON	INTRON	lncRNA	MIRLET7BHG	ENSG00000197182.17	336119	51	639	20	138	130	1810	19	68	0.103160590594265	0.0179910651981407	2.36580196162702	1.55590645768711
chr22	46073477	46073577	8733371	0	+	INTRON	INTRON	lncRNA	MIRLET7BHG	ENSG00000197182.17	336111	57	781	22	178	127	1742	18	56	0.103160590594265	0.0178983562001478	2.36771419680658	1.6883943679313
chr22	46103453	46103553	8733676	0	+	SS5_PROX	SS5_PROX:INTRON	lncRNA	MIRLET7BHG	ENSG00000197182.17	336125	3	86	88	734	19	273	89	372	0.103160590594265	0.0179113877388944	2.36744488219569	1.72211988119238
chr22	46101905	46102003	8733660	0	+	INTRON	INTRON	lncRNA	MIRLET7BHG	ENSG00000197182.17	336123	15	201	48	279	47	578	44	160	0.104273640898248	0.0182747618069094	2.36000351697172	1.49030208885701
chr22	46079660	46079760	8733433	0	+	INTRON	INTRON	lncRNA	MIRLET7BHG	ENSG00000197182.17	336111	57	781	44	292	127	1742	32	130	0.104585318250419	0.0184424841895134	2.35661242407467	1.48764999512914
chr22	46104138	46104234	8733683	0	+	INTRON	INTRON	lncRNA	MIRLET7BHG	ENSG00000197182.17	336125	3	86	57	578	19	273	62	263	0.104585318250419	0.0185405512684857	2.35464214142527	1.78146760591097
chr22	46100923	46101021	8733650	0	+	INTRON	INTRON	lncRNA	MIRLET7BHG	ENSG00000197182.17	336123	15	201	100	376	47	578	72	192	0.104585318250419	0.018598935462059	2.35347346122703	1.68377174434268
chr22	46094434	46094534	8733584	0	+	INTRON	INTRON	lncRNA	MIRLET7BHG	ENSG00000197182.17	336119	51	639	36	136	130	1810	23	49	0.106084896033036	0.0189567511811611	2.346380357991	1.92867203378661
chr22	46108966	46109066	8733732	0	+	SS3_PROX	SS3_PROX:INTRON	lncRNA	MIRLET7BHG	ENSG00000197182.17	336127	9	164	16	76	31	487	10	36	0.108608747000366	0.0195010550885537	2.33581174754736	2.02815379872298
chr22	46079561	46079660	8733432	0	+	INTRON	INTRON	lncRNA	MIRLET7BHG	ENSG00000197182.17	336111	57	781	44	378	127	1742	37	163	0.11134769960581	0.020121695593846	2.32407087757113	1.42053886364101
chr22	31630358	31630457	8780349	0	-	INTRON	INTRON	protein_coding	PISD	ENSG00000241878.13	338332	218	668	69	200	191	581	23	69	0.11134769960581	0.0201841620419467	2.32290675743928	0.944452528591009
chr22	31631055	31631155	8780356	0	-	INTRON	INTRON	protein_coding	PISD	ENSG00000241878.13	338332	218	668	33	98	191	581	10	32	0.115371840199752	0.0210127406549377	2.3077554751046	1.05039226479175
chr22	46098558	46098658	8733626	0	+	SS5_ADJ	SS5_ADJ:SS5_PROX:INTRON	lncRNA	MIRLET7BHG	ENSG00000197182.17	336123	15	201	33	306	47	578	39	160	0.116322228865761	0.0212857686841985	2.3028769270307	1.43854860926176
chr22	46107168	46107268	8733714	0	+	INTRON	INTRON	lncRNA	MIRLET7BHG	ENSG00000197182.17	336127	9	164	31	152	31	487	21	86	0.116648738230057	0.0214457302244262	2.30004394996739	1.7912814826199
chr22	46094534	46094634	8733585	0	+	INTRON	INTRON	lncRNA	MIRLET7BHG	ENSG00000197182.17	336119	51	639	58	195	130	1810	35	136	0.122926502035254	0.0227054965099481	2.27835397025371	1.59630193103636
chr22	46090846	46090946	8733548	0	+	INTRON	INTRON	lncRNA	MIRLET7BHG	ENSG00000197182.17	336119	51	639	16	225	130	1810	22	95	0.126430232627582	0.0234612802814069	2.26583838428136	1.50121507884114
chr22	46086460	46086560	8733504	0	+	SS5_PROX	SS5_PROX:INTRON	lncRNA	MIRLET7BHG	ENSG00000197182.17	336119	51	639	71	516	130	1810	67	245	0.127060617556173	0.0240148933525414	2.25689089130189	1.47674037829953
chr22	46081747	46081846	8733454	0	+	INTRON	INTRON	lncRNA	MIRLET7BHG	ENSG00000197182.17	336113	15	223	53	244	39	405	30	101	0.127060617556173	0.0238027443146454	2.26029828566839	1.56243946581272
chr22	46112046	46112145	8733764	0	+	EXON_LNCRNA	EXON_LNCRNA:INTRON	lncRNA	MIRLET7BHG	ENSG00000197182.17	336130	28	209	30	170	42	547	22	47	0.127060617556173	0.0238872522282337	2.25893783254196	1.71878506189142
chr22	23387365	23387465	8760189	0	-	INTRON	INTRON	lncRNA	ENSG00000290920	ENSG00000290920.2	337412	78	303	19	40	125	607	6	35	0.127060617556173	0.0239378272576764	2.25812564440265	1.13513286203948
chr22	31627467	31627567	8780320	0	-	INTRON	INTRON	protein_coding	PISD	ENSG00000241878.13	338332	218	668	18	67	191	581	5	19	0.127917298815531	0.0242867036410932	2.25256319977093	1.22549587748712
chr22	46088553	46088653	8733525	0	+	INTRON	INTRON	lncRNA	MIRLET7BHG	ENSG00000197182.17	336119	51	639	25	152	130	1810	23	91	0.129310736199366	0.0248840364429255	2.24319819826596	1.41614263675215
chr22	46109066	46109166	8733733	0	+	SS3_PROX	SS3_PROX:INTRON	lncRNA	MIRLET7BHG	ENSG00000197182.17	336127	9	164	77	287	31	487	49	130	0.129310736199366	0.0249205399439277	2.24263223237998	1.89218589932585
chr22	46097525	46097625	8733615	0	+	SS3_PROX	SS3_PROX:INTRON	lncRNA	MIRLET7BHG	ENSG00000197182.17	336119	51	639	56	184	130	1810	34	127	0.129310736199366	0.0249956319973002	2.24147022681866	1.59726159415799
chr22	23380101	23380200	8760116	0	-	INTRON	INTRON	lncRNA	ENSG00000290920	ENSG00000290920.2	337412	78	303	13	35	125	607	7	24	0.129310736199366	0.0246941375470979	2.24615412418355	1.13297921965024
chr22	20495459	20495559	8756107	0	-	SS5_PROX	SS5_PROX:INTRON	protein_coding	KLHL22	ENSG00000099910.18	337203	63	253	88	250	81	323	50	112	0.130948575385631	0.0257622197279291	2.22977747153023	0.913207027347228
chr22	46073178	46073278	8733368	0	+	INTRON	INTRON	lncRNA	MIRLET7BHG	ENSG00000197182.17	336111	57	781	30	185	127	1742	22	61	0.130948575385631	0.0256406958549939	2.23161082068262	1.65762756321636
chr22	46094235	46094335	8733582	0	+	INTRON	INTRON	lncRNA	MIRLET7BHG	ENSG00000197182.17	336119	51	639	53	232	130	1810	39	155	0.130948575385631	0.0255958868538209	2.23228872096734	1.46020282091142
chr22	31624577	31624677	8780291	0	-	INTRON	INTRON	protein_coding	PISD	ENSG00000241878.13	338332	218	668	14	38	191	581	1	12	0.130948575385631	0.0257275123050247	2.23030031473554	1.50300001480581
chr22	46102200	46102298	8733663	0	+	INTRON	INTRON	lncRNA	MIRLET7BHG	ENSG00000197182.17	336123	15	201	111	646	47	578	104	297	0.132943727677289	0.0262689496269558	2.22221247738022	1.54765571118553
chr22	46095132	46095232	8733591	0	+	INTRON	INTRON	lncRNA	MIRLET7BHG	ENSG00000197182.17	336119	51	639	33	189	130	1810	29	144	0.133024427022157	0.0265134596813921	2.21860719428857	1.27125377667445
chr22	46106369	46106469	8733706	0	+	INTRON	INTRON	lncRNA	MIRLET7BHG	ENSG00000197182.17	336127	9	164	20	163	31	487	19	79	0.133024427022157	0.0264137630647605	2.2200737308015	1.6916441023128
chr22	46088454	46088553	8733524	0	+	INTRON	INTRON	lncRNA	MIRLET7BHG	ENSG00000197182.17	336119	51	639	13	122	130	1810	16	63	0.13377646856081	0.0267782793596811	2.21473470389886	1.4253484179197
chr22	50299672	50299772	8823876	0	-	INTRON	INTRON	protein_coding	PLXNB2	ENSG00000196576.17	340242	43	253	50	169	59	457	26	116	0.135442284877442	0.0273444475482807	2.20656524151788	0.98298907831628
chr22	46074475	46074574	8733381	0	+	INTRON	INTRON	lncRNA	MIRLET7BHG	ENSG00000197182.17	336111	57	781	58	501	127	1742	51	256	0.135442284877442	0.0273359801678231	2.20668634086137	1.26180385673446
chr22	46089450	46089550	8733534	0	+	INTRON	INTRON	lncRNA	MIRLET7BHG	ENSG00000197182.17	336119	51	639	22	206	130	1810	26	113	0.13822275077811	0.0280245439721942	2.19694262696963	1.34334052071801
chr22	46079262	46079361	8733429	0	+	INTRON	INTRON	lncRNA	MIRLET7BHG	ENSG00000197182.17	336111	57	781	46	362	127	1742	39	169	0.138828932158003	0.0282667155682532	2.19356474061315	1.34485312893111
chr22	46084217	46084315	8733479	0	+	INTRON	INTRON	lncRNA	MIRLET7BHG	ENSG00000197182.17	336113	15	223	30	214	39	405	22	98	0.139685662023467	0.0292622016496454	2.17993605780988	1.38758448434556
chr22	46096826	46096926	8733608	0	+	INTRON	INTRON	lncRNA	MIRLET7BHG	ENSG00000197182.17	336119	51	639	43	192	130	1810	33	101	0.139685662023467	0.0290432250240585	2.18289932149874	1.56680365475401
chr22	46095032	46095132	8733590	0	+	INTRON	INTRON	lncRNA	MIRLET7BHG	ENSG00000197182.17	336119	51	639	33	252	130	1810	34	113	0.139685662023467	0.0292811868846443	2.17968004320768	1.48594939527687
chr22	46106768	46106868	8733710	0	+	INTRON	INTRON	lncRNA	MIRLET7BHG	ENSG00000197182.17	336127	9	164	54	306	31	487	46	191	0.139685662023467	0.0292265421026968	2.18041731095052	1.5096533653353
chr22	46099745	46099843	8733638	0	+	INTRON	INTRON	lncRNA	MIRLET7BHG	ENSG00000197182.17	336123	15	201	44	203	47	578	36	77	0.139685662023467	0.0290120441647433	2.18332283387454	1.76763532734592
chr22	46110759	46110858	8733751	0	+	EXON_LNCRNA	EXON_LNCRNA:INTRON	lncRNA	MIRLET7BHG	ENSG00000197182.17	336130	28	209	25	102	42	547	16	33	0.139685662023467	0.0287642260988805	2.18670281345573	1.72875767078095
chr22	46107567	46107667	8733718	0	+	INTRON	INTRON	lncRNA	MIRLET7BHG	ENSG00000197182.17	336127	9	164	18	213	31	487	21	85	0.139685662023467	0.0291682942035591	2.18120449917192	1.70967090287601
chr22	46084513	46084612	8733482	0	+	INTRON	INTRON	lncRNA	MIRLET7BHG	ENSG00000197182.17	336113	15	223	49	662	39	405	49	288	0.139971237056084	0.0296378972208286	2.17489618040954	1.25574606164387
chr22	46099156	46099254	8733632	0	+	INTRON	INTRON	lncRNA	MIRLET7BHG	ENSG00000197182.17	336123	15	201	97	640	47	578	101	385	0.139971237056084	0.0297018003031381	2.17404440799948	1.33573563278803
chr22	46081945	46082044	8733456	0	+	INTRON	INTRON	lncRNA	MIRLET7BHG	ENSG00000197182.17	336113	15	223	42	292	39	405	31	104	0.139971237056084	0.029468851028417	2.17715705835149	1.49588849470216
chr22	50303262	50303362	8823912	0	-	INTRON	INTRON	protein_coding	PLXNB2	ENSG00000196576.17	340242	43	253	48	179	59	457	30	93	0.142824456633771	0.0304609707898395	2.16404402477411	1.07698001802814
chr22	23386470	23386569	8760180	0	-	INTRON	INTRON	lncRNA	ENSG00000290920	ENSG00000290920.2	337412	78	303	20	44	125	607	7	40	0.142824456633771	0.0305526543829973	2.16285083322756	1.05069349381771
chr22	46106269	46106369	8733705	0	+	INTRON	INTRON	lncRNA	MIRLET7BHG	ENSG00000197182.17	336127	9	164	51	378	31	487	50	172	0.142867659839503	0.030684634845254	2.16113859726361	1.59414016300547
chr22	42938747	42938847	8810389	0	-	INTRON	INTRON	protein_coding	PACSIN2	ENSG00000100266.20	339621	729	3708	18	44	254	1002	1	3	0.143167719775378	0.0308720770306014	2.15871767055705	1.92736863821334
chr22	46091245	46091344	8733552	0	+	INTRON	INTRON	lncRNA	MIRLET7BHG	ENSG00000197182.17	336119	51	639	64	412	130	1810	61	306	0.143683104285607	0.0312362382719045	2.15405016261281	1.20078805419695
chr22	42986830	42986930	8810870	0	-	INTRON	INTRON	protein_coding	PACSIN2	ENSG00000100266.20	339621	729	3708	37	81	254	1002	24	38	0.143683104285607	0.0313535296293334	-2.15255676364028	-1.33269814677964
chr22	49902081	49902178	8822592	0	-	UTR3	UTR3:EXON_MRNA	protein_coding	ALG12	ENSG00000182858.15	340014	27	88	17	36	32	243	4	24	0.143683104285607	0.0313008010025053	2.15322753081548	1.69797698890907
chr22	46108566	46108666	8733728	0	+	INTRON	INTRON	lncRNA	MIRLET7BHG	ENSG00000197182.17	336127	9	164	26	239	31	487	27	89	0.144831189873774	0.0317284823177082	2.14781465534416	1.74117959073928
chr22	46106169	46106269	8733704	0	+	INTRON	INTRON	lncRNA	MIRLET7BHG	ENSG00000197182.17	336127	9	164	44	331	31	487	44	178	0.14539293718697	0.0319764535394024	2.14470484179464	1.50069776154643
chr22	46091942	46092042	8733559	0	+	INTRON	INTRON	lncRNA	MIRLET7BHG	ENSG00000197182.17	336119	51	639	24	226	130	1810	28	87	0.146003026715218	0.0326989683910139	2.13576015513481	1.52726081282116
chr22	31630258	31630358	8780348	0	-	INTRON	INTRON	protein_coding	PISD	ENSG00000241878.13	338332	218	668	45	97	191	581	12	40	0.146003026715218	0.0326134374650508	2.13681013505278	0.908305668420879
chr22	31629760	31629859	8780343	0	-	INTRON	INTRON	protein_coding	PISD	ENSG00000241878.13	338332	218	668	14	54	191	581	2	16	0.146003026715218	0.0326055019741082	2.13690767085954	1.37909153456897
chr22	46111155	46111254	8733755	0	+	EXON_LNCRNA	EXON_LNCRNA:INTRON	lncRNA	MIRLET7BHG	ENSG00000197182.17	336130	28	209	31	66	42	547	14	13	0.146003026715218	0.032988656379813	2.13222132253385	2.19754590113303
chr22	42572985	42573085	8808023	0	-	INTRON	INTRON	lncRNA	RRP7BP	ENSG00000291035.2	339507	142	479	17	50	124	483	5	19	0.146003026715218	0.032346584851775	2.14010125308564	1.0302349460337
chr22	50302165	50302265	8823901	0	-	INTRON	INTRON	protein_coding	PLXNB2	ENSG00000196576.17	340242	43	253	24	83	59	457	7	62	0.146003026715218	0.0327548530162981	2.13507538370001	1.15002996747172
chr22	20495160	20495259	8756104	0	-	INTRON	INTRON	protein_coding	KLHL22	ENSG00000099910.18	337203	63	253	34	99	81	323	19	38	0.146003026715218	0.0328976419989486	2.13333027930305	1.07838867413451
chr22	46108666	46108766	8733729	0	+	INTRON	INTRON	lncRNA	MIRLET7BHG	ENSG00000197182.17	336127	9	164	37	273	31	487	36	134	0.146388826275991	0.0334443383454409	2.12670816909467	1.58226956891289
chr22	46090547	46090647	8733545	0	+	INTRON	INTRON	lncRNA	MIRLET7BHG	ENSG00000197182.17	336119	51	639	37	352	130	1810	43	168	0.146388826275991	0.0333636298963914	2.12767993189782	1.37808545925549
chr22	41833358	41833458	8723818	0	+	SS5_ADJ	SS5_ADJ:SS5_PROX:INTRON	protein_coding	SREBF2	ENSG00000198911.14	335702	921	2208	131	146	472	1115	17	38	0.146388826275991	0.0336045348888024	2.12478526509817	1.01783508914183
chr22	50302066	50302165	8823900	0	-	INTRON	INTRON	protein_coding	PLXNB2	ENSG00000196576.17	340242	43	253	19	59	59	457	6	41	0.146388826275991	0.0337046438504859	2.12358759382352	1.20352993987598
chr22	46525728	46525828	8821331	0	-	INTRON	INTRON	protein_coding	CELSR1	ENSG00000075275.18	339956	33	121	13	28	58	155	3	13	0.146388826275991	0.0336625856775397	2.12409039312169	1.61219499245784
chr22	23902027	23902126	8761729	0	-	INTRON	INTRON	lncRNA	ENSG00000290199	ENSG00000290199.2	337529	240	508	8	11	330	1165	17	44	0.146785833915817	0.0339221557760779	-2.12099580112774	-1.19136446017425
chr22	46097425	46097525	8733614	0	+	SS3_PROX	SS3_PROX:INTRON	lncRNA	MIRLET7BHG	ENSG00000197182.17	336119	51	639	81	154	130	1810	37	119	0.147973018601935	0.0343236383355004	2.11624896983838	1.79795632147748
chr22	46104330	46104426	8733685	0	+	INTRON	INTRON	lncRNA	MIRLET7BHG	ENSG00000197182.17	336125	3	86	80	582	19	273	84	243	0.149505343451958	0.0349359565454747	2.10909993423641	1.75682554598714
chr22	46100334	46100432	8733644	0	+	INTRON	INTRON	lncRNA	MIRLET7BHG	ENSG00000197182.17	336123	15	201	89	478	47	578	86	221	0.149505343451958	0.0348175355795205	2.11047414869685	1.50525023937262
chr22	20495259	20495359	8756105	0	-	SS5_PROX	SS5_PROX:INTRON	protein_coding	KLHL22	ENSG00000099910.18	337203	63	253	24	113	81	323	10	53	0.14981167672301	0.0351362437675102	2.10678472934833	1.09721080288849
chr22	46078264	46078364	8733419	0	+	INTRON	INTRON	lncRNA	MIRLET7BHG	ENSG00000197182.17	336111	57	781	34	385	127	1742	35	140	0.149825003807244	0.0353226824689851	2.10463970716327	1.40606189158752
chr22	50301567	50301667	8823895	0	-	INTRON	INTRON	protein_coding	PLXNB2	ENSG00000196576.17	340242	43	253	34	136	59	457	11	109	0.149825003807244	0.0353968007276564	2.10378964213049	1.03505798670083
chr22	46074076	46074175	8733377	0	+	INTRON	INTRON	lncRNA	MIRLET7BHG	ENSG00000197182.17	336111	57	781	33	446	127	1742	36	139	0.151978715178039	0.036166756103365	2.09504765855684	1.4785887245977
chr22	50301866	50301966	8823898	0	-	INTRON	INTRON	protein_coding	PLXNB2	ENSG00000196576.17	340242	43	253	16	73	59	457	6	49	0.151978715178039	0.0361454934649121	2.09528693171278	1.10530005175967
chr22	46104715	46104811	8733689	0	+	INTRON	INTRON	lncRNA	MIRLET7BHG	ENSG00000197182.17	336125	3	86	33	291	19	273	36	158	0.155348717799086	0.0373691073743505	2.08170846048209	1.68534515699986
chr22	46074574	46074674	8733382	0	+	INTRON	INTRON	lncRNA	MIRLET7BHG	ENSG00000197182.17	336111	57	781	34	148	127	1742	22	59	0.155348717799086	0.0373083443455418	2.0823737487265	1.6024707352514
chr22	46072281	46072380	8733359	0	+	INTRON	INTRON	lncRNA	MIRLET7BHG	ENSG00000197182.17	336111	57	781	105	1151	127	1742	104	596	0.155348717799086	0.0371489512254562	2.08412332124166	1.16192453215207
chr22	46076868	46076968	8733405	0	+	INTRON	INTRON	lncRNA	MIRLET7BHG	ENSG00000197182.17	336111	57	781	55	229	127	1742	34	116	0.156350550297381	0.0377444197882852	2.07761948819745	1.48219312549727
chr22	46105308	46105408	8733695	0	+	SS3_ADJ	SS3_ADJ:SS3_PROX:INTRON	lncRNA	MIRLET7BHG	ENSG00000197182.17	336125	3	86	38	225	19	273	33	188	0.158343729316495	0.0384976592754022	2.06951634351895	1.55085974340024
chr22	20495359	20495459	8756106	0	-	SS5_PROX	SS5_PROX:INTRON	protein_coding	KLHL22	ENSG00000099910.18	337203	63	253	25	81	81	323	12	39	0.158343729316495	0.0384704683192611	2.06980650133437	1.00697544803846
chr22	46072779	46072879	8733364	0	+	INTRON	INTRON	lncRNA	MIRLET7BHG	ENSG00000197182.17	336111	57	781	21	211	127	1742	22	87	0.158785592032952	0.0388410615950517	2.06586676698362	1.35706334585353
chr22	31629859	31629959	8780344	0	-	INTRON	INTRON	protein_coding	PISD	ENSG00000241878.13	338332	218	668	33	101	191	581	12	34	0.158785592032952	0.0388779155750783	2.0654767248252	0.930284694536815
chr22	23826411	23826511	8673774	0	+	INTRON	INTRON	protein_coding	SMARCB1	ENSG00000099956.21	333210	15	84	15	25	34	101	2	13	0.159051708556869	0.0390797153327015	2.06334653934222	1.91148181550535
chr22	25068756	25068856	8680950	0	+	INTRON	INTRON	protein_coding	KIAA1671	ENSG00000197077.15	333542	272	774	19	46	342	1073	6	27	0.160349366452116	0.0395363128623345	2.05856099149914	1.0534873122136
chr22	46098758	46098858	8733628	0	+	SS5_PROX	SS5_PROX:INTRON	lncRNA	MIRLET7BHG	ENSG00000197182.17	336123	15	201	46	156	47	578	34	113	0.162825220925555	0.0407093808636014	2.04647783666162	1.48548489436187
chr22	46107467	46107567	8733717	0	+	INTRON	INTRON	lncRNA	MIRLET7BHG	ENSG00000197182.17	336127	9	164	61	445	31	487	63	192	0.162825220925555	0.0410205885871002	2.04332184411193	1.553168971864
chr22	46078763	46078863	8733424	0	+	INTRON	INTRON	lncRNA	MIRLET7BHG	ENSG00000197182.17	336111	57	781	33	620	127	1742	41	252	0.162825220925555	0.040872423334678	2.04482186475494	1.30392194955912
chr22	31626869	31626969	8780314	0	-	INTRON	INTRON	protein_coding	PISD	ENSG00000241878.13	338332	218	668	29	73	191	581	5	30	0.162825220925555	0.0408893160052463	2.04465061135613	1.05368238045254
chr22	46100039	46100138	8733641	0	+	INTRON	INTRON	lncRNA	MIRLET7BHG	ENSG00000197182.17	336123	15	201	96	466	47	578	92	267	0.162825220925555	0.0411987036721848	2.04152467642085	1.3863770817508
chr22	46080755	46080855	8733444	0	+	SS5_PROX	SS5_PROX:INTRON	lncRNA	MIRLET7BHG	ENSG00000197182.17	336113	15	223	19	141	39	405	15	54	0.162825220925555	0.0412658420730572	2.0408489628448	1.48999909728641
chr22	49902666	49902764	8822598	0	-	UTR3	UTR3:EXON_MRNA	protein_coding	ALG12	ENSG00000182858.15	340014	27	88	18	50	32	243	6	34	0.162825220925555	0.0405597199937182	2.04800285150699	1.46954074296681
chr22	31632550	31632650	8780371	0	-	INTRON	INTRON	protein_coding	PISD	ENSG00000241878.13	338332	218	668	13	31	191	581	1	11	0.162825220925555	0.0403004075724834	2.05065652476285	1.37630350773722
chr22	46109166	46109266	8733734	0	+	SS3_ADJ	SS3_ADJ:SS3_PROX:INTRON	lncRNA	MIRLET7BHG	ENSG00000197182.17	336127	9	164	28	120	31	487	20	71	0.164530404476699	0.0419806959876114	2.03371146036069	1.70551186861265
chr22	36365035	36365134	8793075	0	-	INTRON	INTRON	protein_coding	MYH9	ENSG00000100345.24	338610	143	470	40	53	112	384	8	21	0.164530404476699	0.0419750524715041	2.03376740410869	1.05205529845079
chr22	23380399	23380499	8760119	0	-	INTRON	INTRON	lncRNA	ENSG00000290920	ENSG00000290920.2	337412	78	303	16	38	125	607	11	24	0.165971095163266	0.0424908817514205	2.02868012287329	1.07283802923487
chr22	50303960	50304060	8823919	0	-	INTRON	INTRON	protein_coding	PLXNB2	ENSG00000196576.17	340242	43	253	63	154	59	457	29	110	0.167049248165716	0.0429104168398189	2.02458090299546	1.05085988445621
chr22	46081451	46081550	8733451	0	+	INTRON	INTRON	lncRNA	MIRLET7BHG	ENSG00000197182.17	336113	15	223	51	469	39	405	47	170	0.167904431062546	0.0432743379027179	2.02105243039132	1.33045147174647
chr22	46107268	46107368	8733715	0	+	INTRON	INTRON	lncRNA	MIRLET7BHG	ENSG00000197182.17	336127	9	164	111	632	31	487	103	421	0.168677086563073	0.0437470244749642	2.01650664114743	1.3710676954174
chr22	46091045	46091145	8733550	0	+	INTRON	INTRON	lncRNA	MIRLET7BHG	ENSG00000197182.17	336119	51	639	80	330	130	1810	62	163	0.168677086563073	0.0437632990911065	2.01635086961245	1.54758049699353
chr22	46111056	46111155	8733754	0	+	EXON_LNCRNA	EXON_LNCRNA:INTRON	lncRNA	MIRLET7BHG	ENSG00000197182.17	336130	28	209	23	68	42	547	13	33	0.169666274694203	0.0441657055260683	2.01251472996353	1.57705496401923
chr22	46081352	46081451	8733450	0	+	INTRON	INTRON	lncRNA	MIRLET7BHG	ENSG00000197182.17	336113	15	223	40	511	39	405	42	247	0.170298724425077	0.0444766428051747	2.00957071992119	1.14933596223646
chr22	46078165	46078264	8733418	0	+	INTRON	INTRON	lncRNA	MIRLET7BHG	ENSG00000197182.17	336111	57	781	48	444	127	1742	47	210	0.170669564644593	0.0447201178836776	2.00727755309618	1.23161396010959
chr22	46071982	46072081	8733356	0	+	INTRON	INTRON	lncRNA	MIRLET7BHG	ENSG00000197182.17	336111	57	781	85	700	127	1742	77	329	0.172578106739336	0.04536847135931	2.00122199780985	1.24804006025141
chr22	46103753	46103849	8733679	0	+	INTRON	INTRON	lncRNA	MIRLET7BHG	ENSG00000197182.17	336125	3	86	60	598	19	273	78	291	0.173245631729281	0.045692791186331	1.99822021210692	1.5668873656857
chr22	46077367	46077466	8733410	0	+	INTRON	INTRON	lncRNA	MIRLET7BHG	ENSG00000197182.17	336111	57	781	36	331	127	1742	36	225	0.173295699730309	0.0458548758736558	1.99672673818473	1.01943376765969
chr22	50396527	50396626	8744909	0	+	INTRON	INTRON	protein_coding	PPP6R2	ENSG00000100239.17	336427	154	558	18	70	127	547	7	25	0.173584412521727	0.0460803981694275	1.99465612102309	0.914773484600879
chr22	46078364	46078464	8733420	0	+	INTRON	INTRON	lncRNA	MIRLET7BHG	ENSG00000197182.17	336111	57	781	56	452	127	1742	51	180	0.178622538638643	0.047765559693895	1.97944825854106	1.34674428366078
chr22	46098658	46098758	8733627	0	+	SS5_PROX	SS5_PROX:INTRON	lncRNA	MIRLET7BHG	ENSG00000197182.17	336123	15	201	38	185	47	578	36	93	0.178622538638643	0.0478782062330383	1.97844784986071	1.50377122297423
chr22	46072181	46072281	8733358	0	+	INTRON	INTRON	lncRNA	MIRLET7BHG	ENSG00000197182.17	336111	57	781	69	485	127	1742	59	237	0.178622538638643	0.0476733687774257	1.98026847842567	1.26075192047819
chr22	23387266	23387365	8760188	0	-	INTRON	INTRON	lncRNA	ENSG00000290920	ENSG00000290920.2	337412	78	303	49	89	125	607	30	75	0.178937723259096	0.0494754115149413	1.9644717304839	0.896912591397472
chr22	46106868	46106968	8733711	0	+	INTRON	INTRON	lncRNA	MIRLET7BHG	ENSG00000197182.17	336127	9	164	31	141	31	487	24	91	0.178937723259096	0.0494458797928935	1.96472668403518	1.57995183636236
chr22	46105008	46105108	8733692	0	+	SS3_PROX	SS3_PROX:INTRON	lncRNA	MIRLET7BHG	ENSG00000197182.17	336125	3	86	40	390	19	273	50	212	0.178937723259096	0.0484645203696041	1.97327253439228	1.56630076084762
chr22	50397523	50397622	8744919	0	+	INTRON	INTRON	protein_coding	PPP6R2	ENSG00000100239.17	336427	154	558	64	103	127	547	21	36	0.178937723259096	0.0489772556587718	1.96878961219334	1.00677067574436
chr22	46106070	46106169	8733703	0	+	INTRON	INTRON	lncRNA	MIRLET7BHG	ENSG00000197182.17	336127	9	164	46	327	31	487	48	162	0.178937723259096	0.0484010067581334	1.97383061223634	1.48509121620372
chr22	31631454	31631554	8780360	0	-	INTRON	INTRON	protein_coding	PISD	ENSG00000241878.13	338332	218	668	18	69	191	581	4	23	0.178937723259096	0.0490388921295746	1.96825337129155	1.13312093065091
chr22	46097625	46097725	8733616	0	+	SS3_PROX	SS3_PROX:INTRON	lncRNA	MIRLET7BHG	ENSG00000197182.17	336119	51	639	64	167	130	1810	40	91	0.178937723259096	0.0494999543723616	1.96425994396303	1.6759204434279
chr22	24954671	24954771	8679804	0	+	INTRON	INTRON	protein_coding	KIAA1671	ENSG00000197077.15	333531	300	968	19	20	200	602	2	5	0.178937723259096	0.048898441027605	1.96947612994456	1.52626355246593
chr22	42574279	42574379	8808036	0	-	SS5_PROX	SS5_PROX:INTRON	lncRNA	RRP7BP	ENSG00000291035.2	339507	142	479	30	64	124	483	9	30	0.178937723259096	0.0490099220377198	1.96850534228451	0.847180562367344
chr22	42998925	42999025	8810991	0	-	INTRON	INTRON	protein_coding	PACSIN2	ENSG00000100266.20	339621	729	3708	17	31	254	1002	10	17	0.178937723259096	0.0486093068668547	-1.9720026249225	-1.32628499839765
chr22	50301766	50301866	8823897	0	-	INTRON	INTRON	protein_coding	PLXNB2	ENSG00000196576.17	340242	43	253	40	113	59	457	19	82	0.179091416646882	0.049696329533456	1.96256853753185	1.00210938536423
chr22	46079361	46079461	8733430	0	+	INTRON	INTRON	lncRNA	MIRLET7BHG	ENSG00000197182.17	336111	57	781	13	177	127	1742	17	71	0.179515164527739	0.0499757949982169	1.96017110137024	1.32439194484255
chr22	46076070	46076170	8733397	0	+	INTRON	INTRON	lncRNA	MIRLET7BHG	ENSG00000197182.17	336111	57	781	32	193	127	1742	26	63	0.179515164527739	0.050122361229824	1.95891825134472	1.53338772268044
chr22	46071882	46071982	8733355	0	+	INTRON	INTRON	lncRNA	MIRLET7BHG	ENSG00000197182.17	336111	57	781	74	752	127	1742	74	290	0.179997509421004	0.0504116736007281	1.95645419231752	1.31033488264264
chr22	46079960	46080059	8733436	0	+	INTRON	INTRON	lncRNA	MIRLET7BHG	ENSG00000197182.17	336111	57	781	48	475	127	1742	49	191	0.18441775895726	0.0518080817689209	1.94472502663777	1.29152812050694
chr22	46080059	46080159	8733437	0	+	INTRON	INTRON	lncRNA	MIRLET7BHG	ENSG00000197182.17	336111	57	781	62	485	127	1742	57	232	0.186622518915618	0.0525877888353289	1.93829051592871	1.23023488886245
chr22	46103653	46103753	8733678	0	+	SS5_PROX	SS5_PROX:INTRON	lncRNA	MIRLET7BHG	ENSG00000197182.17	336125	3	86	100	548	19	273	103	354	0.187298024953443	0.0529390465718924	1.9354178014625	1.49393397417775
chr22	50300271	50300370	8823882	0	-	INTRON	INTRON	protein_coding	PLXNB2	ENSG00000196576.17	340242	43	253	26	109	59	457	15	76	0.187636237119272	0.0531958404204122	1.93332770928278	0.904100665219612
chr22	23382987	23383086	8760145	0	-	INTRON	INTRON	lncRNA	ENSG00000290920	ENSG00000290920.2	337412	78	303	42	97	125	607	30	82	0.189768183657091	0.0540908525733297	1.92610829920202	0.786491443538325
chr22	46088653	46088753	8733526	0	+	INTRON	INTRON	lncRNA	MIRLET7BHG	ENSG00000197182.17	336119	51	639	49	393	130	1810	56	177	0.189768183657091	0.054126320424531	1.92582426601399	1.35635293265364
chr22	44800977	44801077	8728704	0	+	INTRON	INTRON	protein_coding	ARHGAP8	ENSG00000241484.11	335941	28	111	25	32	42	142	5	19	0.192448311298996	0.0550560890571869	1.91843332350301	1.4776650221348
chr22	36386806	36386906	8793293	0	-	INTRON	INTRON	protein_coding	MYH9	ENSG00000100345.24	338610	143	470	19	76	112	384	6	24	0.192473171213123	0.0552285560010163	1.91707380469177	0.936271905297083
chr22	46078663	46078763	8733423	0	+	INTRON	INTRON	lncRNA	MIRLET7BHG	ENSG00000197182.17	336111	57	781	40	402	127	1742	42	154	0.194013156611239	0.0559447905323955	1.91146546695394	1.30725451804719
chr22	36351852	36351952	8792943	0	-	INTRON	INTRON	protein_coding	MYH9	ENSG00000100345.24	338610	143	470	17	20	112	384	1	9	0.194013156611239	0.0560578494059825	1.91058565402707	1.31372834211521
chr22	31627368	31627467	8780319	0	-	INTRON	INTRON	protein_coding	PISD	ENSG00000241878.13	338332	218	668	22	79	191	581	10	23	0.194013156611239	0.0561704757542848	1.9097106749617	0.95549060328837
chr22	46108866	46108966	8733731	0	+	SS3_PROX	SS3_PROX:INTRON	lncRNA	MIRLET7BHG	ENSG00000197182.17	336127	9	164	17	230	31	487	24	84	0.195125830541026	0.0566602497619132	1.90592258955279	1.60097750633905
chr22	46070087	46070186	8733337	0	+	INTRON	INTRON	lncRNA	MIRLET7BHG	ENSG00000197182.17	336111	57	781	53	321	127	1742	43	242	0.195574538340342	0.0569585640011822	1.90362865609966	1.04206066486353
chr22	46072081	46072181	8733357	0	+	INTRON	INTRON	lncRNA	MIRLET7BHG	ENSG00000197182.17	336111	57	781	72	559	127	1742	66	224	0.19950183760808	0.058445125965941	1.89234427121848	1.3119597780735
chr22	50304459	50304559	8823924	0	-	INTRON	INTRON	protein_coding	PLXNB2	ENSG00000196576.17	340242	43	253	18	112	59	457	13	68	0.19950183760808	0.0583128890329043	1.89333834418927	0.927118401728009
chr22	50300670	50300769	8823886	0	-	INTRON	INTRON	protein_coding	PLXNB2	ENSG00000196576.17	340242	43	253	25	118	59	457	16	81	0.203442397150986	0.0599490912566909	1.88116783803133	0.863888661723329
chr22	46110363	46110462	8733747	0	+	EXON_LNCRNA	EXON_LNCRNA:SS5_PROX:INTRON	lncRNA	MIRLET7BHG	ENSG00000197182.17	336130	28	209	51	258	42	547	44	119	0.203442397150986	0.0598153866159438	1.88215195664132	1.23231937997358
chr22	46097026	46097125	8733610	0	+	INTRON	INTRON	lncRNA	MIRLET7BHG	ENSG00000197182.17	336119	51	639	74	308	130	1810	62	193	0.204238399445196	0.0603591146126695	1.87816121177071	1.35666122876091
chr22	46072680	46072779	8733363	0	+	INTRON	INTRON	lncRNA	MIRLET7BHG	ENSG00000197182.17	336111	57	781	59	440	127	1742	54	176	0.205798035008624	0.0609968402731747	1.8735183568982	1.31620026441983
chr22	46103553	46103653	8733677	0	+	SS5_PROX	SS5_PROX:INTRON	lncRNA	MIRLET7BHG	ENSG00000197182.17	336125	3	86	40	267	19	273	43	182	0.206772674907446	0.0616409950110686	1.86886933895271	1.49986005128165
chr22	36368330	36368430	8793108	0	-	INTRON	INTRON	protein_coding	MYH9	ENSG00000100345.24	338610	143	470	27	62	112	384	7	24	0.206772674907446	0.0615429746617409	1.86957417230151	0.846659173216829
chr22	23382887	23382987	8760144	0	-	INTRON	INTRON	lncRNA	ENSG00000290920	ENSG00000290920.2	337412	78	303	17	41	125	607	9	37	0.209165505907483	0.0625340172300723	1.86249025895825	0.874312575095595
chr22	50299473	50299573	8823874	0	-	INTRON	INTRON	protein_coding	PLXNB2	ENSG00000196576.17	340242	43	253	18	70	59	457	11	42	0.209816998275475	0.0629090484520109	1.85983376644417	1.01667268272189
chr22	42571196	42571295	8808005	0	-	INTRON	INTRON	lncRNA	RRP7BP	ENSG00000291035.2	339507	142	479	26	45	124	483	11	15	0.211372733586932	0.0635570934324968	1.85527410956256	0.951605692911545
chr22	46075372	46075472	8733390	0	+	INTRON	INTRON	lncRNA	MIRLET7BHG	ENSG00000197182.17	336111	57	781	65	486	127	1742	61	274	0.2171909244051	0.0656797297170061	1.84060319150725	1.10991828371175
chr22	50296980	50297080	8823849	0	-	INTRON	INTRON	protein_coding	PLXNB2	ENSG00000196576.17	340242	43	253	12	33	59	457	2	26	0.2171909244051	0.0656667919555868	1.84069142025793	1.25726994483349
chr22	46098958	46099058	8733630	0	+	SS5_PROX	SS5_PROX:INTRON	lncRNA	MIRLET7BHG	ENSG00000197182.17	336123	15	201	85	508	47	578	99	327	0.219068285151101	0.0664356569229713	1.83547285917203	1.1803561740686
chr22	31638331	31638430	8780429	0	-	INTRON	INTRON	protein_coding	PISD	ENSG00000241878.13	338332	218	668	39	72	191	581	13	29	0.22138061603274	0.0675172840993323	1.82821504383485	0.825131772012482
chr22	50297179	50297279	8823851	0	-	INTRON	INTRON	protein_coding	PLXNB2	ENSG00000196576.17	340242	43	253	19	87	59	457	11	61	0.22138061603274	0.0673433189602063	1.82937587618215	0.894493119376974
chr22	50397722	50397822	8744921	0	+	INTRON	INTRON	protein_coding	PPP6R2	ENSG00000100239.17	336427	154	558	41	100	127	547	18	36	0.223133904961936	0.0683209797722132	1.8228838808402	0.807492972323796
chr22	46081155	46081253	8733448	0	+	INTRON	INTRON	lncRNA	MIRLET7BHG	ENSG00000197182.17	336113	15	223	37	258	39	405	32	115	0.223133904961936	0.0684353986867794	1.82212910360196	1.22878732632496
chr22	44027050	44027150	8726069	0	+	INTRON	INTRON	protein_coding	PARVB	ENSG00000188677.15	335863	104	448	18	38	124	417	8	12	0.223225890060367	0.0686553854309377	1.82068084596687	1.1000612633856
chr22	46105691	46105786	8733699	0	+	EXON_LNCRNA	EXON_LNCRNA:INTRON	lncRNA	MIRLET7BHG	ENSG00000197182.17	336126	2	25	37	291	4	99	36	142	0.223934409418102	0.069258064768485	1.8167326176942	1.68329788727645
chr22	24156203	24156303	8675737	0	+	INTRON	INTRON	protein_coding	CABIN1	ENSG00000099991.19	333313	37	153	18	45	35	182	4	20	0.223934409418102	0.0690786889570627	1.81790477121211	1.23002119888507
chr22	46080259	46080359	8733439	0	+	INTRON	INTRON	lncRNA	MIRLET7BHG	ENSG00000197182.17	336111	57	781	55	511	127	1742	58	285	0.224559211621727	0.0696442228483193	1.81421765674972	1.06133075111878
chr22	46071782	46071882	8733354	0	+	INTRON	INTRON	lncRNA	MIRLET7BHG	ENSG00000197182.17	336111	57	781	119	1046	127	1742	117	412	0.225291225094341	0.0700647968076903	1.81149154421286	1.25932724029517
chr22	24976059	24976159	8680018	0	+	INTRON	INTRON	protein_coding	KIAA1671	ENSG00000197077.15	333531	300	968	17	23	200	602	3	5	0.226778862208372	0.0707222740392088	1.80725663535177	1.3253894485788
chr22	46084809	46084908	8733485	0	+	INTRON	INTRON	lncRNA	MIRLET7BHG	ENSG00000197182.17	336113	15	223	71	548	39	405	67	293	0.226809962076808	0.07092682662883	1.80594566855599	1.02304626906675
chr22	46072380	46072480	8733360	0	+	INTRON	INTRON	lncRNA	MIRLET7BHG	ENSG00000197182.17	336111	57	781	34	298	127	1742	36	147	0.227341969165836	0.0714838150469895	1.80239160515681	1.14961366177966
chr22	46080359	46080457	8733440	0	+	EXON_LNCRNA	EXON_LNCRNA:INTRON	lncRNA	MIRLET7BHG	ENSG00000197182.17	336112	2	38	80	899	8	85	90	366	0.227341969165836	0.0713451873318222	1.80327404128109	1.34852047089839
chr22	46105408	46105502	8733696	0	+	EXON_LNCRNA	EXON_LNCRNA:INTRON	lncRNA	MIRLET7BHG	ENSG00000197182.17	336126	2	25	96	445	4	99	86	255	0.22747112446567	0.0723061134469914	1.79718589223453	1.58796983848471
chr22	46078563	46078663	8733422	0	+	INTRON	INTRON	lncRNA	MIRLET7BHG	ENSG00000197182.17	336111	57	781	49	708	127	1742	61	281	0.22747112446567	0.0720788268863974	1.79861990249799	1.2053979608259
chr22	46085106	46085205	8733488	0	+	INTRON	INTRON	lncRNA	MIRLET7BHG	ENSG00000197182.17	336113	15	223	57	447	39	405	54	183	0.22747112446567	0.0718395237990812	1.80013373607333	1.1865872409883
chr22	46063804	46063904	8733274	0	+	INTRON	INTRON	lncRNA	MIRLET7BHG	ENSG00000197182.17	336111	57	781	18	48	127	1742	9	40	0.22747112446567	0.0722864679919433	1.79730969468862	1.38058518264299
chr22	46096129	46096228	8733601	0	+	INTRON	INTRON	lncRNA	MIRLET7BHG	ENSG00000197182.17	336119	51	639	73	274	130	1810	60	200	0.22943073317735	0.0731261185642586	1.79204274864133	1.28536832451535
chr22	46076968	46077068	8733406	0	+	INTRON	INTRON	lncRNA	MIRLET7BHG	ENSG00000197182.17	336111	57	781	24	299	127	1742	30	102	0.23086968634369	0.0737830956356123	1.78795606988015	1.3059585347423
chr22	46105502	46105597	8733697	0	+	EXON_LNCRNA	EXON_LNCRNA:INTRON	lncRNA	MIRLET7BHG	ENSG00000197182.17	336126	2	25	45	258	4	99	39	138	0.231654414921834	0.0742329010015842	1.78517521404947	1.684257191381
chr22	46084414	46084513	8733481	0	+	INTRON	INTRON	lncRNA	MIRLET7BHG	ENSG00000197182.17	336113	15	223	27	288	39	405	29	107	0.234441296074715	0.0753273580171334	1.7784659589003	1.26788341821557
chr22	46097225	46097325	8733612	0	+	INTRON	INTRON	lncRNA	MIRLET7BHG	ENSG00000197182.17	336119	51	639	78	346	130	1810	71	212	0.235243971153581	0.0757873618407155	1.77566977589464	1.29365889960923
chr22	46096727	46096826	8733607	0	+	INTRON	INTRON	lncRNA	MIRLET7BHG	ENSG00000197182.17	336119	51	639	103	514	130	1810	99	353	0.236223086836472	0.0766846949895806	1.77025485464558	1.1912573165367
chr22	50300470	50300570	8823884	0	-	INTRON	INTRON	protein_coding	PLXNB2	ENSG00000196576.17	340242	43	253	35	118	59	457	21	84	0.236223086836472	0.0766864825744775	1.77024411922654	0.865383468964729
chr22	50399614	50399714	8744940	0	+	INTRON	INTRON	protein_coding	PPP6R2	ENSG00000100239.17	336427	154	558	24	38	127	547	8	13	0.236223086836472	0.0767116209829779	1.7700931710219	1.04518639843486
chr22	46074774	46074874	8733384	0	+	INTRON	INTRON	lncRNA	MIRLET7BHG	ENSG00000197182.17	336111	57	781	65	809	127	1742	77	367	0.236701300427308	0.0770702687817438	1.76794398350374	1.12282769820668
chr22	46084711	46084809	8733484	0	+	INTRON	INTRON	lncRNA	MIRLET7BHG	ENSG00000197182.17	336113	15	223	60	508	39	405	60	226	0.237774919734643	0.0776241146900038	1.76464103278425	1.10721440931232
chr22	46074874	46074973	8733385	0	+	INTRON	INTRON	lncRNA	MIRLET7BHG	ENSG00000197182.17	336111	57	781	24	293	127	1742	30	94	0.238193712957688	0.0780909956456701	1.7618715900478	1.32630032352089
chr22	31636337	31636437	8780409	0	-	INTRON	INTRON	protein_coding	PISD	ENSG00000241878.13	338332	218	668	28	68	191	581	12	23	0.238193712957688	0.0781701016751175	1.76140368564174	0.828743688794254
chr22	50404893	50404992	8744993	0	+	INTRON	INTRON	protein_coding	PPP6R2	ENSG00000100239.17	336427	154	558	21	55	127	547	7	24	0.238632892854697	0.0785192422365542	1.75934314668008	0.796731245204313
chr22	31623481	31623580	8780280	0	-	INTRON	INTRON	protein_coding	PISD	ENSG00000241878.13	338332	218	668	18	24	191	581	5	8	0.240244050596713	0.0792730735703663	1.75491952702755	1.12204074231659
chr22	23386072	23386171	8760176	0	-	INTRON	INTRON	lncRNA	ENSG00000290920	ENSG00000290920.2	337412	78	303	17	51	125	607	13	42	0.240244050596713	0.07946216450149	1.75381527691318	0.781619372382923
chr22	46076768	46076868	8733404	0	+	INTRON	INTRON	lncRNA	MIRLET7BHG	ENSG00000197182.17	336111	57	781	51	352	127	1742	48	144	0.24195209498294	0.0806232314570003	1.74708132987547	1.26697429793906
chr22	50307452	50307552	8823954	0	-	SS5_ADJ	SS5_ADJ:SS5_PROX:INTRON	protein_coding	PLXNB2	ENSG00000196576.17	340242	43	253	69	270	59	457	48	218	0.24195209498294	0.0802910420575366	1.74899986898043	0.663052663420674
chr22	46108067	46108166	8733723	0	+	INTRON	INTRON	lncRNA	MIRLET7BHG	ENSG00000197182.17	336127	9	164	54	255	31	487	51	145	0.24195209498294	0.0806506983276465	1.74692298424261	1.42962849802233
chr22	46089949	46090048	8733539	0	+	INTRON	INTRON	lncRNA	MIRLET7BHG	ENSG00000197182.17	336119	51	639	38	187	130	1810	38	114	0.24357946984682	0.0816062501024276	1.74144132323942	1.25006578662643
chr22	31635839	31635939	8780404	0	-	INTRON	INTRON	protein_coding	PISD	ENSG00000241878.13	338332	218	668	36	109	191	581	11	46	0.24357946984682	0.0816116780414602	1.74141033422336	0.79643951181115
chr22	49858780	49858880	8742687	0	+	INTRON	INTRON	protein_coding	ZBED4	ENSG00000100426.9	336279	181	423	15	43	122	276	3	11	0.246624617551195	0.0830673411859539	1.73315939905113	1.06085226179834
chr22	50414051	50414151	8745085	0	+	SS3_PROX	SS3_PROX:INTRON	protein_coding	PPP6R2	ENSG00000100239.17	336429	94	264	12	30	145	314	6	15	0.246624617551195	0.0830428073971692	1.7332974859335	1.03094478554068
chr22	42948044	42948144	8810482	0	-	INTRON	INTRON	protein_coding	PACSIN2	ENSG00000100266.20	339621	729	3708	13	41	254	1002	2	2	0.246624617551195	0.0832675899464087	1.73203354530693	1.61705043664855
chr22	36378317	36378417	8793208	0	-	INTRON	INTRON	protein_coding	MYH9	ENSG00000100345.24	338610	143	470	13	21	112	384	1	9	0.247806657834733	0.0838795731846089	1.72860634548921	1.1502210794872
chr22	50306453	50306553	8823944	0	-	INTRON	INTRON	protein_coding	PLXNB2	ENSG00000196576.17	340242	43	253	45	128	59	457	26	91	0.249030528127082	0.0845077823111661	1.72510926972742	0.890692826714199
chr22	46082044	46082142	8733457	0	+	INTRON	INTRON	lncRNA	MIRLET7BHG	ENSG00000197182.17	336113	15	223	33	106	39	405	19	52	0.250175205451356	0.0855410066749482	1.71940305324849	1.4254712735792
chr22	19121927	19122027	8750259	0	-	SS5_PROX	SS5_PROX:INTRON	protein_coding	DGCR2	ENSG00000070413.22	336826	186	536	47	98	106	306	8	31	0.250175205451356	0.0854039569644769	1.72015672463771	0.744057972688401
chr22	50296681	50296780	8823846	0	-	INTRON	INTRON	protein_coding	PLXNB2	ENSG00000196576.17	340242	43	253	12	22	59	457	5	12	0.250175205451356	0.0851641433306239	1.72147787668391	1.37721599389857
chr22	24963366	24963466	8679891	0	+	INTRON	INTRON	protein_coding	KIAA1671	ENSG00000197077.15	333531	300	968	12	28	200	602	2	7	0.250671788408276	0.0859261542739708	1.71729024086093	1.15324827734199
chr22	50306254	50306353	8823942	0	-	INTRON	INTRON	protein_coding	PLXNB2	ENSG00000196576.17	340242	43	253	35	78	59	457	16	59	0.251644928198277	0.0869082999447658	1.71193688711757	1.0173601944292
chr22	46100530	46100629	8733646	0	+	INTRON	INTRON	lncRNA	MIRLET7BHG	ENSG00000197182.17	336123	15	201	25	199	47	578	34	73	0.251644928198277	0.0869057350472055	1.71195080376469	1.434434014884
chr22	46108166	46108266	8733724	0	+	INTRON	INTRON	lncRNA	MIRLET7BHG	ENSG00000197182.17	336127	9	164	83	374	31	487	81	228	0.251644928198277	0.0867285001770109	1.71291325057739	1.34208656774452
chr22	46073777	46073876	8733374	0	+	INTRON	INTRON	lncRNA	MIRLET7BHG	ENSG00000197182.17	336111	57	781	46	244	127	1742	39	125	0.252407364254297	0.0873884603045375	1.70933744871568	1.21263570067058
chr22	46085441	46085535	8733492	0	+	SSB_PROX	SSB_PROX:SS3_PROX:SS5_PROX:INTRON	lncRNA	MIRLET7BHG	ENSG00000197182.17	336115	0	10	41	418	2	30	39	200	0.252433077484167	0.0881266779730376	1.70536335694215	1.76125662018714
chr22	23387963	23388062	8760195	0	-	INTRON	INTRON	lncRNA	ENSG00000290920	ENSG00000290920.2	337412	78	303	42	78	125	607	28	71	0.252433077484167	0.0882154038403006	1.70488752287703	0.777595782127291
chr22	23214520	23214620	8671606	0	+	INTRON	INTRON	protein_coding	BCR	ENSG00000186716.22	333081	142	729	16	22	95	464	0	9	0.252433077484167	0.0877342950574291	1.70747233783751	1.40068480670697
chr22	42924252	42924352	8810244	0	-	INTRON	INTRON	protein_coding	PACSIN2	ENSG00000100266.20	339621	729	3708	27	48	254	1002	1	7	0.252433077484167	0.0882648303574365	1.70462261733006	1.30477054802007
chr22	50306952	50307052	8823949	0	-	INTRON	INTRON	protein_coding	PLXNB2	ENSG00000196576.17	340242	43	253	41	134	59	457	26	94	0.253000037086095	0.0886804253703838	1.70239991824518	0.838154855422988
chr22	29884558	29884658	8695411	0	+	INTRON	INTRON	protein_coding	MTMR3	ENSG00000100330.17	334020	612	1482	29	41	254	502	14	22	0.25392916987563	0.0892242529889457	-1.69950404543799	-0.874697794756671
chr22	31634444	31634544	8780390	0	-	INTRON	INTRON	protein_coding	PISD	ENSG00000241878.13	338332	218	668	24	79	191	581	13	22	0.25438325466455	0.0896023491516026	1.69749905742961	0.859478150244965
chr22	23383683	23383783	8760152	0	-	INTRON	INTRON	lncRNA	ENSG00000290920	ENSG00000290920.2	337412	78	303	22	56	125	607	14	54	0.255460436590899	0.0904207043603527	1.69318265875623	0.725114610142655
chr22	46082933	46083031	8733466	0	+	INTRON	INTRON	lncRNA	MIRLET7BHG	ENSG00000197182.17	336113	15	223	34	99	39	405	19	44	0.255460436590899	0.0902643756195876	1.69400477536256	1.49079585471108
chr22	46076469	46076569	8733401	0	+	INTRON	INTRON	lncRNA	MIRLET7BHG	ENSG00000197182.17	336111	57	781	31	217	127	1742	31	83	0.256077114953792	0.0910789738753178	1.68973338151875	1.27971534955801
chr22	36352151	36352251	8792946	0	-	INTRON	INTRON	protein_coding	MYH9	ENSG00000100345.24	338610	143	470	31	60	112	384	8	26	0.256077114953792	0.0910209313096124	1.69003671224445	0.761674442203426
chr22	31628962	31629062	8780335	0	-	INTRON	INTRON	protein_coding	PISD	ENSG00000241878.13	338332	218	668	12	35	191	581	5	11	0.256668758177308	0.0915099094876141	1.68748615713348	0.948248533009136
chr22	46079062	46079162	8733427	0	+	INTRON	INTRON	lncRNA	MIRLET7BHG	ENSG00000197182.17	336111	57	781	65	658	127	1742	74	299	0.259971315289497	0.0933573967276715	1.6779472527857	1.10647097613185
chr22	46077666	46077766	8733413	0	+	INTRON	INTRON	lncRNA	MIRLET7BHG	ENSG00000197182.17	336111	57	781	57	436	127	1742	58	249	0.259971315289497	0.0929545378801222	1.68001427742513	1.03795909537316
chr22	31638430	31638530	8780430	0	-	INTRON	INTRON	protein_coding	PISD	ENSG00000241878.13	338332	218	668	13	44	191	581	7	12	0.259971315289497	0.0931892040098499	1.67880935911694	0.93145616378174
chr22	46097725	46097825	8733617	0	+	SS3_PROX	SS3_PROX:INTRON	lncRNA	MIRLET7BHG	ENSG00000197182.17	336119	51	639	67	138	130	1810	43	111	0.261170045051612	0.0946192215901757	1.67151893624339	1.45047369027816
chr22	44765799	44765899	8728351	0	+	INTRON	INTRON	protein_coding	ARHGAP8	ENSG00000241484.11	335938	124	311	12	43	119	375	1	20	0.261170045051612	0.0944629030991037	1.6723115508679	1.23998480027074
chr22	50366624	50366724	8744607	0	+	INTRON	INTRON	protein_coding	PPP6R2	ENSG00000100239.17	336422	515	906	16	37	291	597	2	9	0.261170045051612	0.0946853599757561	1.67118389674816	1.17098680900118
chr22	36387306	36387406	8793298	0	-	SS5_PROX	SS5_PROX:INTRON	protein_coding	MYH9	ENSG00000100345.24	338610	143	470	20	42	112	384	4	18	0.261170045051612	0.0940157653885249	1.67458458720347	0.844426048674423
chr22	46085247	46085347	8733490	0	+	SS5_ADJ	SS5_ADJ:SSB_PROX:SS3_PROX:SS5_PROX:INTRON	lncRNA	MIRLET7BHG	ENSG00000197182.17	336115	0	10	39	397	2	30	38	188	0.263112803410214	0.0956157352598974	1.6664906183008	1.74933521745956
chr22	46093437	46093537	8733574	0	+	INTRON	INTRON	lncRNA	MIRLET7BHG	ENSG00000197182.17	336119	51	639	30	242	130	1810	40	132	0.2632224668223	0.0965601317294864	1.66176385713425	1.14610004664883
chr22	46079860	46079960	8733435	0	+	INTRON	INTRON	lncRNA	MIRLET7BHG	ENSG00000197182.17	336111	57	781	66	593	127	1742	72	273	0.2632224668223	0.096448611902389	1.66232008914168	1.1106922100684
chr22	46079162	46079262	8733428	0	+	INTRON	INTRON	lncRNA	MIRLET7BHG	ENSG00000197182.17	336111	57	781	107	534	127	1742	87	317	0.2632224668223	0.0962426044367886	1.66334895566055	1.13359401756168
chr22	46083822	46083920	8733475	0	+	INTRON	INTRON	lncRNA	MIRLET7BHG	ENSG00000197182.17	336113	15	223	38	185	39	405	29	91	0.2632224668223	0.0964212921378616	1.66245643150924	1.21070189833516
chr22	46076369	46076469	8733400	0	+	INTRON	INTRON	lncRNA	MIRLET7BHG	ENSG00000197182.17	336111	57	781	70	564	127	1742	73	316	0.264932974854625	0.0974152175582298	1.65751589715059	1.02488594332315
chr22	46105208	46105308	8733694	0	+	SS3_PROX	SS3_PROX:INTRON	lncRNA	MIRLET7BHG	ENSG00000197182.17	336125	3	86	131	748	19	273	156	532	0.266423402984943	0.0986499026516411	1.6514344137418	1.31272352711358
chr22	46072580	46072680	8733362	0	+	INTRON	INTRON	lncRNA	MIRLET7BHG	ENSG00000197182.17	336111	57	781	51	319	127	1742	48	158	0.266423402984943	0.0984895958794283	1.65222056376252	1.15183708346782
chr22	50290797	50290897	8823787	0	-	SS3_PROX	SS3_PROX:INTRON	protein_coding	PLXNB2	ENSG00000196576.17	340242	43	253	20	44	59	457	10	27	0.266423402984943	0.0982643111601727	1.65332709672889	1.12907585375444
chr22	23379802	23379902	8760113	0	-	INTRON	INTRON	lncRNA	ENSG00000290920	ENSG00000290920.2	337412	78	303	18	18	125	607	9	13	0.267187994100776	0.0991625545116281	1.64892717779239	1.21058767806793
chr22	46103945	46104041	8733681	0	+	INTRON	INTRON	lncRNA	MIRLET7BHG	ENSG00000197182.17	336125	3	86	62	258	19	273	62	140	0.271218211716747	0.101124316052464	1.63942722247446	1.58083560608022
chr22	31631155	31631255	8780357	0	-	INTRON	INTRON	protein_coding	PISD	ENSG00000241878.13	338332	218	668	54	142	191	581	14	70	0.271218211716747	0.100991049765317	1.64006790025101	0.741259585007516
chr22	46083426	46083525	8733471	0	+	INTRON	INTRON	lncRNA	MIRLET7BHG	ENSG00000197182.17	336113	15	223	16	49	39	405	9	27	0.272364161700028	0.101785575893052	1.63625812592482	1.42679789963233
chr22	50397622	50397722	8744920	0	+	INTRON	INTRON	protein_coding	PPP6R2	ENSG00000100239.17	336427	154	558	29	66	127	547	14	20	0.273875301326641	0.102662394660774	1.63208113808995	0.86376145104804
chr22	36386906	36387006	8793294	0	-	INTRON	INTRON	protein_coding	MYH9	ENSG00000100345.24	338610	143	470	37	59	112	384	10	26	0.273875301326641	0.10282088202727	1.63132916762346	0.758181861502934
chr22	46073976	46074076	8733376	0	+	INTRON	INTRON	lncRNA	MIRLET7BHG	ENSG00000197182.17	336111	57	781	67	491	127	1742	68	211	0.279700300177612	0.105547284986658	1.61853530346733	1.16493548520515
chr22	50190102	50190201	8744057	0	+	UTR5	UTR5:EXON_MRNA:INTRON	protein_coding	TRABD	ENSG00000170638.11	336381	3	44	28	136	6	46	11	38	0.279700300177612	0.10572863580597	1.61769364701599	1.43947176813135
chr22	49901788	49901886	8822589	0	-	UTR3	UTR3:EXON_MRNA	protein_coding	ALG12	ENSG00000182858.15	340014	27	88	12	34	32	243	7	22	0.279700300177612	0.105360852104212	1.61940174283778	1.22872512564718
chr22	50293589	50293689	8823815	0	-	INTRON	INTRON	protein_coding	PLXNB2	ENSG00000196576.17	340242	43	253	33	70	59	457	17	46	0.280473352798307	0.106261811498328	1.61522577151559	1.04521296582062
chr22	46076270	46076369	8733399	0	+	INTRON	INTRON	lncRNA	MIRLET7BHG	ENSG00000197182.17	336111	57	781	15	97	127	1742	16	30	0.284541764057041	0.108171063759196	1.60646825827575	1.37385272048729
chr22	50366724	50366824	8744608	0	+	INTRON	INTRON	protein_coding	PPP6R2	ENSG00000100239.17	336422	515	906	20	22	291	597	1	8	0.284541764057041	0.108292097489063	1.60591722887677	1.17200488884927
chr22	50307152	50307252	8823951	0	-	SS5_PROX	SS5_PROX:INTRON	protein_coding	PLXNB2	ENSG00000196576.17	340242	43	253	70	191	59	457	44	139	0.286069072548171	0.109119130765797	1.60216498503286	0.805712602519136
chr22	41445280	41445379	8804871	0	-	INTRON	INTRON	protein_coding	TOB2	ENSG00000183864.7	339327	64	144	13	19	77	174	6	7	0.294907084839725	0.112743687932713	1.58598069910554	1.13392618784796
chr22	23912117	23912217	8761830	0	-	INTRON	INTRON	lncRNA	ENSG00000290199	ENSG00000290199.2	337529	240	508	13	19	330	1165	23	55	0.296855563120718	0.113743626419107	-1.58158812611812	-0.801080625574469
chr22	46093338	46093437	8733573	0	+	INTRON	INTRON	lncRNA	MIRLET7BHG	ENSG00000197182.17	336119	51	639	42	381	130	1810	60	237	0.299537384252418	0.115164526973525	1.57539834156843	1.01391827526948
chr22	46099352	46099450	8733634	0	+	INTRON	INTRON	lncRNA	MIRLET7BHG	ENSG00000197182.17	336123	15	201	29	253	47	578	45	121	0.299537384252418	0.115285866104023	1.57487254913172	1.19718797944156
chr22	50293988	50294088	8823819	0	-	INTRON	INTRON	protein_coding	PLXNB2	ENSG00000196576.17	340242	43	253	29	69	59	457	18	32	0.301641613237038	0.116573784780973	1.56931832369252	1.12389105297566
chr22	36387406	36387506	8793299	0	-	SS5_PROX	SS5_PROX:INTRON	protein_coding	MYH9	ENSG00000100345.24	338610	143	470	74	105	112	384	15	59	0.301641613237038	0.116614025735968	1.56914556063379	0.730520321601467
chr22	46085007	46085106	8733487	0	+	INTRON	INTRON	lncRNA	MIRLET7BHG	ENSG00000197182.17	336113	15	223	85	584	39	405	84	280	0.301721928504771	0.117163498010444	1.56679122989967	1.0074696830162
chr22	50300171	50300271	8823881	0	-	INTRON	INTRON	protein_coding	PLXNB2	ENSG00000196576.17	340242	43	253	32	113	59	457	23	72	0.301721928504771	0.116973114444889	1.56760598522464	0.83090990751212
chr22	46098858	46098958	8733629	0	+	SS5_PROX	SS5_PROX:INTRON	lncRNA	MIRLET7BHG	ENSG00000197182.17	336123	15	201	101	335	47	578	101	224	0.302781840255959	0.11816701337907	1.56251373238331	1.21115184423198
chr22	50297080	50297179	8823850	0	-	INTRON	INTRON	protein_coding	PLXNB2	ENSG00000196576.17	340242	43	253	17	58	59	457	10	42	0.302781840255959	0.11835544442995	1.56171372326482	0.868001169930325
chr22	20491319	20491418	8756065	0	-	INTRON	INTRON	protein_coding	KLHL22	ENSG00000099910.18	337203	63	253	16	32	81	323	7	18	0.302781840255959	0.118010260550507	1.56318001019746	0.935041739555623
chr22	23389157	23389256	8760207	0	-	INTRON	INTRON	lncRNA	ENSG00000290920	ENSG00000290920.2	337412	78	303	36	60	125	607	24	55	0.305146285856145	0.119884130420021	1.55526012300961	0.778118276863873
chr22	50299772	50299872	8823877	0	-	INTRON	INTRON	protein_coding	PLXNB2	ENSG00000196576.17	340242	43	253	53	110	59	457	31	57	0.305146285856145	0.119749033064011	1.55582785278439	1.07462025465324
chr22	44800578	44800677	8728700	0	+	INTRON	INTRON	protein_coding	ARHGAP8	ENSG00000241484.11	335941	28	111	23	34	42	142	11	12	0.305146285856145	0.120066150276731	1.55449599907474	1.25095892278111
chr22	50300071	50300171	8823880	0	-	INTRON	INTRON	protein_coding	PLXNB2	ENSG00000196576.17	340242	43	253	99	391	59	457	79	276	0.305190869340083	0.120870266980909	1.55113111070336	0.654747462385698
chr22	31626670	31626770	8780312	0	-	INTRON	INTRON	protein_coding	PISD	ENSG00000241878.13	338332	218	668	17	89	191	581	8	28	0.305190869340083	0.120494428036888	1.55270164969266	0.889779563772539
chr22	19106157	19106257	8750101	0	-	INTRON	INTRON	protein_coding	DGCR2	ENSG00000070413.22	336826	186	536	14	27	106	306	1	8	0.305190869340083	0.120719599732257	1.55176025267099	1.04417809067655
chr22	46108466	46108566	8733727	0	+	INTRON	INTRON	lncRNA	MIRLET7BHG	ENSG00000197182.17	336127	9	164	44	311	31	487	57	174	0.307696277100496	0.122155634969101	1.54578858409155	1.20739688983361
chr22	50349144	50349244	8744432	0	+	INTRON	INTRON	protein_coding	PPP6R2	ENSG00000100239.17	336422	515	906	13	51	291	597	5	8	0.307696277100496	0.122391216750455	1.54481417853707	1.08644963185798
chr22	31635341	31635440	8780399	0	-	INTRON	INTRON	protein_coding	PISD	ENSG00000241878.13	338332	218	668	24	60	191	581	13	16	0.310006667502869	0.123576540997707	1.53993359421763	0.833992235116889
chr22	46105597	46105691	8733698	0	+	EXON_LNCRNA	EXON_LNCRNA:INTRON	lncRNA	MIRLET7BHG	ENSG00000197182.17	336126	2	25	37	298	4	99	44	178	0.311431495558336	0.125074941808818	1.53381593426509	1.39244813442901
chr22	23388659	23388759	8760202	0	-	INTRON	INTRON	lncRNA	ENSG00000290920	ENSG00000290920.2	337412	78	303	27	68	125	607	23	58	0.311431495558336	0.12454777111238	1.53596171198805	0.673364140850756
chr22	42986430	42986530	8810866	0	-	INTRON	INTRON	protein_coding	PACSIN2	ENSG00000100266.20	339621	729	3708	37	49	254	1002	15	26	0.311431495558336	0.124682608954309	-1.53541219953607	-1.04948012925482
chr22	20105876	20105976	8665956	0	+	SS3_PROX	SS3_PROX:INTRON	protein_coding	DGCR8	ENSG00000128191.18	332645	29	144	13	20	27	102	3	4	0.311431495558336	0.1252147250183	1.53324814842011	1.50554361682902
chr22	31624876	31624976	8780294	0	-	INTRON	INTRON	protein_coding	PISD	ENSG00000241878.13	338332	218	668	34	71	191	581	6	39	0.313542093164338	0.126332681867762	1.52872479884454	0.791183804235919
chr22	23912217	23912317	8761831	0	-	INTRON	INTRON	lncRNA	ENSG00000290199	ENSG00000290199.2	337529	240	508	16	13	330	1165	24	54	0.314449572270289	0.127099793201625	-1.52563900246513	-0.890012219695498
chr22	50307252	50307352	8823952	0	-	SS5_PROX	SS5_PROX:INTRON	protein_coding	PLXNB2	ENSG00000196576.17	340242	43	253	79	281	59	457	60	208	0.314449572270289	0.127508761264241	1.52399979955277	0.658691223634471
chr22	46094335	46094434	8733583	0	+	INTRON	INTRON	lncRNA	MIRLET7BHG	ENSG00000197182.17	336119	51	639	153	282	130	1810	103	208	0.314449572270289	0.127406254579124	1.52441027653691	1.43073596682219
chr22	31639925	31640025	8780445	0	-	INTRON	INTRON	protein_coding	PISD	ENSG00000241878.13	338332	218	668	33	28	191	581	10	8	0.315060697246574	0.128027242094184	1.5219275224573	1.11372221198006
chr22	46081648	46081747	8733453	0	+	INTRON	INTRON	lncRNA	MIRLET7BHG	ENSG00000197182.17	336113	15	223	43	317	39	405	44	175	0.315222854507114	0.12878908588858	1.51889437199607	0.951101507543749
chr22	23385077	23385176	8760166	0	-	INTRON	INTRON	lncRNA	ENSG00000290920	ENSG00000290920.2	337412	78	303	41	97	125	607	28	107	0.315222854507114	0.128604295653877	1.51962879893566	0.57877215010729
chr22	46069688	46069788	8733333	0	+	INTRON	INTRON	lncRNA	MIRLET7BHG	ENSG00000197182.17	336111	57	781	12	64	127	1742	11	51	0.315222854507114	0.128905565932462	1.51843185646853	0.978673633889844
chr22	46084019	46084118	8733477	0	+	INTRON	INTRON	lncRNA	MIRLET7BHG	ENSG00000197182.17	336113	15	223	32	301	39	405	37	108	0.316582367729364	0.129733496054043	1.51515365682947	1.15003804540786
chr22	46075971	46076070	8733396	0	+	INTRON	INTRON	lncRNA	MIRLET7BHG	ENSG00000197182.17	336111	57	781	50	399	127	1742	56	149	0.317207351527539	0.130262125455467	1.51306902962302	1.16503054057887
chr22	50302265	50302365	8823902	0	-	INTRON	INTRON	protein_coding	PLXNB2	ENSG00000196576.17	340242	43	253	16	60	59	457	12	35	0.319452516282214	0.131458552662526	1.50837509795156	0.905331047672879
chr22	23388560	23388659	8760201	0	-	INTRON	INTRON	lncRNA	ENSG00000290920	ENSG00000290920.2	337412	78	303	41	47	125	607	20	54	0.320794003350616	0.132561783171517	1.50407606188692	0.867106870452513
chr22	43013620	43013720	8811138	0	-	INTRON	INTRON	protein_coding	PACSIN2	ENSG00000100266.20	339621	729	3708	20	69	254	1002	7	30	0.320794003350616	0.132512923405565	-1.50426586945766	-0.789727796530369
chr22	41534238	41534337	8805077	0	-	INTRON	INTRON	protein_coding	POLR3H	ENSG00000100413.18	339347	40	163	17	37	71	214	11	18	0.323292781552085	0.133872096828269	1.4990059178738	0.999739863479279
chr22	19106956	19107056	8750109	0	-	INTRON	INTRON	protein_coding	DGCR2	ENSG00000070413.22	336826	186	536	12	22	106	306	3	4	0.323383909312202	0.134187653090888	1.49779064128781	1.07485465868416
chr22	24953072	24953172	8679788	0	+	SS5_PROX	SS5_PROX:INTRON	protein_coding	KIAA1671	ENSG00000197077.15	333531	300	968	37	93	200	602	10	30	0.326513869308785	0.135766935348326	1.49174146131525	0.686007529576599
chr22	36352551	36352651	8792950	0	-	INTRON	INTRON	protein_coding	MYH9	ENSG00000100345.24	338610	143	470	24	45	112	384	8	18	0.333368844219016	0.139146891056688	1.47897539480593	0.71617841294135
chr22	50395431	50395531	8744898	0	+	INTRON	INTRON	protein_coding	PPP6R2	ENSG00000100239.17	336427	154	558	34	64	127	547	12	32	0.333368844219016	0.13919008444196	1.47881380786413	0.675763706953216
chr22	50303861	50303960	8823918	0	-	INTRON	INTRON	protein_coding	PLXNB2	ENSG00000196576.17	340242	43	253	23	108	59	457	17	83	0.338574416380505	0.141654416475349	1.46965795109324	0.683157487073118
chr22	31638530	31638630	8780431	0	-	INTRON	INTRON	protein_coding	PISD	ENSG00000241878.13	338332	218	668	27	44	191	581	7	23	0.338575568190374	0.141945770856445	1.46858358128855	0.721782421893479
chr22	23383186	23383285	8760147	0	-	INTRON	INTRON	lncRNA	ENSG00000290920	ENSG00000290920.2	337412	78	303	20	33	125	607	13	30	0.34141240035599	0.143428405304192	1.46314244638605	0.80487240879979
chr22	43001324	43001424	8811015	0	-	INTRON	INTRON	protein_coding	PACSIN2	ENSG00000100266.20	339621	729	3708	22	42	254	1002	4	29	0.341491597226629	0.144037201776728	-1.46092071227605	-0.900433953318439
chr22	50302365	50302464	8823903	0	-	INTRON	INTRON	protein_coding	PLXNB2	ENSG00000196576.17	340242	43	253	23	69	59	457	16	41	0.341491597226629	0.144048431476181	1.46087979844652	0.904921151915102
chr22	23388261	23388361	8760198	0	-	INTRON	INTRON	lncRNA	ENSG00000290920	ENSG00000290920.2	337412	78	303	30	76	125	607	21	82	0.342684060986249	0.144845840210683	1.45798078220392	0.575608019747409
chr22	46076669	46076768	8733403	0	+	INTRON	INTRON	lncRNA	MIRLET7BHG	ENSG00000197182.17	336111	57	781	87	613	127	1742	93	261	0.343584238435492	0.145816678511283	1.45446771341947	1.09500777436727
chr22	24952772	24952872	8679785	0	+	SS5_ADJ	SS5_ADJ:SS5_PROX:INTRON	protein_coding	KIAA1671	ENSG00000197077.15	333531	300	968	49	83	200	602	12	29	0.343584238435492	0.14564175928326	1.45509934937529	0.694318792544088
chr22	46079461	46079561	8733431	0	+	INTRON	INTRON	lncRNA	MIRLET7BHG	ENSG00000197182.17	336111	57	781	81	705	127	1742	95	337	0.343699509971814	0.146160874085952	1.45322650958759	1.00273719136536
chr22	41540398	41540498	8805139	0	-	SS5_PROX	SS5_PROX:INTRON	protein_coding	POLR3H	ENSG00000100413.18	339347	40	163	22	28	71	214	6	26	0.344273401350029	0.146700693358775	1.45128436420389	1.02671332080694
chr22	46108266	46108366	8733725	0	+	INTRON	INTRON	lncRNA	MIRLET7BHG	ENSG00000197182.17	336127	9	164	125	486	31	487	129	402	0.344500223904995	0.147093308660466	1.44987525584991	1.11548724999764
chr22	46078464	46078563	8733421	0	+	INTRON	INTRON	lncRNA	MIRLET7BHG	ENSG00000197182.17	336111	57	781	34	412	127	1742	48	159	0.349303746597583	0.149744475560304	1.44043461760307	1.0674881867754
chr22	41848645	41848745	8723971	0	+	INTRON	INTRON	protein_coding	SREBF2	ENSG00000198911.14	335702	921	2208	22	31	472	1115	4	7	0.349303746597583	0.149600937895052	1.44094246477203	0.907710634517227
chr22	23379504	23379603	8760110	0	-	INTRON	INTRON	lncRNA	ENSG00000290920	ENSG00000290920.2	337412	78	303	22	30	125	607	13	29	0.35654039376608	0.153153090105705	1.4284822845012	0.836904897213893
chr22	23385375	23385475	8760169	0	-	INTRON	INTRON	lncRNA	ENSG00000290920	ENSG00000290920.2	337412	78	303	37	75	125	607	28	74	0.357335733867167	0.153801720504683	1.42623083936365	0.625478705676672
chr22	46085635	46085728	8733494	0	+	EXON_LNCRNA	EXON_LNCRNA:INTRON	lncRNA	MIRLET7BHG	ENSG00000197182.17	336116	0	2	39	333	0	9	40	152	0.358076592130714	0.15504347288134	1.42194067829458	1.99335633528585
chr22	23388759	23388858	8760203	0	-	INTRON	INTRON	lncRNA	ENSG00000290920	ENSG00000290920.2	337412	78	303	38	70	125	607	30	59	0.358076592130714	0.154468437712821	1.42392412366014	0.713225336648204
chr22	24953571	24953671	8679793	0	+	INTRON	INTRON	protein_coding	KIAA1671	ENSG00000197077.15	333531	300	968	28	47	200	602	4	19	0.358076592130714	0.154870244836392	1.42253759783177	0.784404310811778
chr22	50302564	50302664	8823905	0	-	INTRON	INTRON	protein_coding	PLXNB2	ENSG00000196576.17	340242	43	253	49	107	59	457	29	77	0.358277915607566	0.155746241664457	1.41952421721185	0.86465117498907
chr22	44980758	44980858	8817469	0	-	INTRON	INTRON	protein_coding	PHF21B	ENSG00000056487.18	339822	132	402	16	26	368	1625	16	55	0.358277915607566	0.155665243751794	1.41980230493688	0.712911672464374
chr22	50407873	50407972	8745023	0	+	INTRON	INTRON	protein_coding	PPP6R2	ENSG00000100239.17	336429	94	264	23	54	145	314	17	29	0.359822516449402	0.156726817731827	1.41616630835423	0.714497816712376
chr22	42918354	42918454	8810185	0	-	INTRON	INTRON	protein_coding	PACSIN2	ENSG00000100266.20	339621	729	3708	12	20	254	1002	0	3	0.360890912331997	0.157502219471353	1.41352226523967	1.48524881939722
chr22	50303661	50303761	8823916	0	-	INTRON	INTRON	protein_coding	PLXNB2	ENSG00000196576.17	340242	43	253	56	104	59	457	32	68	0.36326835604421	0.158851884215209	1.40894347046517	0.952699546751768
chr22	46083130	46083229	8733468	0	+	INTRON	INTRON	lncRNA	MIRLET7BHG	ENSG00000197182.17	336113	15	223	19	45	39	405	9	42	0.367263087452892	0.160914239347917	1.40200337338319	1.19237041036842
chr22	23382589	23382688	8760141	0	-	INTRON	INTRON	lncRNA	ENSG00000290920	ENSG00000290920.2	337412	78	303	23	56	125	607	21	45	0.36791576175697	0.161832362559767	1.39893537753035	0.672800837951965
chr22	31630657	31630756	8780352	0	-	INTRON	INTRON	protein_coding	PISD	ENSG00000241878.13	338332	218	668	20	95	191	581	7	37	0.36791576175697	0.161608907940223	1.39968085975084	0.803220671281833
chr22	23384679	23384778	8760162	0	-	INTRON	INTRON	lncRNA	ENSG00000290920	ENSG00000290920.2	337412	78	303	29	66	125	607	28	40	0.368574271186329	0.1624386607548	1.39691657129798	0.78802583188959
chr22	50292891	50292991	8823808	0	-	INTRON	INTRON	protein_coding	PLXNB2	ENSG00000196576.17	340242	43	253	27	79	59	457	18	57	0.377141895952617	0.166538603539214	1.38341190082659	0.786190429557011
chr22	46105786	46105880	8733700	0	+	EXON_LNCRNA	EXON_LNCRNA:INTRON	lncRNA	MIRLET7BHG	ENSG00000197182.17	336126	2	25	33	180	4	99	35	134	0.381539064044161	0.168808091050466	1.37604374255589	1.31399523330786
chr22	42985730	42985830	8810859	0	-	INTRON	INTRON	protein_coding	PACSIN2	ENSG00000100266.20	339621	729	3708	40	40	254	1002	11	30	0.387414056890423	0.171740252023589	-1.36663337035635	-0.974574706823308
chr22	46089749	46089849	8733537	0	+	INTRON	INTRON	lncRNA	MIRLET7BHG	ENSG00000197182.17	336119	51	639	8	128	130	1810	19	57	0.39145935321081	0.173869832998272	1.35987389560774	1.06930868215111
chr22	46071682	46071782	8733353	0	+	INTRON	INTRON	lncRNA	MIRLET7BHG	ENSG00000197182.17	336111	57	781	152	1415	127	1742	187	827	0.392325541261058	0.175510304157642	1.35470895339195	0.851473865172598
chr22	49854189	49854289	8742641	0	+	SS5_PROX	SS5_PROX:INTRON	protein_coding	ZBED4	ENSG00000100426.9	336279	181	423	65	138	122	276	19	52	0.392325541261058	0.175933395876407	1.35338271712069	0.536045594833816
chr22	31636138	31636238	8780407	0	-	INTRON	INTRON	protein_coding	PISD	ENSG00000241878.13	338332	218	668	21	95	191	581	6	40	0.392325541261058	0.17577278270038	1.35388589971007	0.801538994973865
chr22	42947744	42947844	8810479	0	-	INTRON	INTRON	protein_coding	PACSIN2	ENSG00000100266.20	339621	729	3708	23	41	254	1002	0	8	0.392325541261058	0.175939804586144	1.35336264647925	1.20915230653134
chr22	42947344	42947444	8810475	0	-	INTRON	INTRON	protein_coding	PACSIN2	ENSG00000100266.20	339621	729	3708	12	26	254	1002	0	4	0.392325541261058	0.175268586362064	1.35546772016215	1.31038999395002
chr22	23387067	23387166	8760186	0	-	INTRON	INTRON	lncRNA	ENSG00000290920	ENSG00000290920.2	337412	78	303	70	121	125	607	54	115	0.400345450452666	0.180046882033626	1.34061069808942	0.637622240033669
chr22	50398120	50398220	8744925	0	+	INTRON	INTRON	protein_coding	PPP6R2	ENSG00000100239.17	336427	154	558	67	93	127	547	25	42	0.400345450452666	0.180568179972208	1.33900765774316	0.72405477008698
chr22	41841051	41841151	8723895	0	+	INTRON	INTRON	protein_coding	SREBF2	ENSG00000198911.14	335702	921	2208	35	41	472	1115	14	34	0.400345450452666	0.180352889183994	-1.33966927995951	-0.653340026139432
chr22	43013820	43013920	8811140	0	-	INTRON	INTRON	protein_coding	PACSIN2	ENSG00000100266.20	339621	729	3708	47	106	254	1002	17	41	0.402289416680151	0.182018723063174	-1.33456511165032	-0.719120741309639
chr22	46078863	46078962	8733425	0	+	INTRON	INTRON	lncRNA	MIRLET7BHG	ENSG00000197182.17	336111	57	781	29	321	127	1742	42	147	0.402289416680151	0.182136187792474	1.33420650639919	0.948157847645581
chr22	50305157	50305257	8823931	0	-	INTRON	INTRON	protein_coding	PLXNB2	ENSG00000196576.17	340242	43	253	24	100	59	457	17	84	0.404385386602031	0.18343254649989	1.33026022758718	0.622713662370325
chr22	42947844	42947944	8810480	0	-	INTRON	INTRON	protein_coding	PACSIN2	ENSG00000100266.20	339621	729	3708	18	66	254	1002	2	9	0.404933218107952	0.184028928160744	1.32845170467023	0.870358649126843
chr22	50189707	50189806	8744053	0	+	INTRON	INTRON	protein_coding	TRABD	ENSG00000170638.11	336380	6	49	43	103	5	63	12	49	0.406947041933636	0.18579036794213	1.32313535860886	1.21213514888395
chr22	24955470	24955570	8679812	0	+	INTRON	INTRON	protein_coding	KIAA1671	ENSG00000197077.15	333531	300	968	30	44	200	602	6	17	0.406947041933636	0.185887648607525	1.32284283608042	0.726241507923827
chr22	41540098	41540198	8805136	0	-	INTRON	INTRON	protein_coding	POLR3H	ENSG00000100413.18	339347	40	163	21	33	71	214	13	17	0.406947041933636	0.185992977928431	1.32252623885812	0.939202027964957
chr22	46085347	46085441	8733491	0	+	SSB_PROX	SSB_PROX:SS3_PROX:SS5_PROX:INTRON	lncRNA	MIRLET7BHG	ENSG00000197182.17	336115	0	10	21	196	2	30	26	72	0.408290103659624	0.187311283815859	1.31857485746503	1.68340691952087
chr22	23385972	23386072	8760175	0	-	INTRON	INTRON	lncRNA	ENSG00000290920	ENSG00000290920.2	337412	78	303	45	81	125	607	31	92	0.408290103659624	0.187659111218126	1.3175357342364	0.579438168916829
chr22	31633148	31633248	8780377	0	-	INTRON	INTRON	protein_coding	PISD	ENSG00000241878.13	338332	218	668	13	56	191	581	4	23	0.408290103659624	0.187136800006305	1.31909665892895	0.790590035486048
chr22	46075272	46075372	8733389	0	+	INTRON	INTRON	lncRNA	MIRLET7BHG	ENSG00000197182.17	336111	57	781	37	297	127	1742	46	175	0.408368178894582	0.188108474951043	1.31619537707083	0.865897451560513
chr22	36366832	36366932	8793093	0	-	INTRON	INTRON	protein_coding	MYH9	ENSG00000100345.24	338610	143	470	19	26	112	384	11	34	0.408368178894582	0.188396659850851	-1.31533702533357	-0.634003908154338
chr22	44975461	44975561	8817416	0	-	INTRON	INTRON	protein_coding	PHF21B	ENSG00000056487.18	339822	132	402	17	20	368	1625	16	46	0.408790815611336	0.188942834019673	1.31371291227632	0.742596574196433
chr22	20508146	20508246	8666648	0	+	SS5_PROX	SS5_PROX:INTRON	protein_coding	MED15	ENSG00000099917.18	332714	55	182	17	11	62	207	16	36	0.409426339520519	0.189588313575223	-1.31179795958521	-0.995449010078404
chr22	50187236	50187335	8744028	0	+	INTRON	INTRON	protein_coding	TRABD	ENSG00000170638.11	336380	6	49	25	101	5	63	8	48	0.410752970360967	0.19055550171385	1.30893756180558	1.0705734406317
chr22	24953671	24953771	8679794	0	+	INTRON	INTRON	protein_coding	KIAA1671	ENSG00000197077.15	333531	300	968	21	63	200	602	1	24	0.412412961620365	0.191679907419775	1.30562560817991	0.96622772398771
chr22	46073078	46073178	8733367	0	+	INTRON	INTRON	lncRNA	MIRLET7BHG	ENSG00000197182.17	336111	57	781	61	436	127	1742	71	260	0.416606965558828	0.194345001974608	1.29783220053564	0.867092465633261
chr22	31628265	31628364	8780328	0	-	INTRON	INTRON	protein_coding	PISD	ENSG00000241878.13	338332	218	668	19	36	191	581	3	21	0.416606965558828	0.194331051119173	1.29787279138805	0.73061006185622
chr22	24953371	24953471	8679791	0	+	INTRON	INTRON	protein_coding	KIAA1671	ENSG00000197077.15	333531	300	968	57	95	200	602	16	33	0.416842210427965	0.194812854358087	1.29647219229689	0.614739704693285
chr22	42986930	42987029	8810871	0	-	INTRON	INTRON	protein_coding	PACSIN2	ENSG00000100266.20	339621	729	3708	21	36	254	1002	4	23	0.418710464765705	0.196045707300094	-1.29289982718199	-0.812420457276226
chr22	44800777	44800877	8728702	0	+	INTRON	INTRON	protein_coding	ARHGAP8	ENSG00000241484.11	335941	28	111	17	77	42	142	11	41	0.420323725349625	0.197391242753237	1.28901968607263	0.861890740462367
chr22	50441426	50441526	8745380	0	+	SS5_PROX	SS5_PROX:INTRON	protein_coding	PPP6R2	ENSG00000100239.17	336465	16	105	22	37	45	153	14	24	0.420323725349625	0.197523262685777	1.2886400225246	1.06405726431963
chr22	46082142	46082241	8733458	0	+	INTRON	INTRON	lncRNA	MIRLET7BHG	ENSG00000197182.17	336113	15	223	34	96	39	405	23	65	0.421427821240702	0.198766214657341	1.28507460540511	1.07532220319706
chr22	43008722	43008822	8811089	0	-	INTRON	INTRON	protein_coding	PACSIN2	ENSG00000100266.20	339621	729	3708	16	42	254	1002	7	16	0.421427821240702	0.19840840682818	-1.28609930450326	-0.786111799952787
chr22	31627069	31627168	8780316	0	-	INTRON	INTRON	protein_coding	PISD	ENSG00000241878.13	338332	218	668	15	61	191	581	9	21	0.422791833746532	0.199772773677485	1.282199208877	0.675445760984981
chr22	36387706	36387806	8793302	0	-	SS5_ADJ	SS5_ADJ:SS5_PROX:INTRON	protein_coding	MYH9	ENSG00000100345.24	338610	143	470	63	119	112	384	23	57	0.425913008627489	0.201613460269541	1.27696823992098	0.497851863667474
chr22	50296780	50296880	8823847	0	-	INTRON	INTRON	protein_coding	PLXNB2	ENSG00000196576.17	340242	43	253	52	90	59	457	26	87	0.428606814381061	0.205828339654028	1.26511992969811	0.802284505816638
chr22	46070585	46070685	8733342	0	+	INTRON	INTRON	lncRNA	MIRLET7BHG	ENSG00000197182.17	336111	57	781	52	505	127	1742	64	515	0.428606814381061	0.203411788197275	1.27189117397325	0.559472440469284
chr22	49815953	49816053	8822452	0	-	INTRON	INTRON	protein_coding	BRD1	ENSG00000100425.21	340009	169	394	93	108	171	425	38	77	0.428606814381061	0.205748650344365	1.26534229725652	0.508927154164316
chr22	50442009	50442106	8745386	0	+	INTRON	INTRON	protein_coding	PPP6R2	ENSG00000100239.17	336465	16	105	13	39	45	153	10	27	0.428606814381061	0.205834372198465	1.26510309884311	0.965019734692327
chr22	50297678	50297778	8823856	0	-	INTRON	INTRON	protein_coding	PLXNB2	ENSG00000196576.17	340242	43	253	12	36	59	457	7	29	0.428606814381061	0.205281393358789	1.26664740671063	0.779532543250343
chr22	24156503	24156603	8675740	0	+	INTRON	INTRON	protein_coding	CABIN1	ENSG00000099991.19	333313	37	153	18	52	35	182	5	31	0.428606814381061	0.204021735662057	1.27017658670644	0.812404455754466
chr22	42947244	42947344	8810474	0	-	INTRON	INTRON	protein_coding	PACSIN2	ENSG00000100266.20	339621	729	3708	12	31	254	1002	0	5	0.428606814381061	0.205527250503651	1.2659604269708	1.16651877756477
chr22	36387606	36387706	8793301	0	-	SS5_PROX	SS5_PROX:INTRON	protein_coding	MYH9	ENSG00000100345.24	338610	143	470	53	182	112	384	16	88	0.428606814381061	0.204019900810921	1.27018173894998	0.538258310357647
chr22	42987129	42987229	8810873	0	-	INTRON	INTRON	protein_coding	PACSIN2	ENSG00000100266.20	339621	729	3708	39	87	254	1002	7	51	0.435428579162009	0.209484539803028	-1.25498407851627	-0.711929303872457
chr22	50307052	50307152	8823950	0	-	SS5_PROX	SS5_PROX:INTRON	protein_coding	PLXNB2	ENSG00000196576.17	340242	43	253	44	135	59	457	34	95	0.435492506377641	0.209949384228502	1.25370463056712	0.680064259011872
chr22	31630457	31630557	8780350	0	-	INTRON	INTRON	protein_coding	PISD	ENSG00000241878.13	338332	218	668	78	122	191	581	24	74	0.435492506377641	0.210263564075803	1.25284103607887	0.537985276942731
chr22	50292991	50293091	8823809	0	-	INTRON	INTRON	protein_coding	PLXNB2	ENSG00000196576.17	340242	43	253	22	71	59	457	15	58	0.438265778493089	0.211979066401726	1.24814198175834	0.673348728840869
chr22	50292792	50292891	8823807	0	-	INTRON	INTRON	protein_coding	PLXNB2	ENSG00000196576.17	340242	43	253	18	50	59	457	8	50	0.438559099625834	0.212874477052059	1.24570020858721	0.714667863577721
chr22	42908436	42908535	8810085	0	-	INTRON	INTRON	protein_coding	PACSIN2	ENSG00000100266.20	339618	21	228	19	28	23	133	2	13	0.438559099625834	0.212835622666797	1.24580600987637	1.27013900851015
chr22	46077167	46077267	8733408	0	+	INTRON	INTRON	lncRNA	MIRLET7BHG	ENSG00000197182.17	336111	57	781	92	509	127	1742	97	317	0.44163764226376	0.214748200619663	1.24061447889011	0.877533867495232
chr22	44973462	44973562	8817396	0	-	INTRON	INTRON	protein_coding	PHF21B	ENSG00000056487.18	339822	132	402	13	25	368	1625	17	49	0.443537422844631	0.216053022983596	1.23709174801219	0.615528287890359
chr22	50300969	50301068	8823889	0	-	INTRON	INTRON	protein_coding	PLXNB2	ENSG00000196576.17	340242	43	253	77	214	59	457	55	184	0.445038007951752	0.217308522250017	1.23371661018537	0.589366146767428
chr22	50404793	50404893	8744992	0	+	INTRON	INTRON	protein_coding	PPP6R2	ENSG00000100239.17	336427	154	558	27	52	127	547	13	21	0.445038007951752	0.217548648216964	1.2330726826684	0.649564840681282
chr22	31628065	31628165	8780326	0	-	INTRON	INTRON	protein_coding	PISD	ENSG00000241878.13	338332	218	668	14	66	191	581	7	25	0.445729917480819	0.219035663916691	1.2290964022513	0.686850590721855
chr22	31632650	31632750	8780372	0	-	INTRON	INTRON	protein_coding	PISD	ENSG00000241878.13	338332	218	668	31	61	191	581	11	32	0.445729917480819	0.219024612620926	1.22912588178168	0.546147948465719
chr22	44765500	44765600	8728348	0	+	INTRON	INTRON	protein_coding	ARHGAP8	ENSG00000241484.11	335938	124	311	19	17	119	375	1	18	0.445729917480819	0.218298549973766	1.23106501232614	0.926955235345698
chr22	50402303	50402403	8744967	0	+	INTRON	INTRON	protein_coding	PPP6R2	ENSG00000100239.17	336427	154	558	18	32	127	547	6	17	0.447904869674665	0.220489252855312	1.22522819823358	0.650664618293172
chr22	50291196	50291296	8823791	0	-	INTRON	INTRON	protein_coding	PLXNB2	ENSG00000196576.17	340242	43	253	18	74	59	457	16	48	0.448561925535939	0.221198062936107	1.22334858757995	0.700541312067967
chr22	29883559	29883659	8695401	0	+	SS5_PROX	SS5_PROX:INTRON	protein_coding	MTMR3	ENSG00000100330.17	334020	612	1482	103	163	254	502	36	72	0.450817693457832	0.222697743761386	-1.21938594020912	-0.511313100940927
chr22	36374822	36374922	8793173	0	-	INTRON	INTRON	protein_coding	MYH9	ENSG00000100345.24	338610	143	470	36	42	112	384	6	28	0.454815647636753	0.225063413263548	1.2131737100343	0.670789578344556
chr22	31628464	31628564	8780330	0	-	INTRON	INTRON	protein_coding	PISD	ENSG00000241878.13	338332	218	668	26	41	191	581	9	21	0.456595441125176	0.226635880543395	1.20907019014184	0.60426858306943
chr22	42984730	42984830	8810849	0	-	INTRON	INTRON	protein_coding	PACSIN2	ENSG00000100266.20	339621	729	3708	17	48	254	1002	6	19	0.456595441125176	0.226728664063876	-1.20882869731424	-0.693259491785943
chr22	42991628	42991728	8810918	0	-	INTRON	INTRON	protein_coding	PACSIN2	ENSG00000100266.20	339621	729	3708	12	39	254	1002	3	18	0.457578278615199	0.227609813847251	-1.20653878480935	-0.728556623935177
chr22	44756918	44757018	8728262	0	+	INTRON	INTRON	protein_coding	ARHGAP8	ENSG00000241484.11	335938	124	311	16	32	119	375	20	37	0.460068203416463	0.229243606513358	-1.20230958026833	-0.552773653633188
chr22	46085912	46085994	8733498	0	+	EXON_LNCRNA	EXON_LNCRNA:INTRON	lncRNA	MIRLET7BHG	ENSG00000197182.17	336118	2	25	66	433	3	46	53	202	0.461513330516153	0.230360176142513	1.19943157503649	0.971955791166946
chr22	46073278	46073378	8733369	0	+	INTRON	INTRON	lncRNA	MIRLET7BHG	ENSG00000197182.17	336111	57	781	46	228	127	1742	48	152	0.464167075708936	0.232083537854468	1.19500893841898	0.858982034852616
chr22	31631354	31631454	8780359	0	-	INTRON	INTRON	protein_coding	PISD	ENSG00000241878.13	338332	218	668	36	60	191	581	17	23	0.471692888186654	0.23625167853335	1.18440778870696	0.614497863871866
chr22	50304160	50304259	8823921	0	-	INTRON	INTRON	protein_coding	PLXNB2	ENSG00000196576.17	340242	43	253	65	155	59	457	47	111	0.472260351538416	0.238027374429537	1.17993171578254	0.6975426348034
chr22	46077068	46077167	8733407	0	+	INTRON	INTRON	lncRNA	MIRLET7BHG	ENSG00000197182.17	336111	57	781	101	589	127	1742	110	431	0.472260351538416	0.237577764865797	1.18106282926235	0.770705231315987
chr22	50397324	50397423	8744917	0	+	INTRON	INTRON	protein_coding	PPP6R2	ENSG00000100239.17	336427	154	558	38	29	127	547	11	16	0.472260351538416	0.238158785526676	1.17960140087242	0.846029537949169
chr22	50406975	50407075	8745014	0	+	SS5_PROX	SS5_PROX:INTRON	protein_coding	PPP6R2	ENSG00000100239.17	336429	94	264	14	42	145	314	10	26	0.472260351538416	0.23721809479102	1.18196876491575	0.657562327926002
chr22	45007244	45007344	8817734	0	-	INTRON	INTRON	protein_coding	PHF21B	ENSG00000056487.18	339822	132	402	23	42	368	1625	25	102	0.472298200911661	0.24061919454808	1.1734405238729	0.541227365813027
chr22	23382390	23382489	8760139	0	-	INTRON	INTRON	lncRNA	ENSG00000290920	ENSG00000290920.2	337412	78	303	38	39	125	607	24	41	0.472298200911661	0.240700952813122	1.17323656468228	0.756378547647299
chr22	46105880	46105975	8733701	0	+	EXON_LNCRNA	EXON_LNCRNA:INTRON	lncRNA	MIRLET7BHG	ENSG00000197182.17	336126	2	25	27	164	4	99	35	109	0.472298200911661	0.239684554544503	1.17577561163535	1.19969483764425
chr22	23388958	23389057	8760205	0	-	INTRON	INTRON	lncRNA	ENSG00000290920	ENSG00000290920.2	337412	78	303	59	52	125	607	32	67	0.472298200911661	0.240331399322949	1.17415886417042	0.762532791589802
chr22	43008922	43009021	8811091	0	-	INTRON	INTRON	protein_coding	PACSIN2	ENSG00000100266.20	339621	729	3708	28	29	254	1002	8	18	0.472298200911661	0.240059319819656	-1.17483853544284	-0.866161136985737
chr22	50366824	50366924	8744609	0	+	INTRON	INTRON	protein_coding	PPP6R2	ENSG00000100239.17	336422	515	906	22	37	291	597	8	9	0.472298200911661	0.241018154073477	1.17244571653277	0.65029275736998
chr22	46095929	46096029	8733599	0	+	INTRON	INTRON	lncRNA	MIRLET7BHG	ENSG00000197182.17	336119	51	639	149	294	130	1810	129	263	0.472298200911661	0.238609818138014	1.17846866310898	1.09171832381924
chr22	44990153	44990253	8817563	0	-	INTRON	INTRON	protein_coding	PHF21B	ENSG00000056487.18	339822	132	402	12	25	368	1625	14	54	0.474871075534435	0.24314704554856	1.16715681890493	0.572385844798206
chr22	42924452	42924552	8810246	0	-	INTRON	INTRON	protein_coding	PACSIN2	ENSG00000100266.20	339621	729	3708	17	22	254	1002	0	5	0.474871075534435	0.24312557191457	1.16721000387118	1.14112015425814
chr22	42269838	42269938	8807138	0	-	SS5_PROX	SS5_PROX:INTRON	protein_coding	TCF20	ENSG00000100207.21	339471	432	1220	155	273	258	834	33	132	0.476210464394615	0.244241964985898	1.16444933315591	0.501239322846691
chr22	19121527	19121627	8750255	0	-	INTRON	INTRON	protein_coding	DGCR2	ENSG00000070413.22	336826	186	536	20	45	106	306	4	15	0.478122680433468	0.246005863840176	1.16010547869745	0.599930122409645
chr22	42955741	42955841	8810559	0	-	INTRON	INTRON	protein_coding	PACSIN2	ENSG00000100266.20	339621	729	3708	12	56	254	1002	3	25	0.478122680433468	0.246044231597635	-1.16001123570189	-0.723159087229847
chr22	45240139	45240239	8818559	0	-	SS5_PROX	SS5_PROX:INTRON	protein_coding	KIAA0930	ENSG00000100364.20	339854	39	128	18	36	37	108	1	22	0.480174723782951	0.247512744218016	1.15641183193104	1.02508148444041
chr22	46073378	46073477	8733370	0	+	INTRON	INTRON	lncRNA	MIRLET7BHG	ENSG00000197182.17	336111	57	781	52	234	127	1742	55	105	0.480866214679956	0.248625249066172	1.15369496454793	0.996567134218126
chr22	24975959	24976059	8680017	0	+	INTRON	INTRON	protein_coding	KIAA1671	ENSG00000197077.15	333531	300	968	16	23	200	602	6	4	0.480866214679956	0.248695413434135	1.15352390028084	0.86122931375178
chr22	46824397	46824497	8736486	0	+	INTRON	INTRON	protein_coding	TBC1D22A	ENSG00000054611.15	336250	52	324	13	18	52	265	2	11	0.481200801449099	0.249281858482652	1.15209543579555	0.957767714415591
chr22	46085535	46085635	8733493	0	+	SS3_ADJ	SS3_ADJ:SSB_PROX:SS3_PROX:SS5_PROX:INTRON	lncRNA	MIRLET7BHG	ENSG00000197182.17	336115	0	10	27	281	2	30	41	127	0.48368605079557	0.250984857972959	1.14796053057767	1.39340371722247
chr22	20492895	20492993	8756081	0	-	INTRON	INTRON	protein_coding	KLHL22	ENSG00000099910.18	337203	63	253	21	33	81	323	10	24	0.49120243556625	0.255307107832974	1.13755317677086	0.678658242780343
chr22	46077766	46077865	8733414	0	+	INTRON	INTRON	lncRNA	MIRLET7BHG	ENSG00000197182.17	336111	57	781	42	137	127	1742	39	75	0.491612911109756	0.256287737557965	1.13520905231099	1.00115039038192
chr22	38272783	38272883	8797738	0	-	SS5_ADJ	SS5_ADJ:SS5_PROX:INTRON	protein_coding	TMEM184B	ENSG00000198792.14	338950	67	327	24	49	66	182	7	17	0.491612911109756	0.256365152099331	1.13502426400056	0.749441164171781
chr22	46081055	46081155	8733447	0	+	SS5_PROX	SS5_PROX:INTRON	lncRNA	MIRLET7BHG	ENSG00000197182.17	336113	15	223	87	277	39	405	72	201	0.492815838978317	0.257959383744799	1.13122742012624	0.826791175932896
chr22	23387166	23387266	8760187	0	-	INTRON	INTRON	lncRNA	ENSG00000290920	ENSG00000290920.2	337412	78	303	34	68	125	607	30	66	0.492815838978317	0.258262596028156	1.13050712940608	0.532275795009027
chr22	44760910	44761009	8728302	0	+	INTRON	INTRON	protein_coding	ARHGAP8	ENSG00000241484.11	335938	124	311	17	32	119	375	7	21	0.492815838978317	0.258211734926853	1.13062791067616	0.562611643858677
chr22	42991428	42991528	8810916	0	-	INTRON	INTRON	protein_coding	PACSIN2	ENSG00000100266.20	339621	729	3708	39	78	254	1002	8	40	0.495851898410072	0.260279647704943	-1.12573041020097	-0.622932790092686
chr22	38272383	38272483	8797734	0	-	SS5_PROX	SS5_PROX:INTRON	protein_coding	TMEM184B	ENSG00000198792.14	338950	67	327	23	57	66	182	7	20	0.496251910785239	0.26091595309327	1.12422885067562	0.7168538637948
chr22	23397247	23397346	8760289	0	-	INTRON	INTRON	lncRNA	ENSG00000290920	ENSG00000290920.2	337414	42	281	31	46	44	505	15	31	0.497868798361539	0.262193791576996	1.12122102676397	0.976408542046408
chr22	45008344	45008444	8817745	0	-	SS5_PROX	SS5_PROX:INTRON	protein_coding	PHF21B	ENSG00000056487.18	339822	132	402	26	54	368	1625	40	111	0.498253167342902	0.262824265247888	1.11974072473256	0.481170831179201
chr22	44980858	44980958	8817470	0	-	INTRON	INTRON	protein_coding	PHF21B	ENSG00000056487.18	339822	132	402	4	17	368	1625	21	59	0.506135070078811	0.268567868802705	-1.10636661645825	-0.600624639822946
chr22	31630158	31630258	8780347	0	-	INTRON	INTRON	protein_coding	PISD	ENSG00000241878.13	338332	218	668	34	145	191	581	17	62	0.506135070078811	0.268904029702194	1.10558997775198	0.546095172411589
chr22	42568412	42568511	8807977	0	-	INTRON	INTRON	lncRNA	RRP7BP	ENSG00000291035.2	339507	142	479	15	23	124	483	7	11	0.506135070078811	0.267917681903255	1.10787065183436	0.617545111932127
chr22	38272683	38272783	8797737	0	-	SS5_PROX	SS5_PROX:INTRON	protein_coding	TMEM184B	ENSG00000198792.14	338950	67	327	27	77	66	182	7	31	0.506135070078811	0.267502980545532	1.10883126414828	0.674229563017907
chr22	50441622	50441719	8745382	0	+	INTRON	INTRON	protein_coding	PPP6R2	ENSG00000100239.17	336465	16	105	18	44	45	153	13	38	0.506135070078811	0.269156020943972	1.10500823476985	0.808960448343079
chr22	50190694	50190792	8744063	0	+	UTR5	UTR5:EXON_MRNA:INTRON	protein_coding	TRABD	ENSG00000170638.11	336381	3	44	25	115	6	46	13	46	0.507766685796318	0.272048047415522	1.09835833722451	0.96018186645992
chr22	43014520	43014620	8811147	0	-	SS5_PROX	SS5_PROX:INTRON	protein_coding	PACSIN2	ENSG00000100266.20	339621	729	3708	165	287	254	1002	44	122	0.507766685796318	0.27099964832452	-1.1007633919909	-0.585606376938756
chr22	36367831	36367931	8793103	0	-	INTRON	INTRON	protein_coding	MYH9	ENSG00000100345.24	338610	143	470	37	45	112	384	10	26	0.507766685796318	0.272641046926717	1.09700078961373	0.565444282856674
chr22	19116936	19117036	8750209	0	-	INTRON	INTRON	protein_coding	DGCR2	ENSG00000070413.22	336826	186	536	34	47	106	306	12	41	0.507766685796318	0.271847451823284	-1.09881801706338	-0.497644128543123
chr22	30906134	30906233	8778706	0	-	INTRON	INTRON	lncRNA	ENSG00000294008	ENSG00000294008.1	338188	34	51	16	23	32	87	9	12	0.507766685796318	0.271027214238909	1.10070007355394	0.8331909472216
chr22	41833458	41833558	8723819	0	+	SS5_PROX	SS5_PROX:INTRON	protein_coding	SREBF2	ENSG00000198911.14	335702	921	2208	62	214	472	1115	10	62	0.507766685796318	0.272435613059714	1.09747085826215	0.685981205414453
chr22	16609468	16609567	8659050	0	+	INTRON	INTRON	lncRNA	TPTEP1	ENSG00000290418.2	332343	66	203	21	61	46	160	19	48	0.507868872442413	0.273132228650301	-1.09587786131168	-0.576337158407474
chr22	31627268	31627368	8780318	0	-	INTRON	INTRON	protein_coding	PISD	ENSG00000241878.13	338332	218	668	21	68	191	581	10	31	0.508339166360445	0.273821870539518	1.09430354618181	0.517082858191647
chr22	50305356	50305456	8823933	0	-	INTRON	INTRON	protein_coding	PLXNB2	ENSG00000196576.17	340242	43	253	38	100	59	457	25	95	0.510140619854597	0.275318740147485	1.0908957892784	0.576519352045332
chr22	19888339	19888438	8753923	0	-	INTRON	INTRON	protein_coding	TXNRD2	ENSG00000184470.21	337057	14	120	12	39	9	158	5	13	0.510140619854597	0.275668771381908	1.09010073771615	1.10779553659802
chr22	44764801	44764901	8728341	0	+	INTRON	INTRON	protein_coding	ARHGAP8	ENSG00000241484.11	335938	124	311	17	55	119	375	12	28	0.511310950879263	0.276740463104756	1.08767079941932	0.52014922047933
chr22	50186545	50186643	8744021	0	+	INTRON	INTRON	protein_coding	TRABD	ENSG00000170638.11	336380	6	49	34	104	5	63	14	46	0.511886548452094	0.277491762949546	1.08597113506648	0.958233253203083
chr22	20101583	20101683	8665913	0	+	INTRON	INTRON	protein_coding	DGCR8	ENSG00000128191.18	332645	29	144	12	16	27	102	8	26	0.512752904907017	0.278401920877349	-1.08391627942518	-0.86966688649631
chr22	50298077	50298177	8823860	0	-	INTRON	INTRON	protein_coding	PLXNB2	ENSG00000196576.17	340242	43	253	26	33	59	457	13	31	0.514323000366225	0.279696270817715	1.08100189471024	0.861090096590384
chr22	36373024	36373124	8793155	0	-	INTRON	INTRON	protein_coding	MYH9	ENSG00000100345.24	338610	143	470	21	18	112	384	15	23	0.514557042798052	0.281149724415431	-1.0777401745567	-0.656101976370858
chr22	37560588	37560688	8709912	0	+	SS5_ADJ	SS5_ADJ:SS5_PROX:INTRON	protein_coding	CDC42EP1	ENSG00000128283.8	334790	18	67	45	106	10	51	14	30	0.514557042798052	0.28103218908953	1.07800351144103	0.765540453763123
chr22	42937248	42937348	8810374	0	-	INTRON	INTRON	protein_coding	PACSIN2	ENSG00000100266.20	339621	729	3708	13	29	254	1002	3	14	0.514557042798052	0.281042989265647	-1.0779793106206	-0.6862770692457
chr22	42269638	42269738	8807136	0	-	INTRON	INTRON	protein_coding	TCF20	ENSG00000100207.21	339471	432	1220	77	168	258	834	23	69	0.514571024252926	0.281599435093741	1.07673329097804	0.414740720889128
chr22	50304559	50304658	8823925	0	-	INTRON	INTRON	protein_coding	PLXNB2	ENSG00000196576.17	340242	43	253	55	109	59	457	38	82	0.515820219056774	0.284364019366294	1.07056733077062	0.702694687127052
chr22	50292692	50292792	8823806	0	-	INTRON	INTRON	protein_coding	PLXNB2	ENSG00000196576.17	340242	43	253	33	56	59	457	18	55	0.515820219056774	0.284301548051057	1.07070621356849	0.725142179297138
chr22	44995750	44995850	8817619	0	-	INTRON	INTRON	protein_coding	PHF21B	ENSG00000056487.18	339822	132	402	6	23	368	1625	27	79	0.515820219056774	0.284941925131878	-1.06928354017748	-0.53472243001001
chr22	42980432	42980532	8810806	0	-	INTRON	INTRON	protein_coding	PACSIN2	ENSG00000100266.20	339621	729	3708	157	315	254	1002	48	111	0.515820219056774	0.283516731065918	-1.07245273820615	-0.56386100710851
chr22	19114541	19114640	8750185	0	-	INTRON	INTRON	protein_coding	DGCR2	ENSG00000070413.22	336826	186	536	14	28	106	306	2	10	0.515820219056774	0.28329626522539	1.07294394980232	0.648647945689691
chr22	42964638	42964738	8810648	0	-	INTRON	INTRON	protein_coding	PACSIN2	ENSG00000100266.20	339621	729	3708	13	33	254	1002	2	4	0.515820219056774	0.284617023485705	1.07000507694179	0.868987755209436
chr22	23218418	23218518	8671645	0	+	INTRON	INTRON	protein_coding	BCR	ENSG00000186716.22	333081	142	729	19	33	95	464	4	14	0.516221037479894	0.285606828296436	1.0678086657375	0.651183598000126
chr22	42270238	42270338	8807142	0	-	SS5_ADJ	SS5_ADJ:SS5_PROX:INTRON	protein_coding	TCF20	ENSG00000100207.21	339471	432	1220	68	159	258	834	20	65	0.517301315661916	0.287013446714898	1.06469616361907	0.420476088913025
chr22	50306752	50306852	8823947	0	-	INTRON	INTRON	protein_coding	PLXNB2	ENSG00000196576.17	340242	43	253	21	60	59	457	17	41	0.517301315661916	0.287093341853606	1.06451968470939	0.682188838942847
chr22	31944920	31945020	8705427	0	+	SS5_PROX	SS5_PROX:INTRON	protein_coding	YWHAH	ENSG00000128245.16	334491	22	176	26	61	21	120	21	69	0.517644436498762	0.287728479737714	-1.06311791796743	-0.768430373547912
chr22	44027250	44027350	8726071	0	+	INTRON	INTRON	protein_coding	PARVB	ENSG00000188677.15	335863	104	448	12	33	124	417	4	21	0.518599742797881	0.288705011454491	1.06096675149738	0.592828669133974
chr22	23912417	23912517	8761833	0	-	INTRON	INTRON	lncRNA	ENSG00000290199	ENSG00000290199.2	337529	240	508	22	13	330	1165	26	58	0.519897877450745	0.289874332015063	-1.05839733918609	-0.682759149199814
chr22	36367232	36367332	8793097	0	-	INTRON	INTRON	protein_coding	MYH9	ENSG00000100345.24	338610	143	470	17	35	112	384	7	15	0.522216683186994	0.291670939698084	1.05446311401361	0.536582676704907
chr22	45315577	45315677	8729757	0	+	INTRON	INTRON	protein_coding	FAM118A	ENSG00000100376.13	335995	49	170	31	32	40	144	21	49	0.522216683186994	0.292064485184479	-1.05360350202447	-0.710865574223415
chr22	50408371	50408471	8745028	0	+	INTRON	INTRON	protein_coding	PPP6R2	ENSG00000100239.17	336429	94	264	14	32	145	314	8	24	0.524727197787652	0.293919358210953	1.04956238611463	0.584000936359708
chr22	36365434	36365534	8793079	0	-	INTRON	INTRON	protein_coding	MYH9	ENSG00000100345.24	338610	143	470	12	24	112	384	3	12	0.526532239289013	0.295382776851998	1.04638616682461	0.600626374366938
chr22	49854289	49854389	8742642	0	+	SS5_PROX	SS5_PROX:INTRON	protein_coding	ZBED4	ENSG00000100426.9	336279	181	423	27	65	122	276	6	27	0.527558189804088	0.296864788936149	1.04318031445752	0.540106184298106
chr22	41833858	41833957	8723823	0	+	INTRON	INTRON	protein_coding	SREBF2	ENSG00000198911.14	335702	921	2208	38	66	472	1115	6	23	0.527558189804088	0.296676793804705	1.04358638700266	0.540096297165926
chr22	42937348	42937447	8810375	0	-	INTRON	INTRON	protein_coding	PACSIN2	ENSG00000100266.20	339621	729	3708	19	40	254	1002	0	9	0.529747481209583	0.298551845080315	1.03954391541913	0.905208397478977
chr22	41833957	41834057	8723824	0	+	INTRON	INTRON	protein_coding	SREBF2	ENSG00000198911.14	335702	921	2208	69	105	472	1115	12	39	0.530050258753197	0.299562976444473	1.03737102523704	0.478982875170707
chr22	44763803	44763903	8728331	0	+	INTRON	INTRON	protein_coding	ARHGAP8	ENSG00000241484.11	335938	124	311	12	15	119	375	3	12	0.530050258753197	0.299633221872512	1.03722025188969	0.638820176927762
chr22	24976359	24976459	8680021	0	+	INTRON	INTRON	protein_coding	KIAA1671	ENSG00000197077.15	333531	300	968	13	16	200	602	2	7	0.532222979970349	0.301318680240945	1.03360966282082	0.735558415344628
chr22	49815753	49815853	8822450	0	-	INTRON	INTRON	protein_coding	BRD1	ENSG00000100425.21	340009	169	394	36	93	171	425	16	61	0.533278413422551	0.302374358126189	1.03135503627966	0.460579520759273
chr22	42998725	42998825	8810989	0	-	INTRON	INTRON	protein_coding	PACSIN2	ENSG00000100266.20	339621	729	3708	28	21	254	1002	5	20	0.533399008286524	0.302900983228	-1.03023227310939	-0.836960535489097
chr22	31629062	31629162	8780336	0	-	INTRON	INTRON	protein_coding	PISD	ENSG00000241878.13	338332	218	668	19	62	191	581	13	22	0.533428629803032	0.303376076400006	1.02922048900006	0.521561312812091
chr22	46071483	46071583	8733351	0	+	INTRON	INTRON	lncRNA	MIRLET7BHG	ENSG00000197182.17	336111	57	781	65	386	127	1742	76	327	0.534251814628941	0.304762203534035	1.02627452109603	0.639362953873029
chr22	42928151	42928251	8810283	0	-	INTRON	INTRON	protein_coding	PACSIN2	ENSG00000100266.20	339621	729	3708	13	23	254	1002	0	5	0.534251814628941	0.304744794516841	1.02631146565225	0.962541521233323
chr22	46074674	46074774	8733383	0	+	INTRON	INTRON	lncRNA	MIRLET7BHG	ENSG00000197182.17	336111	57	781	71	366	127	1742	80	279	0.536153150371236	0.306691683294568	1.02218851971383	0.706790712543609
chr22	50293490	50293589	8823814	0	-	INTRON	INTRON	protein_coding	PLXNB2	ENSG00000196576.17	340242	43	253	42	86	59	457	28	75	0.536153150371236	0.307131160153408	1.02126023659994	0.641292050955966
chr22	45002946	45003046	8817691	0	-	INTRON	INTRON	protein_coding	PHF21B	ENSG00000056487.18	339822	132	402	18	25	368	1625	22	59	0.536153150371236	0.307311265701598	1.02088006355292	0.535592111120607
chr22	42984830	42984930	8810850	0	-	INTRON	INTRON	protein_coding	PACSIN2	ENSG00000100266.20	339621	729	3708	33	66	254	1002	4	44	0.536153150371236	0.307689264989678	-1.02008264893799	-0.670997170536109
chr22	41833558	41833658	8723820	0	+	SS5_PROX	SS5_PROX:INTRON	protein_coding	SREBF2	ENSG00000198911.14	335702	921	2208	147	342	472	1115	37	107	0.539116352989931	0.311627645791128	1.01181263873078	0.416301381054461
chr22	23382489	23382589	8760140	0	-	INTRON	INTRON	lncRNA	ENSG00000290920	ENSG00000290920.2	337412	78	303	26	36	125	607	16	48	0.539116352989931	0.31074603155049	1.01365787441493	0.543010011388183
chr22	50306054	50306154	8823940	0	-	INTRON	INTRON	protein_coding	PLXNB2	ENSG00000196576.17	340242	43	253	16	45	59	457	12	36	0.539116352989931	0.311705588970983	1.01164966787047	0.633325696232988
chr22	28910942	28911042	8691077	0	+	INTRON	INTRON	protein_coding	ZNRF3	ENSG00000183579.17	333854	448	1413	25	16	192	674	10	15	0.539116352989931	0.311600544101446	-1.01186931176485	-0.76228061630463
chr22	42937947	42938047	8810381	0	-	INTRON	INTRON	protein_coding	PACSIN2	ENSG00000100266.20	339621	729	3708	32	45	254	1002	9	21	0.539116352989931	0.310898831505749	-1.01333781396738	-0.669686506799366
chr22	50293290	50293390	8823812	0	-	INTRON	INTRON	protein_coding	PLXNB2	ENSG00000196576.17	340242	43	253	89	217	59	457	71	163	0.541267475504142	0.313414328599478	1.00808360306566	0.578959849463223
chr22	20495559	20495659	8756108	0	-	SS5_PROX	SS5_PROX:INTRON	protein_coding	KLHL22	ENSG00000099910.18	337203	63	253	166	297	81	323	101	232	0.541427615243935	0.31397219956156	1.00692212339848	0.434061896044074
chr22	50302664	50302764	8823906	0	-	INTRON	INTRON	protein_coding	PLXNB2	ENSG00000196576.17	340242	43	253	22	78	59	457	21	49	0.545109050803057	0.316575359401088	1.00152024111514	0.624079749385887
chr22	50306154	50306254	8823941	0	-	INTRON	INTRON	protein_coding	PLXNB2	ENSG00000196576.17	340242	43	253	42	78	59	457	28	65	0.546671406224985	0.317952355682401	0.998674586056719	0.673316258350435
chr22	23389455	23389555	8760210	0	-	INTRON	INTRON	lncRNA	ENSG00000290920	ENSG00000290920.2	337412	78	303	17	17	125	607	8	26	0.549392590379356	0.32000702429313	0.994443448553431	0.643918958856972
chr22	29883459	29883559	8695400	0	+	SS5_PROX	SS5_PROX:INTRON	protein_coding	MTMR3	ENSG00000100330.17	334020	612	1482	206	166	254	502	57	96	0.550208448113184	0.321137495975633	-0.992123065841909	-0.52464949711096
chr22	49856185	49856285	8742661	0	+	INTRON	INTRON	protein_coding	ZBED4	ENSG00000100426.9	336279	181	423	13	40	122	276	11	26	0.550208448113184	0.321427615736224	-0.991528432896489	-0.499999263779967
chr22	36358543	36358643	8793010	0	-	INTRON	INTRON	protein_coding	MYH9	ENSG00000100345.24	338610	143	470	24	26	112	384	10	39	0.550631787565637	0.322147978807731	-0.990053481870041	-0.522287901208036
chr22	50305655	50305755	8823936	0	-	INTRON	INTRON	protein_coding	PLXNB2	ENSG00000196576.17	340242	43	253	22	72	59	457	18	59	0.550698521542878	0.32313323901528	0.988039631695644	0.550444226647967
chr22	38272583	38272683	8797736	0	-	SS5_PROX	SS5_PROX:INTRON	protein_coding	TMEM184B	ENSG00000198792.14	338950	67	327	26	34	66	182	5	17	0.550698521542878	0.322727264430145	0.988868949014394	0.715265672342342
chr22	31630557	31630657	8780351	0	-	INTRON	INTRON	protein_coding	PISD	ENSG00000241878.13	338332	218	668	27	96	191	581	13	46	0.551869484881731	0.324741335710133	0.984761296912883	0.46052398410212
chr22	24985653	24985753	8680114	0	+	INTRON	INTRON	protein_coding	KIAA1671	ENSG00000197077.15	333531	300	968	21	25	200	602	5	10	0.551869484881731	0.32476855424741	0.984705899120688	0.6351202701236
chr22	46073876	46073976	8733375	0	+	INTRON	INTRON	lncRNA	MIRLET7BHG	ENSG00000197182.17	336111	57	781	57	321	127	1742	69	237	0.555327063670626	0.328234553097415	0.977676085660463	0.675283764986164
chr22	23237407	23237507	8671835	0	+	INTRON	INTRON	protein_coding	BCR	ENSG00000186716.22	333081	142	729	12	19	95	464	3	7	0.555327063670626	0.327423335087844	0.979317077258614	0.717258623495644
chr22	36382012	36382112	8793245	0	-	INTRON	INTRON	protein_coding	MYH9	ENSG00000100345.24	338610	143	470	20	32	112	384	9	13	0.555327063670626	0.327791254340341	0.978572496519984	0.519413939637892
chr22	41848545	41848645	8723970	0	+	INTRON	INTRON	protein_coding	SREBF2	ENSG00000198911.14	335702	921	2208	46	71	472	1115	8	26	0.557414848484344	0.32994744897398	0.974219732718067	0.476241744257062
chr22	46096029	46096129	8733600	0	+	INTRON	INTRON	lncRNA	MIRLET7BHG	ENSG00000197182.17	336119	51	639	116	269	130	1810	121	275	0.558781592782441	0.33168910989544	0.970717228988623	0.851607819788538
chr22	31639726	31639826	8780443	0	-	INTRON	INTRON	protein_coding	PISD	ENSG00000241878.13	338332	218	668	20	49	191	581	8	26	0.558781592782441	0.331716564100229	0.970662113547903	0.457921609087369
chr22	50301966	50302066	8823899	0	-	INTRON	INTRON	protein_coding	PLXNB2	ENSG00000196576.17	340242	43	253	16	47	59	457	13	36	0.559623905839738	0.332979013532822	0.968130871838092	0.611554711026095
chr22	31636038	31636138	8780406	0	-	INTRON	INTRON	protein_coding	PISD	ENSG00000241878.13	338332	218	668	16	33	191	581	4	20	0.559623905839738	0.333178150126236	0.967732164342917	0.517446713509017
chr22	46095531	46095630	8733595	0	+	INTRON	INTRON	lncRNA	MIRLET7BHG	ENSG00000197182.17	336119	51	639	331	475	130	1810	295	496	0.559689765097164	0.334179026411107	0.965730554005827	0.987280523776606
chr22	50400311	50400411	8744947	0	+	INTRON	INTRON	protein_coding	PPP6R2	ENSG00000100239.17	336427	154	558	19	38	127	547	10	17	0.559689765097164	0.333885754181079	0.966316655777671	0.524653144358384
chr22	50305855	50305955	8823938	0	-	INTRON	INTRON	protein_coding	PLXNB2	ENSG00000196576.17	340242	43	253	31	78	59	457	26	51	0.561049306563751	0.339591610021541	0.954972488096969	0.64592495502261
chr22	23385574	23385674	8760171	0	-	INTRON	INTRON	lncRNA	ENSG00000290920	ENSG00000290920.2	337412	78	303	33	52	125	607	23	68	0.561049306563751	0.337127732693543	0.959855922162246	0.467038540617181
chr22	44973162	44973262	8817393	0	-	INTRON	INTRON	protein_coding	PHF21B	ENSG00000056487.18	339822	132	402	20	17	368	1625	21	47	0.561049306563751	0.337669040049609	0.95878108484598	0.612358566449731
chr22	43014820	43014920	8811150	0	-	SS5_PROX	SS5_PROX:INTRON	protein_coding	PACSIN2	ENSG00000100266.20	339621	729	3708	113	167	254	1002	25	83	0.561049306563751	0.339068620542933	-0.956007153221013	-0.55347576479677
chr22	50348644	50348744	8744427	0	+	INTRON	INTRON	protein_coding	PPP6R2	ENSG00000100239.17	336422	515	906	34	40	291	597	11	13	0.561049306563751	0.338710698283438	0.956715845083566	0.493080332868813
chr22	36358643	36358743	8793011	0	-	INTRON	INTRON	protein_coding	MYH9	ENSG00000100345.24	338610	143	470	26	20	112	384	18	26	0.561049306563751	0.335756215154679	-0.962584229004502	-0.632779311467721
chr22	50366125	50366224	8744602	0	+	INTRON	INTRON	protein_coding	PPP6R2	ENSG00000100239.17	336422	515	906	20	30	291	597	4	12	0.561049306563751	0.339810791346602	0.954539170882868	0.553233435785735
chr22	45237246	45237345	8818530	0	-	INTRON	INTRON	protein_coding	KIAA0930	ENSG00000100364.20	339854	39	128	13	19	37	108	2	12	0.561049306563751	0.336263434338165	0.961574403440616	0.789631930791422
chr22	42933549	42933649	8810337	0	-	INTRON	INTRON	protein_coding	PACSIN2	ENSG00000100266.20	339621	729	3708	17	44	254	1002	7	14	0.561049306563751	0.338702046981237	-0.9567329807493	-0.603369124689002
chr22	50399714	50399813	8744941	0	+	INTRON	INTRON	protein_coding	PPP6R2	ENSG00000100239.17	336427	154	558	18	32	127	547	11	9	0.561049306563751	0.338674578244484	0.956787390038217	0.654642652325054
chr22	25067357	25067457	8680936	0	+	INTRON	INTRON	protein_coding	KIAA1671	ENSG00000197077.15	333542	272	774	13	24	342	1073	7	20	0.561458426759574	0.340540935818092	0.953096980635688	0.502144124553432
chr22	23386768	23386868	8760183	0	-	INTRON	INTRON	lncRNA	ENSG00000290920	ENSG00000290920.2	337412	78	303	56	84	125	607	50	77	0.563214629480539	0.34297431684701	0.948304782591543	0.539747384308063
chr22	46108366	46108466	8733726	0	+	INTRON	INTRON	lncRNA	MIRLET7BHG	ENSG00000197182.17	336127	9	164	105	421	31	487	116	225	0.563214629480539	0.343057708162974	0.948140941200923	1.25353546508052
chr22	44796286	44796386	8728657	0	+	INTRON	INTRON	protein_coding	ARHGAP8	ENSG00000241484.11	335941	28	111	47	89	42	142	28	70	0.563214629480539	0.342534212827021	0.949169890051571	0.535693956276499
chr22	25066857	25066957	8680931	0	+	INTRON	INTRON	protein_coding	KIAA1671	ENSG00000197077.15	333542	272	774	15	23	342	1073	9	18	0.565302442671728	0.345300718848452	0.943743539614491	0.519138782262376
chr22	37561685	37561785	8709923	0	+	INTRON	INTRON	protein_coding	CDC42EP1	ENSG00000128283.8	334790	18	67	22	98	10	51	7	29	0.565302442671728	0.345000519560668	0.944331018962618	0.703165575157115
chr22	46095630	46095730	8733596	0	+	INTRON	INTRON	lncRNA	MIRLET7BHG	ENSG00000197182.17	336119	51	639	345	503	130	1810	319	491	0.567244854410133	0.346974515756026	0.940473930371975	0.974790665011235
chr22	44982457	44982557	8817486	0	-	INTRON	INTRON	protein_coding	PHF21B	ENSG00000056487.18	339822	132	402	31	36	368	1625	33	105	0.568081138719914	0.34972246637333	0.93512775132715	0.504499656074508
chr22	50300370	50300470	8823883	0	-	INTRON	INTRON	protein_coding	PLXNB2	ENSG00000196576.17	340242	43	253	44	138	59	457	39	107	0.568081138719914	0.350744039665064	0.933147068582824	0.504536671506685
chr22	50301068	50301168	8823890	0	-	INTRON	INTRON	protein_coding	PLXNB2	ENSG00000196576.17	340242	43	253	25	101	59	457	23	84	0.568081138719914	0.34898594323783	0.936558042006722	0.468727711312838
chr22	45315677	45315777	8729758	0	+	INTRON	INTRON	protein_coding	FAM118A	ENSG00000100376.13	335995	49	170	26	27	40	144	20	34	0.568081138719914	0.350969465446024	-0.932710493495133	-0.666576979153552
chr22	19942496	19942595	8664935	0	+	INTRON	INTRON	protein_coding	COMT	ENSG00000093010.16	332597	84	241	16	22	129	302	13	11	0.568081138719914	0.34820911107826	0.938068689820171	0.623983417066128
chr22	24156702	24156802	8675742	0	+	INTRON	INTRON	protein_coding	CABIN1	ENSG00000099991.19	333313	37	153	21	22	35	182	8	13	0.568081138719914	0.351390395084483	0.931895767699067	0.807817223129489
chr22	42950543	42950643	8810507	0	-	INTRON	INTRON	protein_coding	PACSIN2	ENSG00000100266.20	339621	729	3708	20	51	254	1002	3	8	0.568081138719914	0.34913770522	0.936263171248698	0.632419913583181
chr22	42985630	42985730	8810858	0	-	INTRON	INTRON	protein_coding	PACSIN2	ENSG00000100266.20	339621	729	3708	16	26	254	1002	5	11	0.568081138719914	0.350270001762238	-0.93406570377478	-0.658931073615575
chr22	46095730	46095830	8733597	0	+	INTRON	INTRON	lncRNA	MIRLET7BHG	ENSG00000197182.17	336119	51	639	373	629	130	1810	357	671	0.568345759194217	0.352042347404665	0.93063510797936	0.907333846432013
chr22	42982131	42982231	8810823	0	-	INTRON	INTRON	protein_coding	PACSIN2	ENSG00000100266.20	339621	729	3708	31	182	254	1002	17	44	0.569692410902144	0.353855337699528	-0.927137134781268	-0.546249545747343
chr22	23395179	23395277	8760268	0	-	INTRON	INTRON	lncRNA	ENSG00000290920	ENSG00000290920.2	337414	42	281	30	48	44	505	16	39	0.569692410902144	0.353414395514156	0.927986841068628	0.768149990447874
chr22	31642915	31643015	8780475	0	-	INTRON	INTRON	protein_coding	PISD	ENSG00000241878.13	338332	218	668	24	34	191	581	5	25	0.569734375397254	0.354860328318736	0.925202990349545	0.495164235442855
chr22	49857283	49857383	8742672	0	+	INTRON	INTRON	protein_coding	ZBED4	ENSG00000100426.9	336279	181	423	12	23	122	276	2	10	0.569734375397254	0.354766774660596	0.925382891947225	0.591953861989347
chr22	37560888	37560988	8709915	0	+	SS5_PROX	SS5_PROX:INTRON	protein_coding	CDC42EP1	ENSG00000128283.8	334790	18	67	55	119	10	51	17	41	0.57782470695081	0.360395822376536	0.91461111335236	0.620922718449372
chr22	50293789	50293889	8823817	0	-	INTRON	INTRON	protein_coding	PLXNB2	ENSG00000196576.17	340242	43	253	20	44	59	457	9	55	0.585234669644334	0.365520279064803	0.904896391199332	0.558420403699598
chr22	31634045	31634145	8780386	0	-	INTRON	INTRON	protein_coding	PISD	ENSG00000241878.13	338332	218	668	13	61	191	581	7	27	0.591513342992776	0.369949925858025	0.896567164521141	0.501659189385638
chr22	46077267	46077367	8733409	0	+	INTRON	INTRON	lncRNA	MIRLET7BHG	ENSG00000197182.17	336111	57	781	61	384	127	1742	81	276	0.593867138076678	0.371932254001631	0.892859806269515	0.617239238479032
chr22	50301667	50301766	8823896	0	-	INTRON	INTRON	protein_coding	PLXNB2	ENSG00000196576.17	340242	43	253	39	75	59	457	29	59	0.59650339688419	0.375566329520831	0.886095014141969	0.616400320772798
chr22	43014320	43014420	8811145	0	-	INTRON	INTRON	protein_coding	PACSIN2	ENSG00000100266.20	339621	729	3708	82	388	254	1002	28	111	0.59650339688419	0.376145612811852	-0.885020429768172	-0.414996800117699
chr22	50474385	50474485	8824505	0	-	SS5_PROX	SS5_PROX:INTRON	protein_coding	SBF1	ENSG00000100241.23	340365	5	30	46	115	2	58	19	85	0.59650339688419	0.375928733735825	0.885422625906395	0.843521583031672
chr22	42995826	42995926	8810960	0	-	INTRON	INTRON	protein_coding	PACSIN2	ENSG00000100266.20	339621	729	3708	49	79	254	1002	7	13	0.59650339688419	0.375458520904913	0.886295114649783	0.600618545730358
chr22	43009621	43009721	8811098	0	-	INTRON	INTRON	protein_coding	PACSIN2	ENSG00000100266.20	339621	729	3708	27	59	254	1002	7	23	0.59650339688419	0.37520698996612	-0.886762112121986	-0.504390646040991
chr22	25405001	25405101	8763667	0	-	SS5_PROX	SS5_PROX:INTRON	lncRNA	ENSG00000290796	ENSG00000290796.1	337619	20	111	25	87	21	74	9	36	0.598863346529912	0.378662734575614	0.880362924557521	0.617446882279561
chr22	25069856	25069956	8680961	0	+	INTRON	INTRON	protein_coding	KIAA1671	ENSG00000197077.15	333542	272	774	44	50	342	1073	16	62	0.598863346529912	0.378350114109738	0.880940335886877	0.473315860342591
chr22	44759513	44759612	8728288	0	+	INTRON	INTRON	protein_coding	ARHGAP8	ENSG00000241484.11	335938	124	311	20	46	119	375	10	32	0.603464796885221	0.38209068325121	0.87405062760687	0.399284007978212
chr22	42964838	42964938	8810650	0	-	INTRON	INTRON	protein_coding	PACSIN2	ENSG00000100266.20	339621	729	3708	19	34	254	1002	8	10	0.606521854453287	0.384547361328631	-0.869548190980804	-0.639494459415657
chr22	50297279	50297379	8823852	0	-	INTRON	INTRON	protein_coding	PLXNB2	ENSG00000196576.17	340242	43	253	56	83	59	457	37	77	0.611092325083199	0.392695068008791	0.854740059663031	0.617835344465262
chr22	23903525	23903625	8761744	0	-	INTRON	INTRON	lncRNA	ENSG00000290199	ENSG00000290199.2	337529	240	508	17	18	330	1165	18	53	0.611092325083199	0.390389903254742	-0.858910486837348	-0.464699555319571
chr22	21867021	21867121	8759269	0	-	SS5_PROX	SS5_PROX:INTRON	protein_coding	MAPK1	ENSG00000100030.16	337375	646	1841	63	59	329	818	22	41	0.611092325083199	0.38907760883411	-0.861291331374648	-0.479970486869336
chr22	36386207	36386307	8793287	0	-	INTRON	INTRON	protein_coding	MYH9	ENSG00000100345.24	338610	143	470	32	37	112	384	19	40	0.611092325083199	0.390501301059511	-0.85870860634643	-0.434408221558717
chr22	31631255	31631354	8780358	0	-	INTRON	INTRON	protein_coding	PISD	ENSG00000241878.13	338332	218	668	31	60	191	581	15	31	0.611092325083199	0.391022701422724	0.857764164223504	0.388124376832154
chr22	44753526	44753625	8728228	0	+	INTRON	INTRON	protein_coding	ARHGAP8	ENSG00000241484.11	335938	124	311	22	51	119	375	14	32	0.611092325083199	0.391464009253115	0.856965395694696	0.376849345026095
chr22	36385708	36385807	8793282	0	-	INTRON	INTRON	protein_coding	MYH9	ENSG00000100345.24	338610	143	470	20	42	112	384	5	25	0.611092325083199	0.38980888241661	0.859964008903331	0.412820623550213
chr22	21848228	21848328	8759081	0	-	INTRON	INTRON	protein_coding	MAPK1	ENSG00000100030.16	337375	646	1841	13	45	329	818	4	10	0.611092325083199	0.390586865508177	0.858553566074579	0.549603870601906
chr22	31631554	31631653	8780361	0	-	INTRON	INTRON	protein_coding	PISD	ENSG00000241878.13	338332	218	668	27	101	191	581	13	51	0.611092325083199	0.391964527534985	0.856060117278988	0.410742095822441
chr22	36336675	36336775	8792789	0	-	INTRON	INTRON	protein_coding	MYH9	ENSG00000100345.24	338605	45	241	13	32	45	160	9	33	0.611092325083199	0.392472072439091	-0.855142845783531	-0.563881204555367
chr22	46085205	46085247	8733489	0	+	EXON_LNCRNA	EXON_LNCRNA:INTRON	lncRNA	MIRLET7BHG	ENSG00000197182.17	336114	0	1	36	160	1	1	20	67	0.612102665356953	0.393870185869723	0.852619787288327	1.50065529615758
chr22	50394933	50395033	8744893	0	+	INTRON	INTRON	protein_coding	PPP6R2	ENSG00000100239.17	336427	154	558	12	17	127	547	0	16	0.612876917862134	0.394894921302921	0.850773974630494	0.651866147747943
chr22	50397921	50398021	8744923	0	+	INTRON	INTRON	protein_coding	PPP6R2	ENSG00000100239.17	336427	154	558	25	61	127	547	18	18	0.614379669651526	0.396391006794069	0.848084331810407	0.517149797505377
chr22	31630059	31630158	8780346	0	-	INTRON	INTRON	protein_coding	PISD	ENSG00000241878.13	338332	218	668	21	82	191	581	12	38	0.615415391585809	0.397587950577773	0.845936891979197	0.413294139209424
chr22	36387206	36387306	8793297	0	-	INTRON	INTRON	protein_coding	MYH9	ENSG00000100345.24	338610	143	470	16	40	112	384	3	24	0.61618941219847	0.398617377478907	0.84409311013962	0.436658160369144
chr22	46075173	46075272	8733388	0	+	INTRON	INTRON	lncRNA	MIRLET7BHG	ENSG00000197182.17	336111	57	781	82	458	127	1742	108	302	0.616577278239176	0.400987113081663	0.839859597544798	0.633427581933055
chr22	36374922	36375022	8793174	0	-	INTRON	INTRON	protein_coding	MYH9	ENSG00000100345.24	338610	143	470	25	20	112	384	3	19	0.616577278239176	0.400957325236804	0.839912719810253	0.574891442627459
chr22	24953971	24954071	8679797	0	+	INTRON	INTRON	protein_coding	KIAA1671	ENSG00000197077.15	333531	300	968	21	36	200	602	2	20	0.616577278239176	0.399530316863689	0.842460363877514	0.537245234802595
chr22	49858980	49859079	8742689	0	+	INTRON	INTRON	protein_coding	ZBED4	ENSG00000100426.9	336279	181	423	24	36	122	276	6	17	0.616577278239176	0.400204559879909	0.841255954533899	0.419624201720164
chr22	46775235	46775335	8735990	0	+	INTRON	INTRON	protein_coding	TBC1D22A	ENSG00000054611.15	336244	55	240	14	43	39	175	13	29	0.617588831334119	0.40217554480349	-0.837742132984258	-0.518265810800405
chr22	50187137	50187236	8744027	0	+	INTRON	INTRON	protein_coding	TRABD	ENSG00000170638.11	336380	6	49	41	143	5	63	19	86	0.618819177366452	0.404040012713491	0.834427701224306	0.647453449480195
chr22	50298276	50298376	8823862	0	-	INTRON	INTRON	protein_coding	PLXNB2	ENSG00000196576.17	340242	43	253	19	48	59	457	14	45	0.618819177366452	0.403757206338204	0.834929850864164	0.51437521150752
chr22	16602913	16603012	8658984	0	+	INTRON	INTRON	lncRNA	TPTEP1	ENSG00000290418.2	332343	66	203	21	20	46	160	13	23	0.619030837913776	0.404710023756343	-0.833238871663791	-0.586800201978423
chr22	31639826	31639925	8780444	0	-	INTRON	INTRON	protein_coding	PISD	ENSG00000241878.13	338332	218	668	19	48	191	581	6	29	0.619191283232389	0.405346870982028	0.832109976717043	0.417773024959641
chr22	42946244	42946344	8810464	0	-	INTRON	INTRON	protein_coding	PACSIN2	ENSG00000100266.20	339621	729	3708	13	24	254	1002	0	6	0.619235364182634	0.405907717243427	0.831116680868502	0.756151920026533
chr22	19107355	19107455	8750113	0	-	INTRON	INTRON	protein_coding	DGCR2	ENSG00000070413.22	336826	186	536	20	52	106	306	8	15	0.620637162404406	0.407359787007703	0.82854877025685	0.409848557708056
chr22	50300869	50300969	8823888	0	-	INTRON	INTRON	protein_coding	PLXNB2	ENSG00000196576.17	340242	43	253	28	152	59	457	34	101	0.623434352530619	0.409731339936361	0.824366506442251	0.444643334938939
chr22	42949643	42949743	8810498	0	-	INTRON	INTRON	protein_coding	PACSIN2	ENSG00000100266.20	339621	729	3708	53	74	254	1002	13	32	0.626182275335706	0.412075277411641	-0.820247063266119	-0.519600419682204
chr22	50297379	50297479	8823853	0	-	INTRON	INTRON	protein_coding	PLXNB2	ENSG00000196576.17	340242	43	253	43	63	59	457	32	44	0.629476719250341	0.41586563325044	0.813614840837073	0.667713652265395
chr22	50300769	50300869	8823887	0	-	INTRON	INTRON	protein_coding	PLXNB2	ENSG00000196576.17	340242	43	253	21	65	59	457	22	35	0.629476719250341	0.41559541325502	0.814086475292961	0.597729044181169
chr22	19105558	19105658	8750095	0	-	INTRON	INTRON	protein_coding	DGCR2	ENSG00000070413.22	336826	186	536	16	39	106	306	3	15	0.629476719250341	0.414853212947912	0.815382823881278	0.450223689557722
chr22	42270038	42270138	8807140	0	-	SS5_PROX	SS5_PROX:INTRON	protein_coding	TCF20	ENSG00000100207.21	339471	432	1220	148	322	258	834	42	156	0.630121730112546	0.416833103253145	0.811927727281427	0.308339658370585
chr22	36386606	36386706	8793291	0	-	INTRON	INTRON	protein_coding	MYH9	ENSG00000100345.24	338610	143	470	27	73	112	384	9	41	0.633253099535636	0.41977849342221	0.806805598037274	0.342242472720165
chr22	50395033	50395132	8744894	0	+	INTRON	INTRON	protein_coding	PPP6R2	ENSG00000100239.17	336427	154	558	25	45	127	547	11	27	0.633253099535636	0.419992605533944	0.806434075733389	0.391910773060063
chr22	45008044	45008144	8817742	0	-	SS5_PROX	SS5_PROX:INTRON	protein_coding	PHF21B	ENSG00000056487.18	339822	132	402	19	22	368	1625	22	63	0.634529407579128	0.424610210430874	0.798448598878106	0.442399242281834
chr22	46095232	46095331	8733592	0	+	INTRON	INTRON	lncRNA	MIRLET7BHG	ENSG00000197182.17	336119	51	639	299	467	130	1810	316	469	0.634529407579128	0.424654990123832	0.798371408456707	0.824049820447175
chr22	42987029	42987129	8810872	0	-	INTRON	INTRON	protein_coding	PACSIN2	ENSG00000100266.20	339621	729	3708	42	54	254	1002	12	21	0.634529407579128	0.423815115282896	-0.799819962640628	-0.556815966117712
chr22	28884366	28884466	8690811	0	+	SS5_PROX	SS5_PROX:INTRON	protein_coding	ZNRF3	ENSG00000183579.17	333854	448	1413	18	34	192	674	6	19	0.634529407579128	0.424538767562966	-0.798571760647122	-0.420151896610001
chr22	38862617	38862717	8799828	0	-	UTR3	UTR3:EXON_MRNA	protein_coding	CBX6	ENSG00000183741.13	339103	14	91	62	31	4	117	14	20	0.634529407579128	0.423810873705961	0.799827282458047	1.15536767593518
chr22	36358743	36358843	8793012	0	-	INTRON	INTRON	protein_coding	MYH9	ENSG00000100345.24	338610	143	470	25	26	112	384	7	17	0.634529407579128	0.42433328290983	0.798926067239634	0.464440147056344
chr22	42984430	42984530	8810846	0	-	INTRON	INTRON	protein_coding	PACSIN2	ENSG00000100266.20	339621	729	3708	19	53	254	1002	5	19	0.634529407579128	0.422863558158422	-0.801463168775348	-0.455587295454331
chr22	42980332	42980432	8810805	0	-	INTRON	INTRON	protein_coding	PACSIN2	ENSG00000100266.20	339621	729	3708	34	62	254	1002	4	13	0.637654708189393	0.427294392085676	0.793830022674226	0.511922702095526
chr22	44993351	44993451	8817595	0	-	INTRON	INTRON	protein_coding	PHF21B	ENSG00000056487.18	339822	132	402	17	33	368	1625	29	71	0.63896146892651	0.429267928436882	0.790445003786953	0.378136339153749
chr22	41833658	41833758	8723821	0	+	SS5_PROX	SS5_PROX:INTRON	protein_coding	SREBF2	ENSG00000198911.14	335702	921	2208	107	330	472	1115	25	108	0.63896146892651	0.42924060122518	0.790491813675609	0.4170179937762
chr22	41846347	41846447	8723948	0	+	INTRON	INTRON	protein_coding	SREBF2	ENSG00000198911.14	335702	921	2208	22	25	472	1115	6	20	0.639415468704314	0.4301222611645	-0.788982454905081	-0.439037179539619
chr22	46070785	46070885	8733344	0	+	INTRON	INTRON	lncRNA	MIRLET7BHG	ENSG00000197182.17	336111	57	781	42	535	127	1742	75	436	0.642856310722084	0.432989130245803	0.784086885226304	0.450873178618555
chr22	43014920	43015020	8811151	0	-	SS5_ADJ	SS5_ADJ:SS5_PROX:INTRON	protein_coding	PACSIN2	ENSG00000100266.20	339621	729	3708	209	354	254	1002	57	117	0.644711514337275	0.436705431647017	-0.777768617953229	-0.445690279041616
chr22	50301168	50301268	8823891	0	-	INTRON	INTRON	protein_coding	PLXNB2	ENSG00000196576.17	340242	43	253	36	120	59	457	33	106	0.644711514337275	0.435055497811062	0.780569905186993	0.398989910802943
chr22	50190496	50190595	8744061	0	+	UTR5	UTR5:EXON_MRNA:INTRON	protein_coding	TRABD	ENSG00000170638.11	336381	3	44	31	116	6	46	19	52	0.644711514337275	0.436093821303803	0.778806308031714	0.710096447732734
chr22	41846846	41846946	8723953	0	+	INTRON	INTRON	protein_coding	SREBF2	ENSG00000198911.14	335702	921	2208	36	41	472	1115	11	30	0.644711514337275	0.439582336326832	-0.772898696350499	-0.390798976337385
chr22	42969836	42969936	8810700	0	-	INTRON	INTRON	protein_coding	PACSIN2	ENSG00000100266.20	339621	729	3708	32	46	254	1002	10	16	0.644711514337275	0.4395633771691	-0.772930729683017	-0.541970523720629
chr22	44796785	44796885	8728662	0	+	INTRON	INTRON	protein_coding	ARHGAP8	ENSG00000241484.11	335941	28	111	12	20	42	142	3	23	0.644711514337275	0.439420678225185	0.773171858820248	0.616131986658683
chr22	42990228	42990328	8810904	0	-	INTRON	INTRON	protein_coding	PACSIN2	ENSG00000100266.20	339621	729	3708	12	24	254	1002	0	6	0.644711514337275	0.437933284450695	0.775687902556796	0.701943485907912
chr22	23395080	23395179	8760267	0	-	INTRON	INTRON	lncRNA	ENSG00000290920	ENSG00000290920.2	337414	42	281	33	63	44	505	18	65	0.644711514337275	0.438942687398935	0.773979883593638	0.562391332953169
chr22	44793891	44793991	8728633	0	+	INTRON	INTRON	protein_coding	ARHGAP8	ENSG00000241484.11	335941	28	111	12	29	42	142	6	25	0.644711514337275	0.435875873186099	0.779176292904436	0.548868838285899
chr22	24982755	24982855	8680085	0	+	INTRON	INTRON	protein_coding	KIAA1671	ENSG00000197077.15	333531	300	968	16	47	200	602	9	12	0.644711514337275	0.439777441910478	0.772569092639541	0.452190946671106
chr22	45001047	45001147	8817672	0	-	INTRON	INTRON	protein_coding	PHF21B	ENSG00000056487.18	339822	132	402	24	50	368	1625	34	129	0.645478102596732	0.440854889660139	0.770750403767457	0.331241546557862
chr22	23381892	23381992	8760134	0	-	INTRON	INTRON	lncRNA	ENSG00000290920	ENSG00000290920.2	337412	78	303	15	33	125	607	15	35	0.647215514012403	0.442597550819478	0.767814244096734	0.394489911217143
chr22	25069756	25069856	8680960	0	+	INTRON	INTRON	protein_coding	KIAA1671	ENSG00000197077.15	333542	272	774	32	66	342	1073	18	65	0.649208163734706	0.444517960907698	0.764586247516138	0.326526563386915
chr22	50304658	50304758	8823926	0	-	INTRON	INTRON	protein_coding	PLXNB2	ENSG00000196576.17	340242	43	253	56	132	59	457	46	120	0.649406865140114	0.445211923008428	0.763421732745029	0.440749129507432
chr22	19202390	19202489	8750707	0	-	INTRON	INTRON	protein_coding	CLTCL1	ENSG00000070371.17	336891	0	11	42	30	11	33	63	47	0.651208279479118	0.4475658278207	0.75947940762356	0.973420260078875
chr22	37560988	37561088	8709916	0	+	SS5_PROX	SS5_PROX:INTRON	protein_coding	CDC42EP1	ENSG00000128283.8	334790	18	67	41	61	10	51	12	23	0.651208279479118	0.447293526448007	0.759934854124911	0.609867562408678
chr22	50306353	50306453	8823943	0	-	INTRON	INTRON	protein_coding	PLXNB2	ENSG00000196576.17	340242	43	253	19	83	59	457	23	50	0.65556654892281	0.451318978315447	0.753217910473022	0.485649748217363
chr22	24976658	24976758	8680024	0	+	INTRON	INTRON	protein_coding	KIAA1671	ENSG00000197077.15	333531	300	968	22	34	200	602	4	18	0.65556654892281	0.451687605013826	0.752604512786447	0.425154087840962
chr22	50201590	50201690	8744168	0	+	SS5_ADJ	SS5_ADJ:SS5_PROX:INTRON	protein_coding	SELENOO	ENSG00000073169.15	336402	29	108	35	83	30	196	18	89	0.6575354136176	0.45360905252142	0.749411780812968	0.455637198808684
chr22	46809210	46809310	8736334	0	+	INTRON	INTRON	protein_coding	TBC1D22A	ENSG00000054611.15	336250	52	324	25	25	52	265	8	15	0.658297078991084	0.454700044251574	0.747602354294436	0.647557644159937
chr22	23388361	23388460	8760199	0	-	INTRON	INTRON	lncRNA	ENSG00000290920	ENSG00000290920.2	337412	78	303	27	46	125	607	18	69	0.658787112714714	0.458040051772113	0.742078043820703	0.349872702440032
chr22	50300570	50300670	8823885	0	-	INTRON	INTRON	protein_coding	PLXNB2	ENSG00000196576.17	340242	43	253	15	86	59	457	21	48	0.658787112714714	0.458434331012816	0.741427408498061	0.485368433225036
chr22	43014620	43014720	8811148	0	-	SS5_PROX	SS5_PROX:INTRON	protein_coding	PACSIN2	ENSG00000100266.20	339621	729	3708	143	131	254	1002	26	85	0.658787112714714	0.455927403544206	-0.745569681215115	-0.535709137724343
chr22	44995850	44995950	8817620	0	-	INTRON	INTRON	protein_coding	PHF21B	ENSG00000056487.18	339822	132	402	21	22	368	1625	19	78	0.658787112714714	0.456368820821095	0.744839387432085	0.437808916983989
chr22	44026850	44026950	8726067	0	+	INTRON	INTRON	protein_coding	PARVB	ENSG00000188677.15	335863	104	448	20	40	124	417	18	43	0.658787112714714	0.457435015160353	-0.743077080066987	-0.36396101922809
chr22	19942097	19942197	8664931	0	+	SS5_PROX	SS5_PROX:INTRON	protein_coding	COMT	ENSG00000093010.16	332597	84	241	16	26	129	302	7	28	0.658787112714714	0.457395529906144	0.7431423038812	0.424958708378428
chr22	46095830	46095929	8733598	0	+	INTRON	INTRON	lncRNA	MIRLET7BHG	ENSG00000197182.17	336119	51	639	295	295	130	1810	218	312	0.660173094078422	0.459965961595876	0.738902899446595	1.18345908935375
chr22	41631323	41631422	8723058	0	+	INTRON	INTRON	protein_coding	XRCC6	ENSG00000196419.14	335657	48	115	16	20	56	178	5	24	0.664686423576718	0.463681594453861	0.732798076835158	0.523587182984271
chr22	44997849	44997949	8817640	0	-	INTRON	INTRON	protein_coding	PHF21B	ENSG00000056487.18	339822	132	402	9	7	368	1625	17	46	0.66669344261142	0.465654440586842	-0.729567750969165	-0.488717764139038
chr22	24971761	24971861	8679975	0	+	INTRON	INTRON	protein_coding	KIAA1671	ENSG00000197077.15	333531	300	968	55	59	200	602	23	55	0.666778138876119	0.467285643737736	-0.726902568330916	-0.390625268180717
chr22	45002546	45002646	8817687	0	-	INTRON	INTRON	protein_coding	PHF21B	ENSG00000056487.18	339822	132	402	5	20	368	1625	16	28	0.666778138876119	0.469418695791496	0.723425196585242	0.428054890729024
chr22	46080159	46080259	8733438	0	+	INTRON	INTRON	lncRNA	MIRLET7BHG	ENSG00000197182.17	336111	57	781	46	348	127	1742	74	228	0.666778138876119	0.469723431167026	0.722929121281169	0.524719239441114
chr22	19105858	19105958	8750098	0	-	INTRON	INTRON	protein_coding	DGCR2	ENSG00000070413.22	336826	186	536	34	35	106	306	10	12	0.666778138876119	0.468661758070282	0.724658178141756	0.435666087501772
chr22	19117235	19117335	8750212	0	-	INTRON	INTRON	protein_coding	DGCR2	ENSG00000070413.22	336826	186	536	17	21	106	306	9	13	0.666778138876119	0.469279843306395	-0.723651292036427	-0.419948458564622
chr22	24971561	24971661	8679973	0	+	INTRON	INTRON	protein_coding	KIAA1671	ENSG00000197077.15	333531	300	968	24	21	200	602	6	10	0.666778138876119	0.468143905669916	0.725502346811687	0.507397171184012
chr22	50291595	50291695	8823795	0	-	INTRON	INTRON	protein_coding	PLXNB2	ENSG00000196576.17	340242	43	253	17	41	59	457	17	23	0.666778138876119	0.466693307632465	0.727869773758645	0.585618186073377
chr22	46802416	46802516	8736266	0	+	INTRON	INTRON	protein_coding	TBC1D22A	ENSG00000054611.15	336250	52	324	17	26	52	265	4	20	0.66706881295542	0.471074367911817	0.720732084805894	0.537784174160558
chr22	41849744	41849844	8723982	0	+	INTRON	INTRON	protein_coding	SREBF2	ENSG00000198911.14	335702	921	2208	19	42	472	1115	4	14	0.66706881295542	0.470786227697611	0.721200396802759	0.418759311739333
chr22	29883659	29883759	8695402	0	+	SS5_PROX	SS5_PROX:INTRON	protein_coding	MTMR3	ENSG00000100330.17	334020	612	1482	63	131	254	502	17	57	0.66910001682779	0.473083602963291	-0.717470872128847	-0.352457166735471
chr22	36372725	36372824	8793152	0	-	INTRON	INTRON	protein_coding	MYH9	ENSG00000100345.24	338610	143	470	17	39	112	384	5	23	0.67177645084553	0.475553088914705	0.713473041982571	0.347219210163131
chr22	46062009	46062109	8733256	0	+	INTRON	INTRON	lncRNA	MIRLET7BHG	ENSG00000197182.17	336111	57	781	26	154	127	1742	38	121	0.672674773172536	0.476790663638724	0.711473827731268	0.507162256648687
chr22	23396262	23396361	8760279	0	-	INTRON	INTRON	lncRNA	ENSG00000290920	ENSG00000290920.2	337414	42	281	28	72	44	505	20	59	0.672674773172536	0.479025941544433	0.707870080054692	0.49189841144459
chr22	42985830	42985930	8810860	0	-	INTRON	INTRON	protein_coding	PACSIN2	ENSG00000100266.20	339621	729	3708	55	75	254	1002	12	33	0.672674773172536	0.479078511134048	-0.707785437324075	-0.448562121668211
chr22	46099548	46099647	8733636	0	+	INTRON	INTRON	lncRNA	MIRLET7BHG	ENSG00000197182.17	336123	15	201	148	278	47	578	157	231	0.672674773172536	0.477744535856293	0.709934853407537	0.999329632324815
chr22	42987229	42987329	8810874	0	-	INTRON	INTRON	protein_coding	PACSIN2	ENSG00000100266.20	339621	729	3708	21	36	254	1002	6	13	0.672674773172536	0.478853558338782	-0.708147671268261	-0.477170482500512
chr22	44992752	44992852	8817589	0	-	INTRON	INTRON	protein_coding	PHF21B	ENSG00000056487.18	339822	132	402	20	42	368	1625	41	178	0.674332867246725	0.480838728363214	-0.704954216760107	-0.314882727176187
chr22	46775136	46775235	8735989	0	+	INTRON	INTRON	protein_coding	TBC1D22A	ENSG00000054611.15	336244	55	240	20	43	39	175	14	32	0.674571237423538	0.482240521295542	-0.702703539698355	-0.431272840322781
chr22	46775036	46775136	8735988	0	+	INTRON	INTRON	protein_coding	TBC1D22A	ENSG00000054611.15	336244	55	240	12	30	39	175	4	13	0.674571237423538	0.481683206812148	0.703597920401366	0.484671437966651
chr22	46082439	46082537	8733461	0	+	INTRON	INTRON	lncRNA	MIRLET7BHG	ENSG00000197182.17	336113	15	223	39	44	39	405	28	42	0.674571237423538	0.482747285888151	0.701890769350564	0.784456334066846
chr22	46075472	46075572	8733391	0	+	INTRON	INTRON	lncRNA	MIRLET7BHG	ENSG00000197182.17	336111	57	781	32	184	127	1742	50	93	0.675310171255208	0.483856256724092	0.700113770466516	0.608087571578756
chr22	23912317	23912417	8761832	0	-	INTRON	INTRON	lncRNA	ENSG00000290199	ENSG00000290199.2	337529	240	508	42	35	330	1165	61	81	0.677083364396059	0.486203944957806	-0.696359140106178	-0.413781704112289
chr22	44765400	44765500	8728347	0	+	INTRON	INTRON	protein_coding	ARHGAP8	ENSG00000241484.11	335938	124	311	17	58	119	375	21	53	0.677083364396059	0.486871800686857	-0.695292839609416	-0.311428842850182
chr22	45762212	45762311	8732144	0	+	INTRON	INTRON	protein_coding	ATXN10	ENSG00000130638.18	336081	251	772	13	20	223	568	6	22	0.677083364396059	0.486319257633607	-0.696174975009496	-0.392116613473342
chr22	42938347	42938447	8810385	0	-	INTRON	INTRON	protein_coding	PACSIN2	ENSG00000100266.20	339621	729	3708	14	31	254	1002	1	7	0.678818604993855	0.48870274139592	0.69237359850088	0.517231553095775
chr22	23379603	23379703	8760111	0	-	INTRON	INTRON	lncRNA	ENSG00000290920	ENSG00000290920.2	337412	78	303	21	50	125	607	20	61	0.680487574703691	0.490488896199653	0.689531438363467	0.30096318685209
chr22	50347745	50347845	8744418	0	+	INTRON	INTRON	protein_coding	PPP6R2	ENSG00000100239.17	336422	515	906	18	45	291	597	4	18	0.680682324771384	0.491538607749823	0.687863715731722	0.440995357480724
chr22	20081274	20081371	8665700	0	+	INTRON	INTRON	protein_coding	DGCR8	ENSG00000128191.18	332628	7	100	19	39	15	128	8	46	0.680682324771384	0.49179882743362	0.687450589270324	0.65555333962681
chr22	19120129	19120229	8750241	0	-	INTRON	INTRON	protein_coding	DGCR2	ENSG00000070413.22	336826	186	536	36	82	106	306	9	34	0.682164341868494	0.493455649358481	0.684822953215327	0.295012354626872
chr22	50348345	50348445	8744424	0	+	INTRON	INTRON	protein_coding	PPP6R2	ENSG00000100239.17	336422	515	906	27	30	291	597	14	19	0.685549278392631	0.497557214462328	-0.678338308682182	-0.335543131089093
chr22	19120229	19120329	8750242	0	-	INTRON	INTRON	protein_coding	DGCR2	ENSG00000070413.22	336826	186	536	32	26	106	306	6	14	0.685549278392631	0.498977200285083	0.676099931297601	0.417496822539543
chr22	19120329	19120429	8750243	0	-	INTRON	INTRON	protein_coding	DGCR2	ENSG00000070413.22	336826	186	536	22	48	106	306	4	21	0.685549278392631	0.496615747927993	0.679824253214439	0.347679496034689
chr22	38863116	38863216	8799833	0	-	UTR3	UTR3:EXON_MRNA	protein_coding	CBX6	ENSG00000183741.13	339103	14	91	12	37	4	117	13	33	0.685549278392631	0.499437962265422	-0.675374342614749	-0.733581306566758
chr22	43001124	43001224	8811013	0	-	INTRON	INTRON	protein_coding	PACSIN2	ENSG00000100266.20	339621	729	3708	26	32	254	1002	8	11	0.685549278392631	0.498537155502659	-0.676793227862337	-0.519951581654383
chr22	42974434	42974534	8810746	0	-	INTRON	INTRON	protein_coding	PACSIN2	ENSG00000100266.20	339621	729	3708	21	32	254	1002	3	6	0.685549278392631	0.497960961180964	0.677701522069264	0.532507711762653
chr22	45000947	45001047	8817671	0	-	INTRON	INTRON	protein_coding	PHF21B	ENSG00000056487.18	339822	132	402	13	20	368	1625	18	52	0.686701086428033	0.500867029533849	0.673126164545163	0.353723290041953
chr22	50186445	50186545	8744020	0	+	SS5_PROX	SS5_PROX:INTRON	protein_coding	TRABD	ENSG00000170638.11	336380	6	49	65	204	5	63	41	92	0.687011256235865	0.503862280586189	0.668425095759652	0.564342260487948
chr22	46070386	46070486	8733340	0	+	INTRON	INTRON	lncRNA	MIRLET7BHG	ENSG00000197182.17	336111	57	781	11	176	127	1742	27	123	0.687011256235865	0.502812578754494	0.670070924446707	0.455458988169208
chr22	46077466	46077566	8733411	0	+	INTRON	INTRON	lncRNA	MIRLET7BHG	ENSG00000197182.17	336111	57	781	13	109	127	1742	26	51	0.687011256235865	0.504454396208273	0.667497515384327	0.576129971156959
chr22	46070984	46071084	8733346	0	+	INTRON	INTRON	lncRNA	MIRLET7BHG	ENSG00000197182.17	336111	57	781	75	557	127	1742	115	466	0.687011256235865	0.504634556771189	0.667215398309368	0.427670864294105
chr22	46776135	46776234	8735999	0	+	INTRON	INTRON	protein_coding	TBC1D22A	ENSG00000054611.15	336244	55	240	28	48	39	175	13	48	0.687011256235865	0.504145806966565	-0.667980865007268	-0.399910675021134
chr22	46082241	46082340	8733459	0	+	INTRON	INTRON	lncRNA	MIRLET7BHG	ENSG00000197182.17	336113	15	223	59	51	39	405	41	51	0.687011256235865	0.503631762578831	0.668786369932289	0.785689307285699
chr22	46095431	46095531	8733594	0	+	INTRON	INTRON	lncRNA	MIRLET7BHG	ENSG00000197182.17	336119	51	639	305	512	130	1810	357	593	0.687186039349149	0.506534039314063	0.664244182781611	0.663886174763796
chr22	44026950	44027050	8726068	0	+	INTRON	INTRON	protein_coding	PARVB	ENSG00000188677.15	335863	104	448	16	41	124	417	8	57	0.687186039349149	0.50627336161968	-0.664651593417951	-0.340946975135715
chr22	42991528	42991628	8810917	0	-	INTRON	INTRON	protein_coding	PACSIN2	ENSG00000100266.20	339621	729	3708	16	30	254	1002	5	10	0.687186039349149	0.506119777222085	-0.664891680633652	-0.464601651243746
chr22	19122027	19122127	8750260	0	-	SS5_ADJ	SS5_ADJ:SS5_PROX:INTRON	protein_coding	DGCR2	ENSG00000070413.22	336826	186	536	95	118	106	306	18	65	0.687246338694075	0.50744045958923	0.662828404495714	0.316368130287667
chr22	19115239	19115339	8750192	0	-	INTRON	INTRON	protein_coding	DGCR2	ENSG00000070413.22	336826	186	536	56	51	106	306	9	31	0.687246338694075	0.507759322402839	0.662330674307058	0.374070647391997
chr22	42269938	42270038	8807139	0	-	SS5_PROX	SS5_PROX:INTRON	protein_coding	TCF20	ENSG00000100207.21	339471	432	1220	123	291	258	834	37	143	0.693257422374295	0.513391665022889	0.65356567429684	0.252906033271019
chr22	20579518	20579618	8667371	0	+	INTRON	INTRON	protein_coding	MED15	ENSG00000099917.18	332730	9	110	34	74	5	117	10	49	0.693257422374295	0.513125924114467	0.653978085945571	0.680682912288372
chr22	44752927	44753027	8728222	0	+	SS5_PROX	SS5_PROX:INTRON	protein_coding	ARHGAP8	ENSG00000241484.11	335938	124	311	44	152	119	375	32	98	0.695513894084044	0.516203939743743	0.649208002688635	0.266782415803038
chr22	19120828	19120928	8750248	0	-	INTRON	INTRON	protein_coding	DGCR2	ENSG00000070413.22	336826	186	536	13	23	106	306	4	8	0.695513894084044	0.51625773581496	0.649124764995429	0.392739319249894
chr22	45007644	45007744	8817738	0	-	INTRON	INTRON	protein_coding	PHF21B	ENSG00000056487.18	339822	132	402	11	33	368	1625	21	73	0.697578125531506	0.518389242770406	0.645830330845803	0.296807723834705
chr22	42994627	42994727	8810948	0	-	INTRON	INTRON	protein_coding	PACSIN2	ENSG00000100266.20	339621	729	3708	19	38	254	1002	1	10	0.702007189125065	0.522283699125693	0.639829119406091	0.461614239428938
chr22	42985330	42985430	8810855	0	-	INTRON	INTRON	protein_coding	PACSIN2	ENSG00000100266.20	339621	729	3708	17	78	254	1002	3	14	0.70438769472253	0.524659906636111	0.636178773494433	0.389612317566571
chr22	43013920	43014020	8811141	0	-	INTRON	INTRON	protein_coding	PACSIN2	ENSG00000100266.20	339621	729	3708	33	116	254	1002	10	33	0.705423147842008	0.526037192720672	-0.634066854700028	-0.321217450078691
chr22	46776334	46776434	8736001	0	+	INTRON	INTRON	protein_coding	TBC1D22A	ENSG00000054611.15	336244	55	240	28	39	39	175	12	44	0.70598747924589	0.527064535622576	-0.632493375798523	-0.413382634402575
chr22	44996150	44996250	8817623	0	-	INTRON	INTRON	protein_coding	PHF21B	ENSG00000056487.18	339822	132	402	16	27	368	1625	23	72	0.711901484726945	0.53209131590416	0.624816780583924	0.303847422382113
chr22	45001847	45001947	8817680	0	-	INTRON	INTRON	protein_coding	PHF21B	ENSG00000056487.18	339822	132	402	17	47	368	1625	27	118	0.713711724650934	0.534057484682958	0.621824180333745	0.272928121549795
chr22	43013220	43013320	8811134	0	-	INTRON	INTRON	protein_coding	PACSIN2	ENSG00000100266.20	339621	729	3708	20	27	254	1002	3	5	0.714120984705473	0.534977232528498	0.620426192524229	0.518372049539637
chr22	46077865	46077965	8733415	0	+	INTRON	INTRON	lncRNA	MIRLET7BHG	ENSG00000197182.17	336111	57	781	27	191	127	1742	45	144	0.718358042333149	0.539385677834341	0.613742229651871	0.436489105639723
chr22	23912017	23912117	8761829	0	-	INTRON	INTRON	lncRNA	ENSG00000290199	ENSG00000290199.2	337529	240	508	40	21	330	1165	16	57	0.718358042333149	0.538775978705494	0.614664999654582	0.454460066823456
chr22	50302963	50303063	8823909	0	-	INTRON	INTRON	protein_coding	PLXNB2	ENSG00000196576.17	340242	43	253	48	63	59	457	35	65	0.718977562822985	0.541353230178369	0.610767925751797	0.473892442040634
chr22	45001147	45001247	8817673	0	-	INTRON	INTRON	protein_coding	PHF21B	ENSG00000056487.18	339822	132	402	11	27	368	1625	19	122	0.718977562822985	0.541703885391545	-0.61023841585124	-0.327577811335872
chr22	42914556	42914656	8810147	0	-	INTRON	INTRON	protein_coding	PACSIN2	ENSG00000100266.20	339621	729	3708	16	19	254	1002	2	4	0.718977562822985	0.54050455208487	0.612050188884374	0.552078113591446
chr22	46072979	46073078	8733366	0	+	INTRON	INTRON	lncRNA	MIRLET7BHG	ENSG00000197182.17	336111	57	781	29	137	127	1742	43	91	0.719942665553841	0.54304953638855	0.608207989442447	0.508130853427449
chr22	44754124	44754224	8728234	0	+	INTRON	INTRON	protein_coding	ARHGAP8	ENSG00000241484.11	335938	124	311	34	32	119	375	30	38	0.722085528555214	0.545286236769788	-0.604838609803789	-0.340169466269117
chr22	46070885	46070984	8733345	0	+	INTRON	INTRON	lncRNA	MIRLET7BHG	ENSG00000197182.17	336111	57	781	72	714	127	1742	129	552	0.722875399027709	0.547824744022712	0.60102288477193	0.386975502231925
chr22	46061411	46061510	8733250	0	+	INTRON	INTRON	lncRNA	MIRLET7BHG	ENSG00000197182.17	336111	57	781	18	133	127	1742	30	120	0.722875399027709	0.547134806784871	0.60205908719615	0.389886991508596
chr22	44996550	44996650	8817627	0	-	INTRON	INTRON	protein_coding	PHF21B	ENSG00000056487.18	339822	132	402	14	12	368	1625	28	66	0.722875399027709	0.548366819021879	-0.600209206085461	-0.377579324218249
chr22	44793193	44793293	8728626	0	+	INTRON	INTRON	protein_coding	ARHGAP8	ENSG00000241484.11	335941	28	111	23	28	42	142	9	36	0.722875399027709	0.546590977386431	0.602876309067115	0.44784281100458
chr22	23384878	23384977	8760164	0	-	INTRON	INTRON	lncRNA	ENSG00000290920	ENSG00000290920.2	337412	78	303	50	98	125	607	57	97	0.728011517510491	0.554764790405331	0.590635325444865	0.302858157836218
chr22	24977658	24977758	8680034	0	+	INTRON	INTRON	protein_coding	KIAA1671	ENSG00000197077.15	333531	300	968	20	22	200	602	6	10	0.728011517510491	0.553975796832257	0.591813030057595	0.392402298575592
chr22	44764602	44764701	8728339	0	+	INTRON	INTRON	protein_coding	ARHGAP8	ENSG00000241484.11	335938	124	311	12	18	119	375	5	29	0.728011517510491	0.554723806368366	-0.590696480780054	-0.33488846662399
chr22	42949443	42949543	8810496	0	-	INTRON	INTRON	protein_coding	PACSIN2	ENSG00000100266.20	339621	729	3708	16	38	254	1002	4	13	0.728011517510491	0.554743969121987	-0.590666394157028	-0.370212459622265
chr22	50293390	50293490	8823813	0	-	INTRON	INTRON	protein_coding	PLXNB2	ENSG00000196576.17	340242	43	253	26	46	59	457	18	55	0.728825067497285	0.556010876235042	0.588777000660996	0.396197396234404
chr22	42270138	42270238	8807141	0	-	SS5_PROX	SS5_PROX:INTRON	protein_coding	TCF20	ENSG00000100207.21	339471	432	1220	54	135	258	834	20	59	0.733025485426754	0.55984506575978	0.583071652677735	0.233639297066531
chr22	42268938	42269038	8807129	0	-	INTRON	INTRON	protein_coding	TCF20	ENSG00000100207.21	339471	432	1220	26	71	258	834	8	32	0.733467707836955	0.560812938122758	0.581634442455696	0.280628075048225
chr22	45311082	45311182	8729712	0	+	INTRON	INTRON	protein_coding	FAM118A	ENSG00000100376.13	335995	49	170	33	34	40	144	23	33	0.735124759466187	0.56271147825118	-0.578818749883312	-0.416885074144897
chr22	41845847	41845947	8723943	0	+	INTRON	INTRON	protein_coding	SREBF2	ENSG00000198911.14	335702	921	2208	32	31	472	1115	15	15	0.735564124668956	0.565521791222148	-0.574659221837242	-0.350561557885736
chr22	25367195	25367294	8763286	0	-	INTRON	INTRON	lncRNA	ENSG00000290796	ENSG00000290796.1	337613	13	82	31	58	14	94	15	43	0.735564124668956	0.567471292055604	0.571779610907331	0.460703845015297
chr22	44759413	44759513	8728287	0	+	INTRON	INTRON	protein_coding	ARHGAP8	ENSG00000241484.11	335938	124	311	13	25	119	375	3	24	0.735564124668956	0.567217886285843	0.572153648499551	0.343556073767208
chr22	42934549	42934649	8810347	0	-	INTRON	INTRON	protein_coding	PACSIN2	ENSG00000100266.20	339621	729	3708	23	88	254	1002	4	17	0.735564124668956	0.566167754418712	0.573704541722792	0.32651272727071
chr22	20132051	20132151	8666146	0	+	SS5_ADJ	SS5_ADJ:SS5_PROX:INTRON	protein_coding	ZDHHC8	ENSG00000099904.17	332671	3	29	33	74	9	36	28	51	0.735564124668956	0.565192891357104	0.575145509850011	0.524928492685166
chr22	19117435	19117535	8750214	0	-	INTRON	INTRON	protein_coding	DGCR2	ENSG00000070413.22	336826	186	536	12	33	106	306	6	18	0.735564124668956	0.566610213071161	-0.573050926132141	-0.292986629939268
chr22	19120030	19120129	8750240	0	-	INTRON	INTRON	protein_coding	DGCR2	ENSG00000070413.22	336826	186	536	17	57	106	306	6	20	0.735564124668956	0.564294165097267	0.576474997099149	0.292937688145421
chr22	23388858	23388958	8760204	0	-	INTRON	INTRON	lncRNA	ENSG00000290920	ENSG00000290920.2	337412	78	303	34	73	125	607	33	95	0.737308350231719	0.569450349534635	0.568861183300429	0.236185570214255
chr22	46076569	46076669	8733402	0	+	INTRON	INTRON	lncRNA	MIRLET7BHG	ENSG00000197182.17	336111	57	781	43	356	127	1742	81	204	0.738859258367196	0.572291324167758	0.564680170470041	0.448841092700146
chr22	44994651	44994751	8817608	0	-	INTRON	INTRON	protein_coding	PHF21B	ENSG00000056487.18	339822	132	402	13	24	368	1625	18	66	0.738859258367196	0.571636324153686	0.565643244722258	0.277191529627225
chr22	42946744	42946844	8810469	0	-	INTRON	INTRON	protein_coding	PACSIN2	ENSG00000100266.20	339621	729	3708	39	67	254	1002	5	16	0.738859258367196	0.572552449353274	0.564296373076777	0.357630038582864
chr22	20579319	20579419	8667369	0	+	INTRON	INTRON	protein_coding	MED15	ENSG00000099917.18	332730	9	110	17	47	5	117	5	33	0.739721490925437	0.5738561050736	0.562381523149396	0.575994589459057
chr22	43007122	43007222	8811073	0	-	INTRON	INTRON	protein_coding	PACSIN2	ENSG00000100266.20	339621	729	3708	28	24	254	1002	7	10	0.744482992551076	0.578189540606678	-0.556031178848451	-0.467083256699288
chr22	46779831	46779931	8736036	0	+	INTRON	INTRON	protein_coding	TBC1D22A	ENSG00000054611.15	336244	55	240	77	46	39	175	41	55	0.749488099071481	0.582720558126882	-0.549415181158569	-0.478826235731578
chr22	42920654	42920754	8810208	0	-	INTRON	INTRON	protein_coding	PACSIN2	ENSG00000100266.20	339621	729	3708	14	55	254	1002	2	11	0.7498652503921	0.584045851654675	0.547484594227206	0.354438272770917
chr22	31638131	31638231	8780427	0	-	INTRON	INTRON	protein_coding	PISD	ENSG00000241878.13	338332	218	668	25	75	191	581	12	45	0.7498652503921	0.58430221830381	0.547111374419999	0.247938733977982
chr22	31246200	31246300	8701257	0	+	INTRON	INTRON	protein_coding	LIMK2	ENSG00000182541.19	334271	258	825	20	28	249	687	10	16	0.752229437869461	0.586790661155902	0.543492633952384	0.316854120676636
chr22	42948144	42948244	8810483	0	-	INTRON	INTRON	protein_coding	PACSIN2	ENSG00000100266.20	339621	729	3708	30	62	254	1002	3	16	0.754482663871879	0.58919651328139	0.540000752788586	0.333616004986916
chr22	46070486	46070585	8733341	0	+	INTRON	INTRON	lncRNA	MIRLET7BHG	ENSG00000197182.17	336111	57	781	48	408	127	1742	80	397	0.755435142743951	0.590615210357239	0.537944724344317	0.312140773722901
chr22	46062906	46063006	8733265	0	+	INTRON	INTRON	lncRNA	MIRLET7BHG	ENSG00000197182.17	336111	57	781	21	99	127	1742	24	143	0.755435142743951	0.591238329071941	0.537042396340639	0.314678630087471
chr22	42996626	42996726	8810968	0	-	INTRON	INTRON	protein_coding	PACSIN2	ENSG00000100266.20	339621	729	3708	20	55	254	1002	2	24	0.763039787343851	0.597845606578687	-0.527501166513273	-0.340650869552359
chr22	50303761	50303861	8823917	0	-	INTRON	INTRON	protein_coding	PLXNB2	ENSG00000196576.17	340242	43	253	20	107	59	457	27	81	0.763581077991842	0.600893700550281	0.523115757526823	0.291091288407599
chr22	50187039	50187137	8744026	0	+	INTRON	INTRON	protein_coding	TRABD	ENSG00000170638.11	336380	6	49	31	89	5	63	16	63	0.763581077991842	0.600800395550204	0.523249849398414	0.453840795366714
chr22	50348544	50348644	8744426	0	+	INTRON	INTRON	protein_coding	PPP6R2	ENSG00000100239.17	336422	515	906	37	40	291	597	17	25	0.763581077991842	0.600656196797235	-0.523457100966642	-0.243151840810733
chr22	42908635	42908734	8810087	0	-	INTRON	INTRON	protein_coding	PACSIN2	ENSG00000100266.20	339618	21	228	23	52	23	133	7	28	0.763581077991842	0.600545489823685	0.523616231289411	0.440460937521038
chr22	45008444	45008544	8817746	0	-	SS5_ADJ	SS5_ADJ:SS5_PROX:INTRON	protein_coding	PHF21B	ENSG00000056487.18	339822	132	402	19	45	368	1625	58	130	0.764924227513797	0.602607832156487	-0.520653988896249	-0.239260955947793
chr22	42906546	42906646	8810066	0	-	INTRON	INTRON	protein_coding	PACSIN2	ENSG00000100266.20	339618	21	228	22	29	23	133	7	13	0.765173162266839	0.604776038905061	0.51754460646868	0.538189919710631
chr22	50291695	50291795	8823796	0	-	INTRON	INTRON	protein_coding	PLXNB2	ENSG00000196576.17	340242	43	253	29	44	59	457	24	42	0.765173162266839	0.604518099909526	0.517914248976143	0.406360751931514
chr22	42973634	42973734	8810738	0	-	INTRON	INTRON	protein_coding	PACSIN2	ENSG00000100266.20	339621	729	3708	21	62	254	1002	6	18	0.765173162266839	0.604243290999902	-0.518308144988182	-0.29507132919382
chr22	42994327	42994427	8810945	0	-	INTRON	INTRON	protein_coding	PACSIN2	ENSG00000100266.20	339621	729	3708	18	29	254	1002	4	11	0.76565182906691	0.606469919587364	-0.515118923948033	-0.358828000387976
chr22	43001024	43001124	8811012	0	-	INTRON	INTRON	protein_coding	PACSIN2	ENSG00000100266.20	339621	729	3708	18	29	254	1002	4	11	0.76565182906691	0.606469919587364	-0.515118923948033	-0.358828000387976
chr22	28924130	28924230	8691209	0	+	INTRON	INTRON	protein_coding	ZNRF3	ENSG00000183579.17	333854	448	1413	17	31	192	674	5	16	0.767397879735641	0.608512236250856	-0.512198295016136	-0.280886339335697
chr22	36387106	36387206	8793296	0	-	INTRON	INTRON	protein_coding	MYH9	ENSG00000100345.24	338610	143	470	87	133	112	384	36	83	0.768150490463235	0.609768946037826	0.510403299130553	0.216342976831451
chr22	44991452	44991552	8817576	0	-	INTRON	INTRON	protein_coding	PHF21B	ENSG00000056487.18	339822	132	402	6	38	368	1625	23	114	0.773414809668263	0.616031339540556	-0.501482857286739	-0.280488216634306
chr22	46071583	46071682	8733352	0	+	INTRON	INTRON	lncRNA	MIRLET7BHG	ENSG00000197182.17	336111	57	781	47	462	127	1742	83	459	0.773414809668263	0.614855630908549	0.503154529634968	0.279877411774986
chr22	45007444	45007544	8817736	0	-	INTRON	INTRON	protein_coding	PHF21B	ENSG00000056487.18	339822	132	402	28	39	368	1625	41	116	0.773414809668263	0.616572141986058	0.500714392044715	0.246428728715347
chr22	46054508	46054597	8733176	0	+	SS3_PROX	SS3_PROX:INTRON	lncRNA	MIRLET7BHG	ENSG00000197182.17	336103	0	18	26	161	4	35	39	157	0.773414809668263	0.617934512879283	0.498779809550731	0.512083785062263
chr22	42987429	42987529	8810876	0	-	INTRON	INTRON	protein_coding	PACSIN2	ENSG00000100266.20	339621	729	3708	37	196	254	1002	6	40	0.773414809668263	0.617737138035849	0.499059968344278	0.279858491808244
chr22	31635739	31635839	8780403	0	-	INTRON	INTRON	protein_coding	PISD	ENSG00000241878.13	338332	218	668	17	40	191	581	7	26	0.773414809668263	0.617030391022241	0.500063464271212	0.243403693524082
chr22	44752627	44752727	8728219	0	+	SS5_ADJ	SS5_ADJ:SS5_PROX:INTRON	protein_coding	ARHGAP8	ENSG00000241484.11	335938	124	311	50	65	119	375	23	64	0.776244042447765	0.621528735018314	0.493684894282333	0.210240764317668
chr22	42971735	42971835	8810719	0	-	INTRON	INTRON	protein_coding	PACSIN2	ENSG00000100266.20	339621	729	3708	38	140	254	1002	4	34	0.776244042447765	0.621100487089309	0.494291273631543	0.278825772991585
chr22	24955370	24955470	8679811	0	+	INTRON	INTRON	protein_coding	KIAA1671	ENSG00000197077.15	333531	300	968	16	28	200	602	9	17	0.776403077667702	0.622323085450142	-0.492560610885762	-0.27415083926268
chr22	49781105	49781204	8822097	0	-	INTRON	INTRON	protein_coding	BRD1	ENSG00000100425.21	339997	8	59	30	76	6	50	19	73	0.781544664145355	0.627115735663025	-0.485790464580164	-0.39238615939974
chr22	46061909	46062009	8733255	0	+	INTRON	INTRON	lncRNA	MIRLET7BHG	ENSG00000197182.17	336111	57	781	12	96	127	1742	23	86	0.783061891600714	0.629005900899199	0.483126525598951	0.325844133779983
chr22	19104660	19104760	8750086	0	-	INTRON	INTRON	protein_coding	DGCR2	ENSG00000070413.22	336826	186	536	34	58	106	306	16	30	0.78486044804379	0.631799175100542	-0.47919603444888	-0.210864571409841
chr22	50397224	50397324	8744916	0	+	INTRON	INTRON	protein_coding	PPP6R2	ENSG00000100239.17	336427	154	558	29	26	127	547	10	24	0.78486044804379	0.631486587271892	0.479635516370833	0.303445348872263
chr22	50293689	50293789	8823816	0	-	INTRON	INTRON	protein_coding	PLXNB2	ENSG00000196576.17	340242	43	253	50	114	59	457	51	92	0.787061763081506	0.63492353568173	0.474808413385031	0.320266513919983
chr22	28884166	28884266	8690809	0	+	SS5_PROX	SS5_PROX:INTRON	protein_coding	ZNRF3	ENSG00000183579.17	333854	448	1413	124	194	192	674	28	72	0.787061763081506	0.634489788575054	0.475416987719081	0.211759357325092
chr22	21585663	21585763	8669355	0	+	INTRON	INTRON	protein_coding	UBE2L3	ENSG00000185651.17	332895	74	290	13	22	131	283	16	24	0.787230108651375	0.635735654752829	-0.473669431976001	-0.304883299773884
chr22	45006944	45007044	8817731	0	-	INTRON	INTRON	protein_coding	PHF21B	ENSG00000056487.18	339822	132	402	23	39	368	1625	69	113	0.788016383017554	0.637047608607834	-0.47183073840815	-0.257323199386668
chr22	24982955	24983055	8680087	0	+	INTRON	INTRON	protein_coding	KIAA1671	ENSG00000197077.15	333531	300	968	13	34	200	602	6	13	0.791605210946809	0.640628959374479	0.466819589250579	0.262595337258847
chr22	50294387	50294487	8823823	0	-	INTRON	INTRON	protein_coding	PLXNB2	ENSG00000196576.17	340242	43	253	12	27	59	457	9	32	0.791704413308362	0.641389400128682	0.465757065773568	0.309957723688399
chr22	43011121	43011221	8811113	0	-	INTRON	INTRON	protein_coding	PACSIN2	ENSG00000100266.20	339621	729	3708	16	34	254	1002	4	11	0.792692647355502	0.642871012975596	-0.46368839480623	-0.306420464846598
chr22	44030149	44030249	8726100	0	+	INTRON	INTRON	protein_coding	PARVB	ENSG00000188677.15	335863	104	448	17	45	124	417	17	17	0.794225271780221	0.644796290233942	0.461003226524262	0.296296386286928
chr22	24156303	24156403	8675738	0	+	INTRON	INTRON	protein_coding	CABIN1	ENSG00000099991.19	333313	37	153	18	47	35	182	7	42	0.794246102192654	0.64625923275198	0.458965093848366	0.289043651569778
chr22	28924330	28924430	8691211	0	+	INTRON	INTRON	protein_coding	ZNRF3	ENSG00000183579.17	333854	448	1413	19	29	192	674	5	16	0.794246102192654	0.646860227558966	-0.458128356500725	-0.259182227421084
chr22	42951742	42951842	8810519	0	-	INTRON	INTRON	protein_coding	PACSIN2	ENSG00000100266.20	339621	729	3708	16	34	254	1002	2	8	0.794246102192654	0.646212727587189	0.459029854233157	0.323112964204176
chr22	50291894	50291994	8823798	0	-	INTRON	INTRON	protein_coding	PLXNB2	ENSG00000196576.17	340242	43	253	33	83	59	457	34	71	0.794762414576205	0.647963514976649	0.456593134278899	0.297875755524731
chr22	46082340	46082439	8733460	0	+	INTRON	INTRON	lncRNA	MIRLET7BHG	ENSG00000197182.17	336113	15	223	17	48	39	405	21	35	0.795622251164421	0.649348057221821	0.454668067469467	0.449808566348597
chr22	49873351	49873451	8742833	0	+	INTRON	INTRON	protein_coding	ZBED4	ENSG00000100426.9	336279	181	423	19	19	122	276	2	15	0.796428063420268	0.650689938412951	0.452803923131542	0.28450569990603
chr22	45006145	45006244	8817723	0	-	INTRON	INTRON	protein_coding	PHF21B	ENSG00000056487.18	339822	132	402	15	21	368	1625	32	82	0.797043281805873	0.653078903492015	-0.449489052674927	-0.235289827011955
chr22	50303063	50303162	8823910	0	-	INTRON	INTRON	protein_coding	PLXNB2	ENSG00000196576.17	340242	43	253	41	83	59	457	36	88	0.797043281805873	0.653513482091798	0.448886573538838	0.287068103113339
chr22	41834057	41834157	8723825	0	+	INTRON	INTRON	protein_coding	SREBF2	ENSG00000198911.14	335702	921	2208	41	69	472	1115	7	32	0.797043281805873	0.653254690170138	0.44924533073259	0.236739445370927
chr22	42269038	42269138	8807130	0	-	INTRON	INTRON	protein_coding	TCF20	ENSG00000100207.21	339471	432	1220	13	23	258	834	4	11	0.797043281805873	0.653931558526296	0.448307125957283	0.265808855067186
chr22	19844147	19844247	8753675	0	-	INTRON	INTRON	protein_coding	GNB1L	ENSG00000185838.15	337035	28	95	23	36	12	89	9	15	0.802563676118505	0.659150235712449	0.441086694400919	0.386370636988303
chr22	45007044	45007144	8817732	0	-	INTRON	INTRON	protein_coding	PHF21B	ENSG00000056487.18	339822	132	402	64	87	368	1625	86	301	0.803750122001234	0.660815177624726	0.438787970384035	0.218877347096737
chr22	44999448	44999548	8817656	0	-	INTRON	INTRON	protein_coding	PHF21B	ENSG00000056487.18	339822	132	402	34	68	368	1625	66	168	0.808780211108463	0.666245208135245	0.431306935475565	0.183795890157738
chr22	46077566	46077666	8733412	0	+	INTRON	INTRON	lncRNA	MIRLET7BHG	ENSG00000197182.17	336111	57	781	39	198	127	1742	65	141	0.808780211108463	0.666371302739785	0.431133501107305	0.357054668782336
chr22	45008144	45008244	8817743	0	-	SS5_PROX	SS5_PROX:INTRON	protein_coding	PHF21B	ENSG00000056487.18	339822	132	402	23	45	368	1625	55	149	0.808780211108463	0.667035225656464	-0.430220534978363	-0.188111811352918
chr22	41839553	41839653	8723880	0	+	INTRON	INTRON	protein_coding	SREBF2	ENSG00000198911.14	335702	921	2208	29	22	472	1115	5	12	0.812431572273846	0.670744622813716	0.425126277709698	0.276079037279814
chr22	44998648	44998748	8817648	0	-	INTRON	INTRON	protein_coding	PHF21B	ENSG00000056487.18	339822	132	402	8	23	368	1625	18	51	0.815452089752186	0.675340046839439	0.418830453360293	0.208673514506646
chr22	42949943	42950043	8810501	0	-	INTRON	INTRON	protein_coding	PACSIN2	ENSG00000100266.20	339621	729	3708	20	42	254	1002	5	13	0.815452089752186	0.674798635622536	-0.419571330761204	-0.26787589223313
chr22	19423453	19423553	8752579	0	-	INTRON	INTRON	protein_coding	HIRA	ENSG00000100084.15	336984	83	288	24	24	98	295	13	20	0.815452089752186	0.674839018204387	0.419516062524659	0.271655189788832
chr22	20580116	20580216	8667377	0	+	INTRON	INTRON	protein_coding	MED15	ENSG00000099917.18	332730	9	110	20	60	5	117	10	27	0.81763978123427	0.677854285988892	0.415392923765249	0.449365163671753
chr22	44994850	44994950	8817610	0	-	INTRON	INTRON	protein_coding	PHF21B	ENSG00000056487.18	339822	132	402	10	17	368	1625	16	46	0.819127679308303	0.680550343952588	0.411712251616288	0.220031070258911
chr22	44990053	44990153	8817562	0	-	INTRON	INTRON	protein_coding	PHF21B	ENSG00000056487.18	339822	132	402	13	32	368	1625	22	85	0.819127679308303	0.681491218174629	0.41042907960884	0.187365252698987
chr22	50400411	50400511	8744948	0	+	INTRON	INTRON	protein_coding	PPP6R2	ENSG00000100239.17	336427	154	558	16	48	127	547	3	40	0.819127679308303	0.681902681486035	0.409868135001478	0.214999464898948
chr22	42945045	42945145	8810452	0	-	INTRON	INTRON	protein_coding	PACSIN2	ENSG00000100266.20	339621	729	3708	24	72	254	1002	2	19	0.819127679308303	0.681515087547921	0.410396535157972	0.254909704142794
chr22	42269138	42269238	8807131	0	-	INTRON	INTRON	protein_coding	TCF20	ENSG00000100207.21	339471	432	1220	40	42	258	834	10	27	0.823868981011379	0.686557484176149	0.40353120399517	0.227562486360747
chr22	29883359	29883459	8695399	0	+	SS5_ADJ	SS5_ADJ:SS5_PROX:INTRON	protein_coding	MTMR3	ENSG00000100330.17	334020	612	1482	71	151	254	502	19	55	0.824638723597478	0.687907388842913	-0.401696516062595	-0.190013289833768
chr22	46769841	46769941	8735936	0	+	INTRON	INTRON	protein_coding	TBC1D22A	ENSG00000054611.15	336244	55	240	22	57	39	175	15	34	0.825429229043915	0.689275954150074	-0.399837845259839	-0.235412618495086
chr22	36386706	36386806	8793292	0	-	INTRON	INTRON	protein_coding	MYH9	ENSG00000100345.24	338610	143	470	17	68	112	384	10	50	0.827191028358144	0.692168437818584	-0.395914047265604	-0.181210838792174
chr22	46777233	46777333	8736010	0	+	INTRON	INTRON	protein_coding	TBC1D22A	ENSG00000054611.15	336244	55	240	19	17	39	175	6	24	0.827191028358144	0.69165347277388	-0.396612175372711	-0.322520812896638
chr22	50305955	50306054	8823939	0	-	INTRON	INTRON	protein_coding	PLXNB2	ENSG00000196576.17	340242	43	253	103	118	59	457	87	128	0.827653484708807	0.695922398380312	0.390830676374898	0.310807023125783
chr22	46773237	46773337	8735970	0	+	INTRON	INTRON	protein_coding	TBC1D22A	ENSG00000054611.15	336244	55	240	18	30	39	175	9	11	0.827653484708807	0.694694606265566	0.39249215560848	0.309139308141563
chr22	25067457	25067557	8680937	0	+	INTRON	INTRON	protein_coding	KIAA1671	ENSG00000197077.15	333542	272	774	12	17	342	1073	9	16	0.827653484708807	0.696110619871067	0.390576065772478	0.229872635745399
chr22	20493092	20493190	8756083	0	-	INTRON	INTRON	protein_coding	KLHL22	ENSG00000099910.18	337203	63	253	13	25	81	323	12	32	0.827653484708807	0.694228807114204	-0.393122770116573	-0.223802442271285
chr22	24972361	24972461	8679981	0	+	INTRON	INTRON	protein_coding	KIAA1671	ENSG00000197077.15	333531	300	968	12	22	200	602	2	13	0.827653484708807	0.693920585109857	0.393540137350727	0.249585734959947
chr22	44999148	44999248	8817653	0	-	INTRON	INTRON	protein_coding	PHF21B	ENSG00000056487.18	339822	132	402	5	24	368	1625	21	62	0.82992852609637	0.699450072251323	-0.386062917735126	-0.203094999336071
chr22	50474485	50474585	8824506	0	-	SS5_PROX	SS5_PROX:INTRON	protein_coding	SBF1	ENSG00000100241.23	340365	5	30	37	71	2	58	24	57	0.82992852609637	0.699058732655119	0.386591390575032	0.430258340873165
chr22	19117036	19117135	8750210	0	-	INTRON	INTRON	protein_coding	DGCR2	ENSG00000070413.22	336826	186	536	29	44	106	306	8	30	0.829960642567233	0.700190164090226	-0.385063777423686	-0.179285789449567
chr22	20578622	20578721	8667362	0	+	INTRON	INTRON	protein_coding	MED15	ENSG00000099917.18	332730	9	110	18	38	5	117	9	16	0.831178101744725	0.701931335064488	0.382714671312495	0.470882141474462
chr22	23397444	23397543	8760291	0	-	INTRON	INTRON	lncRNA	ENSG00000290920	ENSG00000290920.2	337414	42	281	32	96	44	505	29	84	0.831624680909172	0.703022926129403	0.381243025059075	0.250336276897792
chr22	36387006	36387106	8793295	0	-	INTRON	INTRON	protein_coding	MYH9	ENSG00000100345.24	338610	143	470	31	122	112	384	22	56	0.835080847843031	0.70694023960176	0.375968600386955	0.160728621924395
chr22	49854089	49854189	8742640	0	+	SS5_PROX	SS5_PROX:INTRON	protein_coding	ZBED4	ENSG00000100426.9	336279	181	423	53	106	122	276	20	53	0.835080847843031	0.708814327894257	0.373448957420045	0.146140338798239
chr22	46778133	46778232	8736019	0	+	INTRON	INTRON	protein_coding	TBC1D22A	ENSG00000054611.15	336244	55	240	15	22	39	175	6	21	0.835080847843031	0.708328831252334	-0.374101461696098	-0.265261750905671
chr22	42269538	42269638	8807135	0	-	INTRON	INTRON	protein_coding	TCF20	ENSG00000100207.21	339471	432	1220	19	45	258	834	4	25	0.835080847843031	0.708494543649875	0.373878727438551	0.209194741531318
chr22	42986030	42986130	8810862	0	-	INTRON	INTRON	protein_coding	PACSIN2	ENSG00000100266.20	339621	729	3708	34	48	254	1002	4	14	0.837960468033892	0.711978438905086	0.369200291110153	0.254149162045651
chr22	42981731	42981831	8810819	0	-	INTRON	INTRON	protein_coding	PACSIN2	ENSG00000100266.20	339621	729	3708	35	126	254	1002	10	32	0.838551199755921	0.713200762679005	-0.367560781237675	-0.187195619718362
chr22	42937447	42937547	8810376	0	-	INTRON	INTRON	protein_coding	PACSIN2	ENSG00000100266.20	339621	729	3708	26	26	254	1002	5	11	0.83989297974492	0.715785082394296	-0.364097662326905	-0.285943484565524
chr22	43007522	43007622	8811077	0	-	INTRON	INTRON	protein_coding	PACSIN2	ENSG00000100266.20	339621	729	3708	33	107	254	1002	9	17	0.83989297974492	0.715279949836848	0.364774220903632	0.217395034255911
chr22	46053920	46054020	8733169	0	+	SS5_ADJ	SS5_ADJ:SS5_PROX:INTRON	lncRNA	MIRLET7BHG	ENSG00000197182.17	336103	0	18	80	241	4	35	103	316	0.844533640541824	0.722642187267746	0.354929794115601	0.274871949722925
chr22	50297578	50297678	8823855	0	-	INTRON	INTRON	protein_coding	PLXNB2	ENSG00000196576.17	340242	43	253	26	30	59	457	22	33	0.844533640541824	0.721999655981419	0.355787573369668	0.30968415497876
chr22	38863515	38863615	8799837	0	-	UTR3	UTR3:EXON_MRNA	protein_coding	CBX6	ENSG00000183741.13	339103	14	91	20	43	4	117	7	30	0.844533640541824	0.720702258013053	0.357520398657149	0.38563505184284
chr22	23396065	23396164	8760277	0	-	INTRON	INTRON	lncRNA	ENSG00000290920	ENSG00000290920.2	337414	42	281	48	112	44	505	41	105	0.844533640541824	0.722307638517016	0.355376384062698	0.248033159953592
chr22	23397346	23397444	8760290	0	-	INTRON	INTRON	lncRNA	ENSG00000290920	ENSG00000290920.2	337414	42	281	21	54	44	505	21	39	0.84989321467762	0.729638037400093	0.345607062750124	0.278276282100555
chr22	43007922	43008022	8811081	0	-	INTRON	INTRON	protein_coding	PACSIN2	ENSG00000100266.20	339621	729	3708	13	47	254	1002	3	9	0.84989321467762	0.7296561332475	0.34558298732056	0.226498046118302
chr22	41847446	41847546	8723959	0	+	INTRON	INTRON	protein_coding	SREBF2	ENSG00000198911.14	335702	921	2208	17	16	472	1115	4	7	0.84989321467762	0.729201781716282	0.346187535198395	0.237626751817335
chr22	42572190	42572289	8808015	0	-	INTRON	INTRON	lncRNA	RRP7BP	ENSG00000291035.2	339507	142	479	14	43	124	483	11	25	0.84989321467762	0.730148809860498	0.344927587818439	0.158008323931593
chr22	36351652	36351752	8792941	0	-	INTRON	INTRON	protein_coding	MYH9	ENSG00000100345.24	338610	143	470	12	17	112	384	3	19	0.850874126045094	0.731722508738092	-0.342835112921826	-0.196025063744361
chr22	43014420	43014520	8811146	0	-	INTRON	INTRON	protein_coding	PACSIN2	ENSG00000100266.20	339621	729	3708	162	212	254	1002	29	82	0.855493026251203	0.737164523479344	-0.335610608057143	-0.205961584292763
chr22	31623182	31623281	8780277	0	-	INTRON	INTRON	protein_coding	PISD	ENSG00000241878.13	338332	218	668	13	44	191	581	14	15	0.855493026251203	0.737156456673409	0.335621304037429	0.200162892040214
chr22	42269238	42269338	8807132	0	-	INTRON	INTRON	protein_coding	TCF20	ENSG00000100207.21	339471	432	1220	21	17	258	834	5	12	0.856244491010151	0.738547653757897	0.333777247344114	0.22774852597713
chr22	44998848	44998948	8817650	0	-	INTRON	INTRON	protein_coding	PHF21B	ENSG00000056487.18	339822	132	402	23	24	368	1625	36	76	0.856377024477994	0.739397688660124	0.332651069603698	0.194126426340768
chr22	28884466	28884566	8690812	0	+	SS5_PROX	SS5_PROX:INTRON	protein_coding	ZNRF3	ENSG00000183579.17	333854	448	1413	17	52	192	674	6	21	0.857770079185246	0.741636877837085	-0.329686470299046	-0.168624464194412
chr22	19430839	19430939	8752653	0	-	INTRON	INTRON	protein_coding	HIRA	ENSG00000100084.15	336984	83	288	13	23	98	295	7	20	0.857770079185246	0.74207428671782	0.329107696922553	0.191787842503097
chr22	45002846	45002946	8817690	0	-	INTRON	INTRON	protein_coding	PHF21B	ENSG00000056487.18	339822	132	402	11	9	368	1625	17	49	0.858266868160015	0.744450061217494	-0.325966024091738	-0.211032369999371
chr22	46815705	46815804	8736399	0	+	INTRON	INTRON	protein_coding	TBC1D22A	ENSG00000054611.15	336250	52	324	39	31	52	265	16	23	0.858266868160015	0.745022463531469	0.325209573536205	0.295733802427703
chr22	20491713	20491812	8756069	0	-	INTRON	INTRON	protein_coding	KLHL22	ENSG00000099910.18	337203	63	253	30	30	81	323	22	25	0.858266868160015	0.746007243284323	0.323908586220374	0.242281087053744
chr22	49785293	49785393	8822139	0	-	INTRON	INTRON	protein_coding	BRD1	ENSG00000100425.21	339997	8	59	24	89	6	50	12	45	0.858266868160015	0.744986640168493	0.325256909955404	0.257282504372158
chr22	42994527	42994627	8810947	0	-	INTRON	INTRON	protein_coding	PACSIN2	ENSG00000100266.20	339621	729	3708	26	77	254	1002	3	20	0.858266868160015	0.746190782283449	0.323666174485824	0.187446940276576
chr22	50384716	50384815	8744789	0	+	INTRON	INTRON	protein_coding	PPP6R2	ENSG00000100239.17	336424	385	1000	19	47	388	919	16	25	0.859085638350941	0.747640680111257	0.321751868521771	0.164627843615035
chr22	23914015	23914115	8761849	0	-	INTRON	INTRON	lncRNA	ENSG00000290199	ENSG00000290199.2	337529	240	508	21	16	330	1165	19	43	0.860335065082184	0.751361156086244	-0.316845080182232	-0.189635867931056
chr22	36386107	36386207	8793286	0	-	INTRON	INTRON	protein_coding	MYH9	ENSG00000100345.24	338610	143	470	31	50	112	384	18	37	0.860335065082184	0.750004793322069	-0.318633043582805	-0.142628616301202
chr22	19119032	19119131	8750230	0	-	INTRON	INTRON	protein_coding	DGCR2	ENSG00000070413.22	336826	186	536	40	35	106	306	10	20	0.860335065082184	0.750277051835103	0.318274069669185	0.18241892363878
chr22	42994227	42994327	8810944	0	-	INTRON	INTRON	protein_coding	PACSIN2	ENSG00000100266.20	339621	729	3708	24	40	254	1002	4	15	0.860335065082184	0.751684502739331	-0.316418992880113	-0.206073690671736
chr22	23396853	23396952	8760285	0	-	INTRON	INTRON	lncRNA	ENSG00000290920	ENSG00000290920.2	337414	42	281	48	81	44	505	53	120	0.866249961027919	0.758898911840931	-0.3069270334366	-0.237968569703306
chr22	46061311	46061411	8733249	0	+	INTRON	INTRON	lncRNA	MIRLET7BHG	ENSG00000197182.17	336111	57	781	31	268	127	1742	61	255	0.866249961027919	0.757720165605423	0.308475992161773	0.196528066656158
chr22	50297977	50298077	8823859	0	-	INTRON	INTRON	protein_coding	PLXNB2	ENSG00000196576.17	340242	43	253	22	46	59	457	21	50	0.866249961027919	0.759085017395599	0.306682544525348	0.208528038909589
chr22	19986886	19986986	8754662	0	-	INTRON	INTRON	protein_coding	ARVCF	ENSG00000099889.15	337114	6	47	25	76	2	82	15	62	0.870478120918015	0.7635379393963	0.300838118889704	0.314413389977524
chr22	25373767	25373867	8763352	0	-	SS5_PROX	SS5_PROX:INTRON	lncRNA	ENSG00000290796	ENSG00000290796.1	337613	13	82	18	30	14	94	16	32	0.871902858653076	0.766355133202917	-0.297145886480027	-0.268049868929766
chr22	42978433	42978533	8810786	0	-	INTRON	INTRON	protein_coding	PACSIN2	ENSG00000100266.20	339621	729	3708	19	34	254	1002	1	17	0.871902858653076	0.76623404028068	-0.29730450799662	-0.221430530402445
chr22	19117135	19117235	8750211	0	-	INTRON	INTRON	protein_coding	DGCR2	ENSG00000070413.22	336826	186	536	26	33	106	306	4	21	0.871902858653076	0.768172495738185	0.294766190238674	0.159473364864941
chr22	25066757	25066857	8680930	0	+	INTRON	INTRON	protein_coding	KIAA1671	ENSG00000197077.15	333542	272	774	13	23	342	1073	10	23	0.871902858653076	0.768532932111732	0.294294425296183	0.153018586576192
chr22	42949343	42949443	8810495	0	-	INTRON	INTRON	protein_coding	PACSIN2	ENSG00000100266.20	339621	729	3708	17	44	254	1002	2	16	0.871902858653076	0.767717393317212	-0.295361954625166	-0.18692963451225
chr22	31628763	31628863	8780333	0	-	INTRON	INTRON	protein_coding	PISD	ENSG00000241878.13	338332	218	668	18	86	191	581	13	47	0.874136390954755	0.772754593034744	0.2887736561019	0.151728508768942
chr22	19115838	19115938	8750198	0	-	INTRON	INTRON	protein_coding	DGCR2	ENSG00000070413.22	336826	186	536	14	24	106	306	4	15	0.874136390954755	0.772681075515851	-0.288869721007883	-0.156200491440165
chr22	23399183	23399283	8760309	0	-	SS5_PROX	SS5_PROX:INTRON	lncRNA	ENSG00000290920:ZDHHC8BP	ENSG00000290920.2:ENSG00000133519.14	337416	10	53	22	50	4	122	13	59	0.874136390954755	0.771757717417791	0.290076494907769	0.305924245322683
chr22	46071383	46071483	8733350	0	+	INTRON	INTRON	lncRNA	MIRLET7BHG	ENSG00000197182.17	336111	57	781	29	282	127	1742	61	261	0.87578161491237	0.774961394638953	0.28589127745357	0.182584021027019
chr22	45007844	45007944	8817740	0	-	INTRON	INTRON	protein_coding	PHF21B	ENSG00000056487.18	339822	132	402	18	31	368	1625	25	102	0.875846234539319	0.776659869543655	0.283674459273912	0.135967753330418
chr22	19116836	19116936	8750208	0	-	INTRON	INTRON	protein_coding	DGCR2	ENSG00000070413.22	336826	186	536	29	54	106	306	8	26	0.875846234539319	0.777275910892712	0.28287075840269	0.126986168052374
chr22	50408570	50408670	8745030	0	+	INTRON	INTRON	protein_coding	PPP6R2	ENSG00000100239.17	336429	94	264	21	25	145	314	14	41	0.875846234539319	0.776334541670105	-0.28409896296778	-0.150248963361732
chr22	50186345	50186445	8744019	0	+	SS5_PROX	SS5_PROX:INTRON	protein_coding	TRABD	ENSG00000170638.11	336380	6	49	59	207	5	63	46	122	0.876745684244248	0.779580569753262	0.279865665750319	0.229986029885714
chr22	46770440	46770540	8735942	0	+	INTRON	INTRON	protein_coding	TBC1D22A	ENSG00000054611.15	336244	55	240	13	26	39	175	7	18	0.876745684244248	0.778949859857351	-0.280687809211893	-0.191368543890389
chr22	44982357	44982457	8817485	0	-	INTRON	INTRON	protein_coding	PHF21B	ENSG00000056487.18	339822	132	402	30	44	368	1625	55	124	0.879492637190515	0.786419443073166	0.270963060675153	0.134285306660771
chr22	46070685	46070785	8733343	0	+	INTRON	INTRON	lncRNA	MIRLET7BHG	ENSG00000197182.17	336111	57	781	68	886	127	1742	156	761	0.879492637190515	0.789361090548318	0.267140363961657	0.171439099022875
chr22	49780606	49780706	8822092	0	-	INTRON	INTRON	protein_coding	BRD1	ENSG00000100425.21	339997	8	59	34	87	6	50	23	61	0.879492637190515	0.790267728309343	-0.265962969384629	-0.223766861650737
chr22	50433406	50433502	8745288	0	+	INTRON	INTRON	protein_coding	PPP6R2	ENSG00000100239.17	336445	1	36	27	26	7	85	29	69	0.879492637190515	0.79033444888426	0.265876338069313	0.354423063724472
chr22	41833758	41833858	8723822	0	+	SS5_PROX	SS5_PROX:INTRON	protein_coding	SREBF2	ENSG00000198911.14	335702	921	2208	68	168	472	1115	20	66	0.879492637190515	0.788488780178065	0.268273529318864	0.123154866961683
chr22	50186245	50186345	8744018	0	+	SS5_PROX	SS5_PROX:INTRON	protein_coding	TRABD	ENSG00000170638.11	336380	6	49	78	100	5	63	44	88	0.879492637190515	0.787715052072785	0.269278920769725	0.277614786725098
chr22	42916655	42916755	8810168	0	-	INTRON	INTRON	protein_coding	PACSIN2	ENSG00000100266.20	339621	729	3708	24	31	254	1002	1	13	0.879492637190515	0.788557753647785	0.268183917554431	0.213603616512518
chr22	42984930	42985030	8810851	0	-	INTRON	INTRON	protein_coding	PACSIN2	ENSG00000100266.20	339621	729	3708	17	30	254	1002	4	9	0.879492637190515	0.788489768756474	-0.268272244922048	-0.191086087503377
chr22	42980232	42980332	8810804	0	-	INTRON	INTRON	protein_coding	PACSIN2	ENSG00000100266.20	339621	729	3708	12	21	254	1002	2	5	0.879492637190515	0.788391243216847	0.268400255042256	0.218478355239547
chr22	42971635	42971735	8810718	0	-	INTRON	INTRON	protein_coding	PACSIN2	ENSG00000100266.20	339621	729	3708	29	78	254	1002	3	22	0.879492637190515	0.78635934856206	0.271041195115528	0.158526545431914
chr22	41842550	41842650	8723910	0	+	INTRON	INTRON	protein_coding	SREBF2	ENSG00000198911.14	335702	921	2208	27	65	472	1115	6	38	0.879492637190515	0.786726249904983	-0.270564178463325	-0.163359015964694
chr22	49855586	49855686	8742655	0	+	INTRON	INTRON	protein_coding	ZBED4	ENSG00000100426.9	336279	181	423	19	45	122	276	8	28	0.880557528514961	0.79204788003021	-0.263652266646498	-0.130963249712697
chr22	49858281	49858381	8742682	0	+	INTRON	INTRON	protein_coding	ZBED4	ENSG00000100426.9	336279	181	423	12	25	122	276	3	19	0.885180694733702	0.796966811066082	-0.257274584265345	-0.156659804289772
chr22	42984330	42984430	8810845	0	-	INTRON	INTRON	protein_coding	PACSIN2	ENSG00000100266.20	339621	729	3708	13	23	254	1002	5	4	0.886985754407787	0.799354000321107	-0.254183237035518	-0.218782889935088
chr22	46066995	46067095	8733306	0	+	INTRON	INTRON	lncRNA	MIRLET7BHG	ENSG00000197182.17	336111	57	781	10	55	127	1742	20	47	0.889583430957232	0.802459280502658	0.250165608150341	0.203441405006149
chr22	24982455	24982555	8680082	0	+	INTRON	INTRON	protein_coding	KIAA1671	ENSG00000197077.15	333531	300	968	32	33	200	602	7	25	0.893778195631256	0.807011068392139	0.244283749402874	0.14584862866248
chr22	23398606	23398701	8760303	0	-	INTRON	INTRON	lncRNA	ENSG00000290920:ZDHHC8BP	ENSG00000290920.2:ENSG00000133519.14	337416	10	53	22	38	4	122	21	66	0.895390395391845	0.8092359930861	-0.241411767750799	-0.27165428406121
chr22	24157402	24157502	8675749	0	+	INTRON	INTRON	protein_coding	CABIN1	ENSG00000099991.19	333313	37	153	16	26	35	182	10	21	0.896755448134826	0.811240109008567	0.23882651509286	0.177072282897087
chr22	20491812	20491910	8756070	0	-	INTRON	INTRON	protein_coding	KLHL22	ENSG00000099910.18	337203	63	253	40	43	81	323	24	54	0.904381171534974	0.81891559690538	0.228939940394726	0.14260848713331
chr22	46803215	46803315	8736274	0	+	INTRON	INTRON	protein_coding	TBC1D22A	ENSG00000054611.15	336250	52	324	16	42	52	265	9	27	0.905550927260637	0.820777852914566	0.226544628345652	0.143169325922836
chr22	20494077	20494175	8756093	0	-	INTRON	INTRON	protein_coding	KLHL22	ENSG00000099910.18	337203	63	253	30	53	81	323	25	47	0.905550927260637	0.821530738133362	0.225576605318632	0.12399833849485
chr22	46071084	46071184	8733347	0	+	INTRON	INTRON	lncRNA	MIRLET7BHG	ENSG00000197182.17	336111	57	781	43	393	127	1742	117	401	0.906281445453477	0.822972068594781	-0.223724001745702	-0.158716625378292
chr22	42269738	42269838	8807137	0	-	INTRON	INTRON	protein_coding	TCF20	ENSG00000100207.21	339471	432	1220	71	100	258	834	28	50	0.911492213720472	0.828486909034587	0.216642567951536	0.103289460343009
chr22	31183951	31184051	8700678	0	+	INTRON	INTRON	protein_coding	RNF185	ENSG00000138942.18	334253	296	794	42	56	234	674	20	48	0.912618561675064	0.831829025896657	-0.212356363960646	-0.0966704651993314
chr22	43014020	43014120	8811142	0	-	INTRON	INTRON	protein_coding	PACSIN2	ENSG00000100266.20	339621	729	3708	21	56	254	1002	4	13	0.912618561675064	0.831311674208452	0.213019600932744	0.129194660446702
chr22	24155003	24155103	8675725	0	+	INTRON	INTRON	protein_coding	CABIN1	ENSG00000099991.19	333313	37	153	17	34	35	182	14	32	0.912618561675064	0.831862795478731	-0.212313075122252	-0.142970615220221
chr22	23396558	23396656	8760282	0	-	INTRON	INTRON	lncRNA	ENSG00000290920	ENSG00000290920.2	337414	42	281	32	84	44	505	27	95	0.916784871987768	0.836448053308428	0.206438943609874	0.13273691915079
chr22	42985430	42985530	8810856	0	-	INTRON	INTRON	protein_coding	PACSIN2	ENSG00000100266.20	339621	729	3708	24	93	254	1002	9	18	0.918783570660393	0.83906094124742	-0.203094793331386	-0.121243660795361
chr22	42988329	42988429	8810885	0	-	INTRON	INTRON	protein_coding	PACSIN2	ENSG00000100266.20	339621	729	3708	23	80	254	1002	6	20	0.920263078711744	0.841202676760563	-0.200355350255633	-0.110290359077283
chr22	44994751	44994850	8817609	0	-	INTRON	INTRON	protein_coding	PHF21B	ENSG00000056487.18	339822	132	402	11	23	368	1625	32	58	0.92167077706436	0.843281252210948	-0.19769813085916	-0.108066539336792
chr22	38397815	38397908	8798591	0	-	INTRON	INTRON	lncRNA	ENSG00000291015	ENSG00000291015.2	338995	1	12	72	103	2	10	40	66	0.923450314842566	0.845702779744137	0.194604244774035	0.209157883441877
chr22	50306653	50306752	8823946	0	-	INTRON	INTRON	protein_coding	PLXNB2	ENSG00000196576.17	340242	43	253	44	84	59	457	42	103	0.923525164020325	0.846729312818313	0.193293249425025	0.124150208062843
chr22	19116537	19116636	8750205	0	-	INTRON	INTRON	protein_coding	DGCR2	ENSG00000070413.22	336826	186	536	12	20	106	306	4	9	0.923525164020325	0.847358140183597	0.192490332092788	0.115356347473039
chr22	44975061	44975161	8817412	0	-	INTRON	INTRON	protein_coding	PHF21B	ENSG00000056487.18	339822	132	402	27	40	368	1625	49	120	0.927870078395604	0.852938989590461	0.185369805633971	0.0903753666870286
chr22	44998449	44998549	8817646	0	-	INTRON	INTRON	protein_coding	PHF21B	ENSG00000056487.18	339822	132	402	6	15	368	1625	19	37	0.927870078395604	0.852603238224556	-0.185797916822621	-0.107375701116774
chr22	45007344	45007444	8817735	0	-	INTRON	INTRON	protein_coding	PHF21B	ENSG00000056487.18	339822	132	402	19	48	368	1625	41	149	0.92824390429801	0.854080087202035	-0.183915063774766	-0.0767525713932547
chr22	44999348	44999448	8817655	0	-	INTRON	INTRON	protein_coding	PHF21B	ENSG00000056487.18	339822	132	402	14	33	368	1625	33	97	0.928585820919873	0.856727990587899	-0.180540846169541	-0.0811234280942078
chr22	46762848	46762948	8735866	0	+	SS5_ADJ	SS5_ADJ:SS5_PROX:INTRON	protein_coding	TBC1D22A	ENSG00000054611.15	336244	55	240	43	62	39	175	16	41	0.928585820919873	0.858383456451704	0.178432335808748	0.113132194225684
chr22	20491418	20491516	8756066	0	-	INTRON	INTRON	protein_coding	KLHL22	ENSG00000099910.18	337203	63	253	16	26	81	323	9	32	0.928585820919873	0.855275958993874	0.182390909919892	0.105958594861655
chr22	41847246	41847346	8723957	0	+	INTRON	INTRON	protein_coding	SREBF2	ENSG00000198911.14	335702	921	2208	22	35	472	1115	6	15	0.928585820919873	0.858054731567697	0.178850958058275	0.0958217828003933
chr22	23204726	23204826	8671508	0	+	INTRON	INTRON	protein_coding	BCR	ENSG00000186716.22	333081	142	729	19	34	95	464	8	17	0.928585820919873	0.85707137669548	0.180103421333168	0.109946081068748
chr22	49854788	49854888	8742647	0	+	INTRON	INTRON	protein_coding	ZBED4	ENSG00000100426.9	336279	181	423	21	27	122	276	4	20	0.931729475468984	0.86208990127156	0.173714423867034	0.0952388406075377
chr22	38864811	38864911	8799850	0	-	UTR3	UTR3:EXON_MRNA	protein_coding	CBX6	ENSG00000183741.13	339103	14	91	20	42	4	117	14	30	0.932137889794042	0.863268595530909	-0.172214885815009	-0.197321159047958
chr22	44993451	44993551	8817596	0	-	INTRON	INTRON	protein_coding	PHF21B	ENSG00000056487.18	339822	132	402	12	52	368	1625	34	119	0.932510073040895	0.864414406195125	0.170757553488946	0.076474962076506
chr22	46815804	46815904	8736400	0	+	INTRON	INTRON	protein_coding	TBC1D22A	ENSG00000054611.15	336250	52	324	25	21	52	265	12	26	0.933318675999044	0.865965781854783	-0.168784968794698	-0.146178127314542
chr22	45007944	45008044	8817741	0	-	INTRON	INTRON	protein_coding	PHF21B	ENSG00000056487.18	339822	132	402	16	72	368	1625	39	178	0.933322950200667	0.868654433144975	0.165367880610811	0.0762980048418502
chr22	46061809	46061909	8733254	0	+	INTRON	INTRON	lncRNA	MIRLET7BHG	ENSG00000197182.17	336111	57	781	13	132	127	1742	30	143	0.933322950200667	0.86932562770185	0.16451514181804	0.100790246842339
chr22	19115139	19115239	8750191	0	-	INTRON	INTRON	protein_coding	DGCR2	ENSG00000070413.22	336826	186	536	16	30	106	306	8	13	0.933322950200667	0.868232363312186	-0.165904173148731	-0.0883909616606622
chr22	16602515	16602615	8658980	0	+	SS5_PROX	SS5_PROX:INTRON	lncRNA	TPTEP1	ENSG00000290418.2	332343	66	203	20	35	46	160	10	19	0.933322950200667	0.870780690651138	0.162666924305253	0.0994230443868238
chr22	16603310	16603410	8658988	0	+	INTRON	INTRON	lncRNA	TPTEP1	ENSG00000290418.2	332343	66	203	30	33	46	160	11	24	0.933322950200667	0.870779016624506	0.162669050329471	0.107219294874071
chr22	23233909	23234009	8671800	0	+	INTRON	INTRON	protein_coding	BCR	ENSG00000186716.22	333081	142	729	12	19	95	464	6	11	0.933322950200667	0.86949647764442	-0.164298099626556	-0.113547912278789
chr22	46069987	46070087	8733336	0	+	INTRON	INTRON	lncRNA	MIRLET7BHG	ENSG00000197182.17	336111	57	781	40	223	127	1742	69	260	0.934942312680798	0.873897969241158	0.158709225717708	0.105942471065011
chr22	42986730	42986830	8810869	0	-	INTRON	INTRON	protein_coding	PACSIN2	ENSG00000100266.20	339621	729	3708	39	71	254	1002	5	22	0.934942312680798	0.873323440636458	0.15943845886916	0.0959718556917178
chr22	44975361	44975461	8817415	0	-	INTRON	INTRON	protein_coding	PHF21B	ENSG00000056487.18	339822	132	402	6	18	368	1625	19	36	0.938191842903411	0.877741337561696	0.153833096042142	0.0875890940585897
chr22	42932849	42932949	8810330	0	-	INTRON	INTRON	protein_coding	PACSIN2	ENSG00000100266.20	339621	729	3708	30	125	254	1002	4	33	0.938722460668527	0.879044228632899	0.152180937346073	0.0870481344686127
chr22	42990528	42990628	8810907	0	-	INTRON	INTRON	protein_coding	PACSIN2	ENSG00000100266.20	339621	729	3708	12	41	254	1002	4	9	0.939237160754486	0.880333112013011	-0.150546950036738	-0.0999238853308468
chr22	19120628	19120728	8750246	0	-	INTRON	INTRON	protein_coding	DGCR2	ENSG00000070413.22	336826	186	536	15	37	106	306	4	18	0.942498003038265	0.884199157489507	0.145648146904858	0.0769516801277808
chr22	42994727	42994827	8810949	0	-	INTRON	INTRON	protein_coding	PACSIN2	ENSG00000100266.20	339621	729	3708	67	82	254	1002	9	35	0.943631640688329	0.886073353326756	-0.143274551619207	-0.0954556589495781
chr22	43014220	43014320	8811144	0	-	INTRON	INTRON	protein_coding	PACSIN2	ENSG00000100266.20	339621	729	3708	33	106	254	1002	5	28	0.947166467089514	0.890206284360763	0.138043189027109	0.0732598617239278
chr22	42269438	42269538	8807134	0	-	INTRON	INTRON	protein_coding	TCF20	ENSG00000100207.21	339471	432	1220	89	77	258	834	24	61	0.949004348398268	0.893564231825173	0.13379556810621	0.0791306193621506
chr22	42986330	42986430	8810865	0	-	INTRON	INTRON	protein_coding	PACSIN2	ENSG00000100266.20	339621	729	3708	18	51	254	1002	5	12	0.949004348398268	0.893538549512963	-0.133828045577783	-0.0834674962133189
chr22	44753725	44753825	8728230	0	+	INTRON	INTRON	protein_coding	ARHGAP8	ENSG00000241484.11	335938	124	311	33	64	119	375	26	50	0.949957147727386	0.895277483725896	0.131629332098423	0.0530375148543402
chr22	46071283	46071383	8733349	0	+	INTRON	INTRON	lncRNA	MIRLET7BHG	ENSG00000197182.17	336111	57	781	106	576	127	1742	190	612	0.950326514737636	0.896442021633956	0.130157243318898	0.0933520234092426
chr22	20581312	20581412	8667389	0	+	INTRON	INTRON	protein_coding	MED15	ENSG00000099917.18	332730	9	110	12	69	5	117	10	27	0.954082742139637	0.900804925783042	0.12464459018394	0.129412623065559
chr22	25069956	25070056	8680962	0	+	INTRON	INTRON	protein_coding	KIAA1671	ENSG00000197077.15	333542	272	774	13	16	342	1073	6	24	0.956176082992386	0.903602827570124	0.12111136487819	0.0686456547834543
chr22	46062109	46062208	8733257	0	+	INTRON	INTRON	lncRNA	MIRLET7BHG	ENSG00000197182.17	336111	57	781	19	139	127	1742	44	162	0.957764778453646	0.905926994052805	-0.118177529482735	-0.0797993844900799
chr22	44972662	44972762	8817388	0	-	INTRON	INTRON	protein_coding	PHF21B	ENSG00000056487.18	339822	132	402	7	19	368	1625	22	45	0.959340789418261	0.909099975140173	-0.114173857404769	-0.0624079122234394
chr22	20580515	20580615	8667381	0	+	INTRON	INTRON	protein_coding	MED15	ENSG00000099917.18	332730	9	110	37	35	5	117	19	27	0.959340789418261	0.90989023326268	0.113176995674795	0.154870045959468
chr22	19118533	19118632	8750225	0	-	INTRON	INTRON	protein_coding	DGCR2	ENSG00000070413.22	336826	186	536	13	20	106	306	2	14	0.959340789418261	0.909550808665314	-0.113605144968087	-0.0681449121141808
chr22	19116237	19116337	8750202	0	-	INTRON	INTRON	protein_coding	DGCR2	ENSG00000070413.22	336826	186	536	18	37	106	306	7	18	0.960431195480275	0.91257465824844	-0.109791593381317	-0.0534512876145881
chr22	20581512	20581611	8667391	0	+	INTRON	INTRON	protein_coding	MED15	ENSG00000099917.18	332730	9	110	32	55	5	117	16	44	0.960431195480275	0.912001602137644	0.110514183280413	0.127111821269885
chr22	42994927	42995027	8810951	0	-	INTRON	INTRON	protein_coding	PACSIN2	ENSG00000100266.20	339621	729	3708	30	26	254	1002	5	10	0.960667525551279	0.913624528166036	-0.108467917870447	-0.0896693429559789
chr22	50405092	50405192	8744995	0	+	INTRON	INTRON	protein_coding	PPP6R2	ENSG00000100239.17	336427	154	558	27	25	127	547	13	23	0.961258238587936	0.9150121377624	0.10671871148468	0.0684224831416252
chr22	44997149	44997249	8817633	0	-	INTRON	INTRON	protein_coding	PHF21B	ENSG00000056487.18	339822	132	402	7	23	368	1625	20	53	0.961297002562137	0.916191157479396	0.105232708114779	0.0532284548949532
chr22	42939547	42939647	8810397	0	-	INTRON	INTRON	protein_coding	PACSIN2	ENSG00000100266.20	339621	729	3708	13	37	254	1002	2	11	0.961297002562137	0.916700749865955	-0.104590504277843	-0.0682220233880249
chr22	44030349	44030449	8726102	0	+	INTRON	INTRON	protein_coding	PARVB	ENSG00000188677.15	335863	104	448	42	45	124	417	22	47	0.961753091237392	0.917961928148404	0.103001313914811	0.0597820196664426
chr22	45007744	45007844	8817739	0	-	INTRON	INTRON	protein_coding	PHF21B	ENSG00000056487.18	339822	132	402	34	31	368	1625	56	118	0.963457425327808	0.921244084527363	0.0988667306744579	0.060075837550801
chr22	42990428	42990528	8810906	0	-	INTRON	INTRON	protein_coding	PACSIN2	ENSG00000100266.20	339621	729	3708	55	48	254	1002	10	16	0.963457425327808	0.92073174868858	-0.0995120149653702	-0.0795113661336855
chr22	44995050	44995150	8817612	0	-	INTRON	INTRON	protein_coding	PHF21B	ENSG00000056487.18	339822	132	402	10	12	368	1625	19	36	0.964487063149413	0.923057206484919	0.0965834418695396	0.0607267971953826
chr22	19120429	19120529	8750244	0	-	INTRON	INTRON	protein_coding	DGCR2	ENSG00000070413.22	336826	186	536	20	37	106	306	7	19	0.96453327314352	0.923930068346241	-0.095484415477069	-0.0461475873518504
chr22	36373224	36373324	8793157	0	-	INTRON	INTRON	protein_coding	MYH9	ENSG00000100345.24	338610	143	470	50	54	112	384	18	49	0.967094588279529	0.927214399072126	0.0913501141603044	0.0468136189388534
chr22	45007544	45007644	8817737	0	-	INTRON	INTRON	protein_coding	PHF21B	ENSG00000056487.18	339822	132	402	26	39	368	1625	63	91	0.969020276364469	0.931545970096266	0.0858999263043969	0.0501827614041525
chr22	19986986	19987086	8754663	0	-	INTRON	INTRON	protein_coding	ARVCF	ENSG00000099889.15	337114	6	47	33	63	2	82	24	58	0.969020276364469	0.930068815625054	0.0877582572123789	0.105014230637004
chr22	50424312	50424412	8745194	0	+	INTRON	INTRON	protein_coding	PPP6R2	ENSG00000100239.17	336441	41	110	16	33	21	84	3	26	0.969020276364469	0.931558152278214	-0.085884601779473	-0.0673348919639592
chr22	31634344	31634444	8780389	0	-	INTRON	INTRON	protein_coding	PISD	ENSG00000241878.13	338332	218	668	17	31	191	581	16	14	0.969512702690585	0.932864456197127	-0.0842414585063597	-0.0525626864754855
chr22	42987329	42987429	8810875	0	-	INTRON	INTRON	protein_coding	PACSIN2	ENSG00000100266.20	339621	729	3708	30	49	254	1002	6	14	0.971793318198539	0.935893736856153	-0.0804319247663354	-0.053426705981409
chr22	44752727	44752827	8728220	0	+	SS5_PROX	SS5_PROX:INTRON	protein_coding	ARHGAP8	ENSG00000241484.11	335938	124	311	19	38	119	375	14	32	0.972845593501361	0.938853707191842	0.0767106812260232	0.0345551254209384
chr22	24971861	24971961	8679976	0	+	INTRON	INTRON	protein_coding	KIAA1671	ENSG00000197077.15	333531	300	968	46	58	200	602	13	41	0.972845593501361	0.937988124890378	0.0777987699907619	0.0404339426053959
chr22	24995348	24995448	8680211	0	+	INTRON	INTRON	protein_coding	KIAA1671	ENSG00000197077.15	333531	300	968	26	47	200	602	15	20	0.972845593501361	0.939414473449768	-0.0760058130292947	-0.0414125231418919
chr22	49815853	49815953	8822451	0	-	INTRON	INTRON	protein_coding	BRD1	ENSG00000100425.21	340009	169	394	36	54	171	425	19	57	0.977551688212077	0.944798667730745	-0.0692398949267963	-0.0279474463267427
chr22	23395671	23395770	8760273	0	-	INTRON	INTRON	lncRNA	ENSG00000290920	ENSG00000290920.2	337414	42	281	24	63	44	505	20	81	0.978857634846453	0.947390967730584	0.0659834926968508	0.0424370009577012
chr22	42950743	42950843	8810509	0	-	INTRON	INTRON	protein_coding	PACSIN2	ENSG00000100266.20	339621	729	3708	19	22	254	1002	3	7	0.978857634846453	0.947742744391711	0.0655416516444335	0.0531505820719806
chr22	44997249	44997349	8817634	0	-	INTRON	INTRON	protein_coding	PHF21B	ENSG00000056487.18	339822	132	402	8	26	368	1625	22	67	0.983131244356882	0.953937983535217	-0.057762280819126	-0.0278633096195582
chr22	20491910	20492009	8756071	0	-	INTRON	INTRON	protein_coding	KLHL22	ENSG00000099910.18	337203	63	253	18	44	81	323	19	40	0.983131244356882	0.954414352339585	-0.0571642545182484	-0.0304605082580747
chr22	42984630	42984730	8810848	0	-	INTRON	INTRON	protein_coding	PACSIN2	ENSG00000100266.20	339621	729	3708	19	33	254	1002	4	9	0.983131244356882	0.95423605833829	-0.0573880797461659	-0.0408145213806889
chr22	45007144	45007244	8817733	0	-	INTRON	INTRON	protein_coding	PHF21B	ENSG00000056487.18	339822	132	402	15	48	368	1625	37	130	0.984126777784618	0.95622627635258	-0.0548897770264789	-0.0233691415246654
chr22	46063605	46063704	8733272	0	+	INTRON	INTRON	lncRNA	MIRLET7BHG	ENSG00000197182.17	336111	57	781	12	61	127	1742	23	82	0.985936989413577	0.958832192453754	-0.0516191095063779	-0.0364064304280992
chr22	31945320	31945419	8705431	0	+	INTRON	INTRON	protein_coding	YWHAH	ENSG00000128245.16	334491	22	176	43	56	21	120	16	56	0.987992531461294	0.961680015589043	-0.0480454562205736	-0.0410532635309158
chr22	46070286	46070386	8733339	0	+	INTRON	INTRON	lncRNA	MIRLET7BHG	ENSG00000197182.17	336111	57	781	97	446	127	1742	190	477	0.990918409493276	0.974435130963832	-0.0320462960080046	-0.0255343515472861
chr22	45001347	45001447	8817675	0	-	INTRON	INTRON	protein_coding	PHF21B	ENSG00000056487.18	339822	132	402	10	32	368	1625	25	83	0.990918409493276	0.977297537885121	0.0284571570680009	0.013086060923279
chr22	44995550	44995650	8817617	0	-	INTRON	INTRON	protein_coding	PHF21B	ENSG00000056487.18	339822	132	402	17	40	368	1625	34	121	0.990918409493276	0.976740557636728	-0.0291555179933121	-0.0125744027708203
chr22	46071184	46071283	8733348	0	+	INTRON	INTRON	lncRNA	MIRLET7BHG	ENSG00000197182.17	336111	57	781	287	1732	127	1742	570	1754	0.990918409493276	0.970626623592826	0.0368223873931951	0.0269065739165913
chr22	45001447	45001547	8817676	0	-	INTRON	INTRON	protein_coding	PHF21B	ENSG00000056487.18	339822	132	402	8	36	368	1625	18	99	0.990918409493276	0.970622379557291	0.0368277101107341	0.0195278859859895
chr22	42985530	42985630	8810857	0	-	INTRON	INTRON	protein_coding	PACSIN2	ENSG00000100266.20	339621	729	3708	64	133	254	1002	7	48	0.990918409493276	0.973036487730014	0.0338001858684101	0.0193582070184635
chr22	42984530	42984630	8810847	0	-	INTRON	INTRON	protein_coding	PACSIN2	ENSG00000100266.20	339621	729	3708	47	68	254	1002	4	31	0.990918409493276	0.976735702102393	-0.0291616060907048	-0.0200587910436786
chr22	24971661	24971761	8679974	0	+	INTRON	INTRON	protein_coding	KIAA1671	ENSG00000197077.15	333531	300	968	34	27	200	602	9	23	0.990918409493276	0.970851997966761	0.0365397324110037	0.023785418181251
chr22	42986530	42986630	8810867	0	-	INTRON	INTRON	protein_coding	PACSIN2	ENSG00000100266.20	339621	729	3708	20	49	254	1002	4	13	0.990918409493276	0.977255585438979	-0.0285097579952832	-0.0175549542605289
chr22	46068990	46069089	8733326	0	+	INTRON	INTRON	lncRNA	MIRLET7BHG	ENSG00000197182.17	336111	57	781	19	50	127	1742	27	81	0.990918409493276	0.965573994496687	0.0431599952786893	0.0352572084614232
chr22	23386967	23387067	8760185	0	-	INTRON	INTRON	lncRNA	ENSG00000290920	ENSG00000290920.2	337412	78	303	28	50	125	607	31	77	0.990918409493276	0.966727694143112	0.0417127445246596	0.019766022487202
chr22	44026750	44026850	8726066	0	+	INTRON	INTRON	protein_coding	PARVB	ENSG00000188677.15	335863	104	448	12	22	124	417	6	22	0.990918409493276	0.967681722308112	0.040516036440611	0.0228806494208091
chr22	41834157	41834257	8723826	0	+	INTRON	INTRON	protein_coding	SREBF2	ENSG00000198911.14	335702	921	2208	18	34	472	1115	6	14	0.990918409493276	0.974317739527362	0.0321935002699082	0.0175350372738574
chr22	24157002	24157102	8675745	0	+	INTRON	INTRON	protein_coding	CABIN1	ENSG00000099991.19	333313	37	153	27	39	35	182	20	32	0.990918409493276	0.975303206661373	0.0309577844365725	0.0232587841648191
chr22	36373424	36373523	8793159	0	-	INTRON	INTRON	protein_coding	MYH9	ENSG00000100345.24	338610	143	470	16	27	112	384	4	24	0.990918409493276	0.968300633256261	0.0397397218026196	0.0207272531641614
chr22	42979832	42979932	8810800	0	-	INTRON	INTRON	protein_coding	PACSIN2	ENSG00000100266.20	339621	729	3708	22	31	254	1002	3	11	0.991027641052082	0.978256666296256	-0.0272546013273756	-0.0195270330621179
chr22	31176967	31177066	8700608	0	+	INTRON	INTRON	protein_coding	RNF185	ENSG00000138942.18	334253	296	794	19	19	234	674	10	14	0.992758856739279	0.980818458118703	-0.0240428137668787	-0.0149476578920565
chr22	19104560	19104660	8750085	0	-	INTRON	INTRON	protein_coding	DGCR2	ENSG00000070413.22	336826	186	536	17	28	106	306	6	14	0.994026666937197	0.982924994540132	-0.0214019794693091	-0.0112948241795252
chr22	46070186	46070286	8733338	0	+	INTRON	INTRON	lncRNA	MIRLET7BHG	ENSG00000197182.17	336111	57	781	36	384	127	1742	91	369	0.995830013698173	0.994974489631422	-0.00629858483833944	-0.00421079715432647
chr22	23913815	23913915	8761847	0	-	INTRON	INTRON	lncRNA	ENSG00000290199	ENSG00000290199.2	337529	240	508	80	43	330	1165	70	107	0.995830013698173	0.988330736715183	0.0146257740713735	0.0101032440508215
chr22	46061710	46061809	8733253	0	+	INTRON	INTRON	lncRNA	MIRLET7BHG	ENSG00000197182.17	336111	57	781	13	182	127	1742	39	175	0.995830013698173	0.986890896964947	0.0164305634065864	0.010975111967502
chr22	50186145	50186245	8744017	0	+	SS5_PROX	SS5_PROX:INTRON	protein_coding	TRABD	ENSG00000170638.11	336380	6	49	46	45	5	63	25	71	0.995830013698173	0.991753750219058	0.0103353254287795	0.011501458781677
chr22	45005945	45006045	8817721	0	-	INTRON	INTRON	protein_coding	PHF21B	ENSG00000056487.18	339822	132	402	5	16	368	1625	17	35	0.995830013698173	0.990034444625594	-0.0124902961926554	-0.00713353053296253
chr22	42985130	42985230	8810853	0	-	INTRON	INTRON	protein_coding	PACSIN2	ENSG00000100266.20	339621	729	3708	50	167	254	1002	11	40	0.995830013698173	0.994591095979588	0.0067791077995948	0.00327767493865043
chr22	23396656	23396755	8760283	0	-	INTRON	INTRON	lncRNA	ENSG00000290920	ENSG00000290920.2	337414	42	281	36	83	44	505	35	96	0.995830013698173	0.990723999753014	0.011626004144797	0.00815319816603156
chr22	36364236	36364335	8793067	0	-	INTRON	INTRON	protein_coding	MYH9	ENSG00000100345.24	338610	143	470	13	42	112	384	9	24	0.995830013698173	0.991114590773737	0.0111364391855409	0.00529402676815326
chr22	46081253	46081352	8733449	0	+	INTRON	INTRON	lncRNA	MIRLET7BHG	ENSG00000197182.17	336113	15	223	12	52	39	405	23	49	0.995830013698173	0.993094874375459	-0.00865439959774533	-0.00784466581059232
chr22	46802915	46803015	8736271	0	+	INTRON	INTRON	protein_coding	TBC1D22A	ENSG00000054611.15	336250	52	324	12	19	52	265	8	12	0.995830013698173	0.993430199733675	0.00823411659862379	0.00688766814196578
chr22	24976758	24976858	8680025	0	+	INTRON	INTRON	protein_coding	KIAA1671	ENSG00000197077.15	333531	300	968	13	25	200	602	3	17	0.995830013698173	0.991870156309536	-0.0101894243471031	-0.0060411261649188
chr22	46809710	46809810	8736339	0	+	INTRON	INTRON	protein_coding	TBC1D22A	ENSG00000054611.15	336250	52	324	19	34	52	265	9	30	0.995830013698173	0.993113413866796	0.00863116292330679	0.00583431367998214
chr22	23070670	23070770	8670503	0	+	SS5_PROX	SS5_PROX:INTRON	protein_coding	GNAZ	ENSG00000128266.10	333050	12	103	16	26	14	94	9	25	0.998233884512691	0.998233884512691	0.00221349931591101	0.00209927475169115
chr22	38398001	38398093	8798593	0	-	INTRON	INTRON	lncRNA	ENSG00000291015	ENSG00000291015.2	338995	1	12	41	43	2	10	20	45	NA	0.974644572300431	0.0317836665004596	0.0371956983652782
chr22	46053813	46053866	8733167	0	+	EXON_LNCRNA	EXON_LNCRNA	lncRNA	MIRLET7BHG	ENSG00000197182.17	336102	1	1	20	46	1	8	31	52	NA	0.419222343590781	0.807771136906545	1.14874009369582
chr22	29553170	29553270	8775263	0	-	SS5_PROX	SS5_PROX:INTRON	protein_coding	THOC5	ENSG00000100296.15	337930	5	19	14	21	5	37	27	58	NA	0.276390832020025	-1.08846284156586	-1.02438275299615
chr22	46054953	46055053	8733181	0	+	SS5_ADJ	SS5_ADJ:SS5_PROX:INTRON	lncRNA	MIRLET7BHG	ENSG00000197182.17	336105	1	3	19	48	1	15	23	49	NA	0.35607572593133	0.922868523110096	1.14429593737577
chr22	50192764	50192862	8744084	0	+	UTR5	UTR5:EXON_MRNA:SS3_PROX:INTRON	protein_coding	TRABD	ENSG00000170638.11	336381	3	44	21	58	6	46	18	35	NA	0.843044165195809	0.198001148438822	0.207194059680524
chr22	50434765	50434865	8745302	0	+	SS3_PROX	SS3_PROX:INTRON	protein_coding	PPP6R2	ENSG00000100239.17	336445	1	36	16	29	7	85	29	41	NA	0.948445612558672	0.0646588683490321	0.0860626334302698
chr22	46085812	46085828	8733496	0	+	SSB_ADJ	SSB_ADJ:SS3_ADJ:SS5_ADJ:SSB_PROX:SS3_PROX:SS5_PROX:INTRON	lncRNA	MIRLET7BHG	ENSG00000197182.17	336117	1	5	19	137	1	30	18	67	NA	0.0611246421183368	1.87259275816834	2.15213776346929
chr22	46054420	46054508	8733175	0	+	SS3_PROX	SS3_PROX:INTRON	lncRNA	MIRLET7BHG	ENSG00000197182.17	336103	0	18	8	102	4	35	24	94	NA	0.85020546315397	0.188856276449922	0.227508610525714
chr22	50470045	50470144	8824461	0	-	INTRON	INTRON	protein_coding	SBF1	ENSG00000100241.23	340365	5	30	30	33	2	58	18	28	NA	0.694853371627904	0.392277249412452	0.514473610126422
chr22	46056133	46056233	8733194	0	+	SS5_PROX	SS5_PROX:INTRON	lncRNA	MIRLET7BHG	ENSG00000197182.17	336107	1	11	15	103	0	11	22	63	NA	0.551424557664132	-0.59562681686497	-0.719079019273887
chr22	50434176	50434272	8745296	0	+	INTRON	INTRON	protein_coding	PPP6R2	ENSG00000100239.17	336445	1	36	25	8	7	85	22	41	NA	0.782309988823167	0.276309983174066	0.448971491637941
chr22	46055198	46055298	8733184	0	+	SS3_PROX	SS3_PROX:SS5_PROX:INTRON	lncRNA	MIRLET7BHG	ENSG00000197182.17	336105	1	3	12	71	1	15	27	91	NA	0.6367779509509	0.472208531187411	0.578563726655026
chr22	46055833	46055933	8733191	0	+	SS5_PROX	SS5_PROX:INTRON	lncRNA	MIRLET7BHG	ENSG00000197182.17	336107	1	11	14	62	0	11	16	49	NA	0.559683416254364	-0.583311806128069	-0.679800070794815
chr22	23897476	23897572	8761683	0	-	INTRON	INTRON	lncRNA	MIF-AS1:ENSG00000290199	ENSG00000218537.1:ENSG00000290199.2	337527	2	22	2	13	23	89	21	72	NA	0.451161283478912	-0.753480402466563	-0.732815927671499
chr22	50433887	50433983	8745293	0	+	INTRON	INTRON	protein_coding	PPP6R2	ENSG00000100239.17	336445	1	36	21	26	7	85	28	63	NA	0.902618543507375	0.122354156437225	0.158267505437817
chr22	50186045	50186145	8744016	0	+	SS5_ADJ	SS5_ADJ:SS5_PROX:INTRON	protein_coding	TRABD	ENSG00000170638.11	336380	6	49	31	45	5	63	22	34	NA	0.90186744738754	0.123302643766133	0.139310420062529
chr22	23897091	23897187	8761679	0	-	INTRON	INTRON	lncRNA	MIF-AS1:ENSG00000290199	ENSG00000218537.1:ENSG00000290199.2	337527	2	22	10	14	23	89	20	64	NA	0.748181828927318	0.321037689979212	0.300018846594095
chr22	20133244	20133343	8666158	0	+	INTRON	INTRON	protein_coding	ZDHHC8	ENSG00000099904.17	332671	3	29	20	41	9	36	20	27	NA	0.691592447105855	0.396694919491044	0.406727688754065
chr22	46054020	46054108	8733170	0	+	SS5_PROX	SS5_PROX:INTRON	lncRNA	MIRLET7BHG	ENSG00000197182.17	336103	0	18	16	70	4	35	19	49	NA	0.429751492514018	0.789616973544264	0.876501484324115
chr22	50433502	50433598	8745289	0	+	INTRON	INTRON	protein_coding	PPP6R2	ENSG00000100239.17	336445	1	36	30	11	7	85	19	38	NA	0.557840316143998	0.586052379421989	0.934184921255592
chr22	50433117	50433213	8745285	0	+	INTRON	INTRON	protein_coding	PPP6R2	ENSG00000100239.17	336445	1	36	23	33	7	85	19	47	NA	0.481266974070367	0.704266259805833	0.887033357318506
chr22	38397376	38397445	8798586	0	-	EXON_LNCRNA	EXON_LNCRNA:INTRON	lncRNA	ENSG00000291015	ENSG00000291015.2	338994	0	3	13	25	0	2	17	36	NA	0.349942029318927	-0.934701741206027	-1.51951941362186
chr22	46109570	46109670	8733739	0	+	SS3_ADJ	SS3_ADJ:SSB_PROX:SS3_PROX:SS5_PROX:INTRON	lncRNA	MIRLET7BHG	ENSG00000197182.17	336129	1	4	21	95	0	8	2	10	NA	0.0176741869136288	2.37237406890898	3.32754318347326
chr22	50188620	50188719	8744042	0	+	INTRON	INTRON	protein_coding	TRABD	ENSG00000170638.11	336380	6	49	14	65	5	63	10	20	NA	0.440137906791794	0.771960358087666	0.782660701399959
chr22	37561088	37561187	8709917	0	+	INTRON	INTRON	protein_coding	CDC42EP1	ENSG00000128283.8	334790	18	67	27	57	10	51	6	12	NA	0.127070740020896	1.52575560784988	1.2464331912113
chr22	50189806	50189905	8744054	0	+	INTRON	INTRON	protein_coding	TRABD	ENSG00000170638.11	336380	6	49	17	64	5	63	7	35	NA	0.357901997097515	0.919370149702236	0.802126007121224
chr22	37560688	37560788	8709913	0	+	SS5_PROX	SS5_PROX:INTRON	protein_coding	CDC42EP1	ENSG00000128283.8	334790	18	67	21	60	10	51	6	21	NA	0.399573582500642	0.84238304120398	0.641555521584575
chr22	50186940	50187039	8744025	0	+	INTRON	INTRON	protein_coding	TRABD	ENSG00000170638.11	336380	6	49	16	78	5	63	8	20	NA	0.199277165344167	1.28361366691857	1.23597627419309
chr22	50189905	50190004	8744055	0	+	INTRON	INTRON	protein_coding	TRABD	ENSG00000170638.11	336380	6	49	17	51	5	63	5	26	NA	0.240952840939591	1.17260849568813	1.09099349806289
chr22	49784196	49784296	8822128	0	-	INTRON	INTRON	protein_coding	BRD1	ENSG00000100425.21	339997	8	59	22	50	6	50	7	30	NA	0.614490487149143	0.50367399256844	0.454437727536096
chr22	49781304	49781404	8822099	0	-	INTRON	INTRON	protein_coding	BRD1	ENSG00000100425.21	339997	8	59	16	68	6	50	9	45	NA	0.961652498350458	-0.0480799838215032	-0.0381708290990193
chr22	37561785	37561884	8709924	0	+	INTRON	INTRON	protein_coding	CDC42EP1	ENSG00000128283.8	334790	18	67	18	58	10	51	4	20	NA	0.336573445340579	0.960957683296751	0.755810535968101
chr22	37562781	37562881	8709934	0	+	INTRON	INTRON	protein_coding	CDC42EP1	ENSG00000128283.8	334790	18	67	18	43	10	51	4	7	NA	0.0964631494525759	1.66224755045194	1.46496488271951
chr22	42270425	42270525	8724692	0	+	SS5_PROX	SS5_PROX:INTRON	lncRNA	OGFRP1	ENSG00000182057.6	335755	3	9	22	46	3	17	12	18	NA	0.20948278002311	1.25498892607715	1.2804961427048
chr22	50190004	50190102	8744056	0	+	UTR5	UTR5:EXON_MRNA:INTRON	protein_coding	TRABD	ENSG00000170638.11	336381	3	44	17	45	6	46	1	28	NA	0.123711080241507	1.53938194063168	1.77911116498966
chr22	49784495	49784595	8822131	0	-	INTRON	INTRON	protein_coding	BRD1	ENSG00000100425.21	339997	8	59	20	50	6	50	5	32	NA	0.568112530770993	0.570833472601917	0.513570872267446
chr22	50189015	50189114	8744046	0	+	INTRON	INTRON	protein_coding	TRABD	ENSG00000170638.11	336380	6	49	13	87	5	63	9	26	NA	0.337276170990319	0.959561067987078	0.909779790096629
chr22	20575232	20575332	8667328	0	+	SS5_ADJ	SS5_ADJ:SS5_PROX:INTRON	protein_coding	MED15	ENSG00000099917.18	332730	9	110	12	41	5	117	5	17	NA	0.506624711307122	0.664102498248397	0.713184508289952
chr22	46056033	46056133	8733193	0	+	SS5_PROX	SS5_PROX:INTRON	lncRNA	MIRLET7BHG	ENSG00000197182.17	336107	1	11	12	78	0	11	15	55	NA	0.576366597666829	-0.558699826653564	-0.653031749072329
chr22	50186841	50186940	8744024	0	+	INTRON	INTRON	protein_coding	TRABD	ENSG00000170638.11	336380	6	49	25	87	5	63	10	27	NA	0.178156486646066	1.3464529427982	1.24115560326964
chr22	20137801	20137900	8666204	0	+	INTRON	INTRON	protein_coding	ZDHHC8	ENSG00000099904.17	332671	3	29	18	51	9	36	15	41	NA	0.583413139848492	0.548406025732479	0.490668337562347
chr22	19984589	19984689	8754639	0	-	INTRON	INTRON	protein_coding	ARVCF	ENSG00000099889.15	337114	6	47	13	35	2	82	9	15	NA	0.667173598796176	0.430030302054041	0.557134534256923
chr22	46055498	46055598	8733187	0	+	SS3_ADJ	SS3_ADJ:SS3_PROX:INTRON	lncRNA	MIRLET7BHG	ENSG00000197182.17	336105	1	3	16	62	1	15	15	46	NA	0.189720644557661	1.31140596523427	1.59300930380642
chr22	46150652	46150752	8733785	0	+	SS5_ADJ	SS5_ADJ:SS5_PROX:INTRON	protein_coding	PPARA	ENSG00000186951.18	336132	0	6	25	35	0	5	1	5	NA	0.0902483717037551	1.69408900292522	3.13837492509678
chr22	49827396	49827496	8822568	0	-	SS5_ADJ	SS5_ADJ:SS5_PROX:INTRON	protein_coding	BRD1	ENSG00000100425.21	340012	20	8	31	28	4	18	8	14	NA	0.667113682942138	0.430112671390715	0.486215912668061
chr22	38398186	38398279	8798595	0	-	INTRON	INTRON	lncRNA	ENSG00000291015	ENSG00000291015.2	338995	1	12	21	40	2	10	5	24	NA	0.439472800813591	0.773083778152099	0.880676495127049
chr22	44735923	44736010	8728199	0	+	INTRON	INTRON	protein_coding	PRR5	ENSG00000186654.22	335934	1	14	17	50	3	21	2	11	NA	0.0104332666043006	2.56112880720057	2.88030012158973
chr22	50470538	50470637	8824466	0	-	INTRON	INTRON	protein_coding	SBF1	ENSG00000100241.23	340365	5	30	17	49	2	58	14	33	NA	0.776822048687188	0.283462859105658	0.315592733049993
chr22	18577606	18577704	8749124	0	-	INTRON	INTRON	lncRNA	PI4KAP1	ENSG00000290425.2	336775	1	13	21	29	2	30	10	42	NA	0.415023409328943	0.815085432917704	0.982099508959191
chr22	46109353	46109453	8733736	0	+	SS5_ADJ	SS5_ADJ:SSB_PROX:SS3_PROX:SS5_PROX:INTRON	lncRNA	MIRLET7BHG	ENSG00000197182.17	336129	1	4	18	113	0	8	4	21	NA	0.0749297218265812	1.78089428872443	2.33554385788629
chr22	18577704	18577801	8749125	0	-	INTRON	INTRON	lncRNA	PI4KAP1	ENSG00000290425.2	336775	1	13	22	27	2	30	19	24	NA	0.576785129354956	0.558086777260491	0.750639737668925
chr22	50189608	50189707	8744052	0	+	INTRON	INTRON	protein_coding	TRABD	ENSG00000170638.11	336380	6	49	21	93	5	63	8	46	NA	0.257531625784464	1.13224457233113	0.925141199291463
chr22	39145612	39145711	8800083	0	-	INTRON	INTRON	protein_coding	CBX7	ENSG00000100307.14	339122	3	38	16	50	3	56	9	40	NA	0.605823607390042	0.516044101985302	0.532899140586254
chr22	38398093	38398186	8798594	0	-	INTRON	INTRON	lncRNA	ENSG00000291015	ENSG00000291015.2	338995	1	12	29	35	2	10	17	30	NA	0.996903151289764	0.00388133401486783	0.00457286950104279
chr22	42646504	42646603	8808735	0	-	INTRON	INTRON	protein_coding	CYB5R3	ENSG00000100243.23	339556	16	50	22	34	20	60	9	22	NA	0.303515968989678	1.02892276690881	0.780092009301751
chr22	38398679	38398779	8798600	0	-	SS5_ADJ	SS5_ADJ:SS5_PROX:INTRON	lncRNA	ENSG00000291015	ENSG00000291015.2	338995	1	12	26	21	2	10	7	24	NA	0.705721121411853	0.377608941375416	0.491622209566961
chr22	49781404	49781504	8822100	0	-	INTRON	INTRON	protein_coding	BRD1	ENSG00000100425.21	339997	8	59	16	46	6	50	9	48	NA	0.631304721132057	-0.479891253154948	-0.402861319083334
chr22	37561586	37561685	8709922	0	+	INTRON	INTRON	protein_coding	CDC42EP1	ENSG00000128283.8	334790	18	67	19	54	10	51	3	15	NA	0.162331162251977	1.3972740965354	1.13784383960198
chr22	38865110	38865210	8799853	0	-	UTR3	UTR3:EXON_MRNA	protein_coding	CBX6	ENSG00000183741.13	339103	14	91	13	26	4	117	3	18	NA	0.569871439879741	0.568240845667756	0.654098611095781
chr22	46058130	46058227	8733217	0	+	EXON_LNCRNA	EXON_LNCRNA:INTRON	lncRNA	MIRLET7BHG	ENSG00000197182.17	336110	1	8	13	26	6	13	4	25	NA	0.177570906224302	1.34827202542416	1.54283752904558
chr22	20580017	20580116	8667376	0	+	INTRON	INTRON	protein_coding	MED15	ENSG00000099917.18	332730	9	110	13	42	5	117	4	19	NA	0.398136971829542	0.844953195713877	0.884658150183402
chr22	38397723	38397815	8798590	0	-	INTRON	INTRON	lncRNA	ENSG00000291015	ENSG00000291015.2	338995	1	12	12	28	2	10	8	18	NA	0.916328357357207	0.105059800394054	0.118541879777154
chr22	42270325	42270425	8724691	0	+	SS5_PROX	SS5_PROX:INTRON	lncRNA	OGFRP1	ENSG00000182057.6	335755	3	9	18	28	3	17	4	15	NA	0.126581384288591	1.52772276971874	1.6386213943088
chr22	44732987	44733083	8728168	0	+	INTRON	INTRON	protein_coding	PRR5	ENSG00000186654.22	335932	11	41	24	34	9	79	4	14	NA	0.0447923960528174	2.0065988295598	2.01918712577035
chr22	50171456	50171555	8743923	0	+	INTRON	INTRON	protein_coding	PANX2	ENSG00000073150.14	336374	7	46	17	39	1	19	3	7	NA	0.597406173898174	0.528134230599222	0.600606160386917
chr22	49800216	49800316	8822294	0	-	INTRON	INTRON	protein_coding	BRD1	ENSG00000100425.21	340007	0	22	16	31	2	32	8	24	NA	0.451595876443065	0.752757123368042	1.02746426005006
chr22	50432829	50432925	8745282	0	+	INTRON	INTRON	protein_coding	PPP6R2	ENSG00000100239.17	336445	1	36	17	29	7	85	16	39	NA	0.527017198942347	0.632565842247457	0.786322945016298
chr22	49786190	49786290	8822148	0	-	INTRON	INTRON	protein_coding	BRD1	ENSG00000100425.21	339997	8	59	12	27	6	50	4	16	NA	0.656067784379462	0.44534869251206	0.430718920463586
chr22	35424451	35424549	8708446	0	+	UTR3	UTR3:EXON_MRNA	protein_coding	MCM5	ENSG00000100297.17	334656	5	21	13	16	2	36	5	17	NA	0.681961412692611	0.409788077743369	0.484908758794754
chr22	46105975	46106070	8733702	0	+	EXON_LNCRNA	EXON_LNCRNA:INTRON	lncRNA	MIRLET7BHG	ENSG00000197182.17	336126	2	25	13	95	4	99	14	52	NA	0.138911685590875	1.47985597953946	1.55510529072079
chr22	38861620	38861720	8799818	0	-	UTR3	UTR3:EXON_MRNA	protein_coding	CBX6	ENSG00000183741.13	339103	14	91	16	29	4	117	8	27	NA	0.957235679900009	-0.053622813768821	-0.0610941938883801
chr22	24098991	24099091	8675157	0	+	INTRON	INTRON	protein_coding	CABIN1	ENSG00000099991.19	333301	10	74	15	26	7	56	6	15	NA	0.827960213460625	0.217318406598632	0.218089807941082
chr22	19985088	19985188	8754644	0	-	INTRON	INTRON	protein_coding	ARVCF	ENSG00000099889.15	337114	6	47	27	49	2	82	18	42	NA	0.853850142005752	0.18420818073176	0.227426542085276
chr22	37562582	37562681	8709932	0	+	INTRON	INTRON	protein_coding	CDC42EP1	ENSG00000128283.8	334790	18	67	19	24	10	51	6	7	NA	0.449372172539065	0.756462124899742	0.739018240182642
chr22	44732691	44732791	8728165	0	+	SS5_PROX	SS5_PROX:INTRON	protein_coding	PRR5	ENSG00000186654.22	335932	11	41	19	61	9	79	6	17	NA	0.0311128930667539	2.15562584127231	1.8492160786864
chr22	50192271	50192369	8744079	0	+	UTR5	UTR5:EXON_MRNA:INTRON	protein_coding	TRABD	ENSG00000170638.11	336381	3	44	17	88	6	46	11	46	NA	0.47246265007895	0.718477931855574	0.630801710816672
chr22	25373867	25373967	8763353	0	-	SS5_PROX	SS5_PROX:INTRON	lncRNA	ENSG00000290796	ENSG00000290796.1	337613	13	82	14	27	14	94	7	32	NA	0.953157132665486	0.058742594153532	0.0494543342502726
chr22	35424745	35424843	8708449	0	+	UTR3	UTR3:EXON_MRNA	protein_coding	MCM5	ENSG00000100297.17	334656	5	21	18	24	2	36	10	36	NA	0.974571037789121	-0.0318758750410864	-0.0354938823964594
chr22	49779709	49779808	8822083	0	-	INTRON	INTRON	protein_coding	BRD1	ENSG00000100425.21	339997	8	59	13	43	6	50	9	20	NA	0.927819825562195	0.0905881784203507	0.0846991077456235
chr22	37561386	37561486	8709920	0	+	INTRON	INTRON	protein_coding	CDC42EP1	ENSG00000128283.8	334790	18	67	23	55	10	51	4	7	NA	0.0356605904288504	2.10077649818772	1.82301019633796
chr22	50319601	50319700	8824090	0	-	INTRON	INTRON	protein_coding	DENND6B	ENSG00000205593.13	340282	7	56	16	27	8	61	5	21	NA	0.463621284688093	0.732896948049173	0.723210054896056
chr22	50324041	50324140	8824135	0	-	INTRON	INTRON	protein_coding	DENND6B	ENSG00000205593.13	340282	7	56	16	27	8	61	2	15	NA	0.151024986050699	1.43592042405266	1.50570663836375
chr22	29552487	29552584	8775256	0	-	INTRON	INTRON	protein_coding	THOC5	ENSG00000100296.15	337930	5	19	20	21	5	37	6	16	NA	0.218906135647298	1.22944198837374	1.31636965269157
chr22	39136246	39136345	8799988	0	-	INTRON	INTRON	protein_coding	CBX7	ENSG00000100307.14	339118	21	38	20	21	21	71	8	13	NA	0.186590510646742	1.32073268825194	1.09340530384628
chr22	49787089	49787189	8822157	0	-	SS5_PROX	SS5_PROX:INTRON	protein_coding	BRD1	ENSG00000100425.21	339997	8	59	12	23	6	50	2	12	NA	0.367360973173749	0.90142767342927	0.943921770145287
chr22	39142532	39142631	8800052	0	-	INTRON	INTRON	protein_coding	CBX7	ENSG00000100307.14	339122	3	38	16	26	3	56	5	24	NA	0.42142584057837	0.803950019708946	0.963687262545442
chr22	28883866	28883966	8690806	0	+	CDS	CDS:EXON_MRNA	protein_coding	ZNRF3	ENSG00000183579.17	333853	3	5	22	61	1	12	6	24	NA	0.164541764205635	1.38995756305642	1.54423608405101
chr22	19982491	19982591	8754618	0	-	SS3_PROX	SS3_PROX:INTRON	protein_coding	ARVCF	ENSG00000099889.15	337114	6	47	13	40	2	82	8	35	NA	0.833361365290193	0.210392475018021	0.232976021966129
chr22	49779908	49780008	8822085	0	-	INTRON	INTRON	protein_coding	BRD1	ENSG00000100425.21	339997	8	59	22	94	6	50	12	39	NA	0.663071481240249	0.435676468309783	0.352612919237575
chr22	49802308	49802408	8822315	0	-	INTRON	INTRON	protein_coding	BRD1	ENSG00000100425.21	340007	0	22	12	22	2	32	6	6	NA	0.33678146750799	0.960544059391426	1.5293079735873
chr22	46054108	46054197	8733171	0	+	SS5_PROX	SS5_PROX:INTRON	lncRNA	MIRLET7BHG	ENSG00000197182.17	336103	0	18	18	114	4	35	13	77	NA	0.185024747457342	1.32544153854984	1.38248327624321
chr22	20579020	20579120	8667366	0	+	INTRON	INTRON	protein_coding	MED15	ENSG00000099917.18	332730	9	110	13	20	5	117	5	16	NA	0.748935941175535	0.320042726900638	0.396251780547478
chr22	38397307	38397376	8798585	0	-	EXON_LNCRNA	EXON_LNCRNA:INTRON	lncRNA	ENSG00000291015	ENSG00000291015.2	338994	0	3	17	23	0	2	11	26	NA	0.61779555388594	-0.498977047344294	-0.821978419177951
chr22	37561287	37561386	8709919	0	+	INTRON	INTRON	protein_coding	CDC42EP1	ENSG00000128283.8	334790	18	67	20	57	10	51	7	10	NA	0.212781970584117	1.24595212852708	1.05701036981762
chr22	50187533	50187632	8744031	0	+	INTRON	INTRON	protein_coding	TRABD	ENSG00000170638.11	336380	6	49	25	48	5	63	12	47	NA	0.749825627611386	0.318869296672547	0.308885857354652
chr22	20581412	20581512	8667390	0	+	INTRON	INTRON	protein_coding	MED15	ENSG00000099917.18	332730	9	110	16	24	5	117	7	18	NA	0.799297235861081	0.25425671721312	0.317243351770627
chr22	20581711	20581811	8667393	0	+	INTRON	INTRON	protein_coding	MED15	ENSG00000099917.18	332730	9	110	17	29	5	117	4	15	NA	0.366743480518924	0.90259010416589	1.08983790494124
chr22	38202212	38202312	8712817	0	+	SS5_ADJ	SS5_ADJ:SS5_PROX:INTRON	protein_coding	MAFF	ENSG00000185022.14	335068	10	30	16	23	12	25	11	7	NA	0.604017311253155	0.51863211221927	0.513286487065577
chr22	38175367	38175467	8797134	0	-	INTRON	INTRON	protein_coding	PLA2G6	ENSG00000184381.21	338931	19	70	20	18	14	33	4	9	NA	0.67287972578135	0.422199062447851	0.405813858505126
chr22	49785393	49785492	8822140	0	-	INTRON	INTRON	protein_coding	BRD1	ENSG00000100425.21	339997	8	59	12	39	6	50	11	26	NA	0.669258685422537	-0.427165640694412	-0.392795484433411
chr22	50191384	50191482	8744070	0	+	UTR5	UTR5:EXON_MRNA:INTRON	protein_coding	TRABD	ENSG00000170638.11	336381	3	44	17	110	6	46	7	41	NA	0.158868434849998	1.40888750486411	1.23362148414365
chr22	50468961	50469059	8824450	0	-	INTRON	INTRON	protein_coding	SBF1	ENSG00000100241.23	340365	5	30	13	18	2	58	7	9	NA	0.51425611289091	0.652224878604606	0.889915329597673
chr22	20579618	20579718	8667372	0	+	INTRON	INTRON	protein_coding	MED15	ENSG00000099917.18	332730	9	110	12	35	5	117	4	27	NA	0.707126345106628	0.37571828185257	0.389540131282133
chr22	50270076	50270176	8823568	0	-	SS5_ADJ	SS5_ADJ:SS5_PROX:INTRON	protein_coding	MAPK11	ENSG00000185386.16	340168	0	12	24	35	1	21	8	16	NA	0.22333197773455	1.21771583424014	1.8169616058428
chr22	44735462	44735562	8728194	0	+	SS5_PROX	SS5_PROX:INTRON	protein_coding	PRR5	ENSG00000186654.22	335934	1	14	38	137	3	21	9	49	NA	0.0342827849876952	2.11672981425712	2.02833536254822
chr22	37562283	37562383	8709929	0	+	INTRON	INTRON	protein_coding	CDC42EP1	ENSG00000128283.8	334790	18	67	20	46	10	51	6	9	NA	0.205006524751349	1.26741615938635	1.08879066215304
chr22	50474186	50474285	8824503	0	-	INTRON	INTRON	protein_coding	SBF1	ENSG00000100241.23	340365	5	30	13	20	2	58	16	18	NA	0.856323801972639	-0.181055768984626	-0.245409914704855
chr22	49785193	49785293	8822138	0	-	INTRON	INTRON	protein_coding	BRD1	ENSG00000100425.21	339997	8	59	17	53	6	50	5	28	NA	0.519700850315256	0.643806604780721	0.556341649163922
chr22	44732891	44732987	8728167	0	+	INTRON	INTRON	protein_coding	PRR5	ENSG00000186654.22	335932	11	41	24	39	9	79	6	14	NA	0.0533063978107457	1.93243045725341	1.84839381517176
chr22	39145810	39145910	8800085	0	-	INTRON	INTRON	protein_coding	CBX7	ENSG00000100307.14	339122	3	38	29	41	3	56	13	33	NA	0.526913136239636	0.632725160716141	0.773251088313303
chr22	20123119	20123218	8666095	0	+	INTRON	INTRON	protein_coding	RANBP1	ENSG00000099901.19	332662	1	33	17	17	1	62	4	23	NA	0.328498603706426	0.977142512279499	1.57494285270075
chr22	50191088	50191186	8744067	0	+	UTR5	UTR5:EXON_MRNA:INTRON	protein_coding	TRABD	ENSG00000170638.11	336381	3	44	21	61	6	46	14	25	NA	0.532132108811203	0.6247546350993	0.668213213121337
chr22	38861520	38861620	8799817	0	-	UTR3	UTR3:EXON_MRNA	protein_coding	CBX6	ENSG00000183741.13	339103	14	91	18	19	4	117	7	22	NA	0.921117034745235	0.0990267453570294	0.125791273950997
chr22	41526196	41526295	8804992	0	-	UTR3	UTR3:EXON_MRNA	protein_coding	POLR3H	ENSG00000100413.18	339339	2	44	12	24	9	69	10	24	NA	0.591713954796839	0.536353944696176	0.610335824950315
chr22	36028524	36028624	8791682	0	-	UTR5	UTR5:EXON_MRNA	protein_coding	RBFOX2	ENSG00000100320.25	338498	4	31	55	61	3	33	10	26	NA	0.191794201846589	1.30528975334159	1.47414190247751
chr22	35423841	35423911	8708438	0	+	SS3_PROX	SS3_PROX:INTRON	protein_coding	MCM5	ENSG00000100297.17	334654	2	18	16	24	2	13	1	24	NA	0.588889595287203	0.540445849932001	0.718759853054525
chr22	20581611	20581711	8667392	0	+	INTRON	INTRON	protein_coding	MED15	ENSG00000099917.18	332730	9	110	18	36	5	117	5	17	NA	0.397275129576873	0.846497748085475	0.985977301696382
chr22	19848704	19848803	8753721	0	-	UTR3	UTR3:EXON_MRNA:INTRON	protein_coding	GNB1L:RTL10	ENSG00000185838.15:ENSG00000215012.9	337036	8	51	12	22	7	85	13	15	NA	0.94558244071819	0.0682552570566595	0.0793869077071887
chr22	19995798	19995897	8754753	0	-	INTRON	INTRON	protein_coding	ARVCF	ENSG00000099889.15	337117	15	88	12	22	17	84	5	12	NA	0.458309455392494	0.741633442918444	0.668821097388087
chr22	49827196	49827296	8822566	0	-	SS5_PROX	SS5_PROX:INTRON	protein_coding	BRD1	ENSG00000100425.21	340012	20	8	19	34	4	18	17	22	NA	0.59146818387346	-0.53670965777217	-0.607460661660332
chr22	20581113	20581213	8667387	0	+	INTRON	INTRON	protein_coding	MED15	ENSG00000099917.18	332730	9	110	17	36	5	117	3	16	NA	0.233647150571881	1.19101639023979	1.36651988641005
chr22	38398379	38398479	8798597	0	-	SS5_PROX	SS5_PROX:INTRON	lncRNA	ENSG00000291015	ENSG00000291015.2	338995	1	12	16	37	2	10	9	18	NA	0.697273947535704	0.389002972450941	0.436628631287564
chr22	44737147	44737247	8728212	0	+	CDS_STOP	CDS_STOP:CDS:EXON_MRNA	protein_coding	PRR5	ENSG00000186654.22	335935	2	5	16	36	0	5	5	15	NA	0.788755341409825	0.267927219348346	0.344121161743448
chr22	20582110	20582210	8667397	0	+	SS3_PROX	SS3_PROX:INTRON	protein_coding	MED15	ENSG00000099917.18	332730	9	110	17	38	5	117	7	18	NA	0.596955659235243	0.528783479638452	0.616113169926926
chr22	50188719	50188818	8744043	0	+	INTRON	INTRON	protein_coding	TRABD	ENSG00000170638.11	336380	6	49	17	56	5	63	6	34	NA	0.363623779947443	0.908481696301749	0.81668836705467
