gene_id	base_feature_id	chr	start	end	name	score	strand	feature_type_top	feature_types	transcript_type_top	gene_name	padj	pval	stat	log2FoldChange	X10R_IN_1_norm	X10R_IN_2_norm	X10R_IP_1_norm	X10R_IP_2_norm	DMSO_IN_1_norm	DMSO_IN_2_norm	DMSO_IP_1_norm	DMSO_IP_2_norm
ENSG00000197182.17	336119	chr22	46093836	46093936	8733578	0	+	INTRON	INTRON	lncRNA	MIRLET7BHG	0.000923468754884471	4.76014822105398e-06	4.57509021508298	2.19962077324651	105	409	99	285	217	780	53	104
ENSG00000197182.17	336119	chr22	46090746	46090846	8733547	0	+	INTRON	INTRON	lncRNA	MIRLET7BHG	0.000923468754884471	2.62038043668845e-06	4.69853207306376	1.97212657540841	105	409	57	209	217	780	35	96
ENSG00000197182.17	336119	chr22	46093138	46093238	8733571	0	+	INTRON	INTRON	lncRNA	MIRLET7BHG	0.000923468754884471	2.11626007004276e-06	4.74199293398547	2.14622511449988	105	409	38	172	217	780	24	66
ENSG00000197182.17	336119	chr22	46091344	46091444	8733553	0	+	INTRON	INTRON	lncRNA	MIRLET7BHG	0.000923468754884471	3.13680277009765e-06	4.66165265112114	2.23803551965948	105	409	55	293	217	780	37	96
ENSG00000197182.17	336130	chr22	46112937	46113036	8733773	0	+	EXON_LNCRNA	EXON_LNCRNA	lncRNA	MIRLET7BHG	0.000923468754884471	3.96009715714011e-06	4.61346566054202	3.02967464485788	58	134	36	85	70	236	11	13
ENSG00000197182.17	336130	chr22	46110165	46110264	8733745	0	+	EXON_LNCRNA	EXON_LNCRNA:SS5_PROX:INTRON	lncRNA	MIRLET7BHG	0.000923468754884471	4.68693927144981e-06	4.57833398611445	2.71004286325711	58	134	50	100	70	236	15	22
ENSG00000197182.17	336130	chr22	46111848	46111947	8733762	0	+	EXON_LNCRNA	EXON_LNCRNA:INTRON	lncRNA	MIRLET7BHG	0.00113925567130093	7.82993588522975e-06	4.46978200840462	2.39652942881467	58	134	59	136	70	236	22	35
ENSG00000197182.17	336119	chr22	46087856	46087955	8733518	0	+	INTRON	INTRON	lncRNA	MIRLET7BHG	0.00113925567130093	7.57963994779261e-06	4.47672607402266	2.20966654038176	105	409	81	345	217	780	53	109
ENSG00000197182.17	336119	chr22	46086959	46087058	8733509	0	+	INTRON	INTRON	lncRNA	MIRLET7BHG	0.00134946523543305	1.04340095523174e-05	4.40797809350048	2.19523247011113	105	409	75	192	217	780	38	75
ENSG00000197182.17	336119	chr22	46093936	46094036	8733579	0	+	INTRON	INTRON	lncRNA	MIRLET7BHG	0.00193691442351688	1.66401582776364e-05	4.30577572298165	2.10184179914054	105	409	67	239	217	780	44	87
ENSG00000197182.17	336119	chr22	46086859	46086959	8733508	0	+	INTRON	INTRON	lncRNA	MIRLET7BHG	0.0023347475810084	2.40695626908082e-05	4.22335183439886	2.20835348473401	105	409	68	187	217	780	38	66
ENSG00000197182.17	336119	chr22	46092341	46092441	8733563	0	+	INTRON	INTRON	lncRNA	MIRLET7BHG	0.0023347475810084	2.29520340660679e-05	4.23404954766774	2.48363087612633	105	409	21	49	217	780	10	17
ENSG00000197182.17	336123	chr22	46103091	46103191	8733672	0	+	SS3_ADJ	SS3_ADJ:SS3_PROX:INTRON	lncRNA	MIRLET7BHG	0.00263133051198246	2.93877119035842e-05	4.17815982873694	2.36621158002373	31	129	62	208	79	249	40	61
ENSG00000197182.17	336123	chr22	46100138	46100236	8733642	0	+	INTRON	INTRON	lncRNA	MIRLET7BHG	0.0027477680406511	3.30487565026764e-05	4.15137235822211	2.15280189771517	31	129	54	167	79	249	35	66
ENSG00000197182.17	336130	chr22	46112145	46112244	8733765	0	+	EXON_LNCRNA	EXON_LNCRNA:SS3_PROX:INTRON	lncRNA	MIRLET7BHG	0.00279533919030014	3.60224122461358e-05	4.13161453655799	2.26405915444188	58	134	102	331	70	236	55	69
ENSG00000197182.17	336119	chr22	46089650	46089749	8733536	0	+	INTRON	INTRON	lncRNA	MIRLET7BHG	0.0030037002585154	4.17806641130385e-05	4.09740550114255	2.26215922766804	105	409	57	242	217	780	40	68
ENSG00000197182.17	336119	chr22	46091544	46091643	8733555	0	+	INTRON	INTRON	lncRNA	MIRLET7BHG	0.0030037002585154	4.38684745659465e-05	4.0861000113108	2.45396501410454	105	409	36	208	217	780	28	48
ENSG00000197182.17	336119	chr22	46087457	46087557	8733514	0	+	INTRON	INTRON	lncRNA	MIRLET7BHG	0.00302038584000197	4.67069975258036e-05	4.07152176306473	2.09340614719914	105	409	39	123	217	780	26	48
ENSG00000197182.17	336119	chr22	46090447	46090547	8733544	0	+	INTRON	INTRON	lncRNA	MIRLET7BHG	0.00356319126977744	6.73455394631475e-05	3.98547404293053	1.77219156611733	105	409	47	153	217	780	33	81
ENSG00000100354.23	335295	chr22	40187536	40187636	8716895	0	+	INTRON	INTRON	protein_coding	TNRC6B	0.00356319126977744	6.50391101944373e-05	-3.9937402582926	-1.95137015863026	710	578	30	15	333	215	44	26
ENSG00000197182.17	336119	chr22	46090148	46090248	8733541	0	+	INTRON	INTRON	lncRNA	MIRLET7BHG	0.00356319126977744	5.98748635292765e-05	4.01330343924049	2.02952368571811	105	409	76	312	217	780	57	109
ENSG00000197182.17	336119	chr22	46094733	46094833	8733587	0	+	INTRON	INTRON	lncRNA	MIRLET7BHG	0.00356319126977744	6.17354149819613e-05	4.0060774444331	2.49227692945795	105	409	30	90	217	780	19	23
ENSG00000197182.17	336119	chr22	46091843	46091942	8733558	0	+	INTRON	INTRON	lncRNA	MIRLET7BHG	0.00410276211203747	8.4593033237886e-05	3.93100067852908	2.28501119166885	105	409	52	268	217	780	40	69
ENSG00000197182.17	336119	chr22	46087955	46088055	8733519	0	+	INTRON	INTRON	lncRNA	MIRLET7BHG	0.00410276211203747	8.43224068734079e-05	3.93177089527216	2.12430020758069	105	409	71	334	217	780	55	101
ENSG00000197182.17	336119	chr22	46089151	46089251	8733531	0	+	INTRON	INTRON	lncRNA	MIRLET7BHG	0.00784181575634536	0.00016842387792838	3.76220207559002	1.9274916679915	105	409	128	570	217	780	102	203
ENSG00000197182.17	336130	chr22	46112343	46112442	8733767	0	+	EXON_LNCRNA	EXON_LNCRNA:SS3_PROX:INTRON	lncRNA	MIRLET7BHG	0.00856719901996192	0.000191363551992277	3.7301529703001	2.23370087720448	58	134	33	92	70	236	17	24
ENSG00000197182.17	336119	chr22	46092939	46093039	8733569	0	+	INTRON	INTRON	lncRNA	MIRLET7BHG	0.00860724611269953	0.000214441698684095	3.70136623269938	1.81014749775595	105	409	60	170	217	780	42	83
ENSG00000197182.17	336130	chr22	46112541	46112640	8733769	0	+	EXON_LNCRNA	EXON_LNCRNA:SS3_ADJ:SS3_PROX:INTRON	lncRNA	MIRLET7BHG	0.00860724611269953	0.000212357474261619	3.70384328839973	2.10743880034574	58	134	54	188	70	236	33	46
ENSG00000291035.2	339507	chr22	42570997	42571096	8808003	0	-	INTRON	INTRON	lncRNA	RRP7BP	0.00860724611269953	0.000204654749202666	3.71320034477881	2.1701373584249	293	307	31	32	207	209	8	4
ENSG00000197182.17	336119	chr22	46093736	46093836	8733577	0	+	INTRON	INTRON	lncRNA	MIRLET7BHG	0.00885857902818288	0.000235924355561571	3.67707428190841	2.14352042936718	105	409	55	112	217	780	29	45
ENSG00000241878.13	338332	chr22	31629162	31629261	8780337	0	-	INTRON	INTRON	protein_coding	PISD	0.00885857902818288	0.000231155648642191	3.6822818471134	2.6146391266254	449	427	42	23	318	251	4	3
ENSG00000197182.17	336130	chr22	46112640	46112739	8733770	0	+	EXON_LNCRNA	EXON_LNCRNA:SS3_ADJ:SS3_PROX:INTRON	lncRNA	MIRLET7BHG	0.00982524833104453	0.000270109919753802	3.64239809526373	2.38890774628151	58	134	42	114	70	236	22	23
ENSG00000197182.17	336123	chr22	46102691	46102791	8733668	0	+	SS3_PROX	SS3_PROX:INTRON	lncRNA	MIRLET7BHG	0.0101897621400172	0.000288885009124199	3.62506837540168	2.14520571083926	31	129	84	317	79	249	69	92
ENSG00000197182.17	336125	chr22	46103253	46103353	8733674	0	+	SS5_ADJ	SS5_ADJ:SS5_PROX:INTRON	lncRNA	MIRLET7BHG	0.0108826588543009	0.000317878351414288	3.6002770034369	2.56139718183968	7	55	97	360	32	118	64	101
ENSG00000197182.17	336119	chr22	46092839	46092939	8733568	0	+	INTRON	INTRON	lncRNA	MIRLET7BHG	0.0115184313697982	0.000351388526386557	3.57413431650797	2.0007241567502	105	409	46	133	217	780	33	50
ENSG00000197182.17	336130	chr22	46112442	46112541	8733768	0	+	EXON_LNCRNA	EXON_LNCRNA:SS3_PROX:INTRON	lncRNA	MIRLET7BHG	0.0115184313697982	0.000356240145457675	3.57054433744806	2.23030484889204	58	134	80	187	70	236	42	40
ENSG00000197182.17	336119	chr22	46090647	46090746	8733546	0	+	INTRON	INTRON	lncRNA	MIRLET7BHG	0.0138877073766773	0.000441447743073077	3.51397898052779	1.93371115123242	105	409	38	212	217	780	37	75
ENSG00000197182.17	336113	chr22	46084118	46084217	8733478	0	+	INTRON	INTRON	lncRNA	MIRLET7BHG	0.0141585681097788	0.000482326529190085	3.49038423499508	2.0115602554135	31	143	44	161	65	175	24	48
ENSG00000197182.17	336111	chr22	46073577	46073677	8733372	0	+	INTRON	INTRON	lncRNA	MIRLET7BHG	0.0141585681097788	0.000462263919071017	3.50172070898245	2.1599853590311	118	500	46	163	212	751	29	39
ENSG00000197182.17	336119	chr22	46088155	46088254	8733521	0	+	INTRON	INTRON	lncRNA	MIRLET7BHG	0.0141585681097788	0.00048932145834794	3.4865349407956	1.85756021821093	105	409	63	309	217	780	58	114
ENSG00000197182.17	336130	chr22	46111650	46111749	8733760	0	+	EXON_LNCRNA	EXON_LNCRNA:INTRON	lncRNA	MIRLET7BHG	0.0141585681097788	0.000498712450602175	3.48144700822156	2.11042858640416	58	134	23	76	70	236	13	22
ENSG00000197182.17	336119	chr22	46086160	46086260	8733501	0	+	SS5_ADJ	SS5_ADJ:SS5_PROX:INTRON	lncRNA	MIRLET7BHG	0.014516336998802	0.000536256435522756	3.46196020748931	2.1510728233613	105	409	84	290	217	780	62	78
ENSG00000197182.17	336119	chr22	46086260	46086360	8733502	0	+	SS5_PROX	SS5_PROX:INTRON	lncRNA	MIRLET7BHG	0.014516336998802	0.000527114666554002	3.46658519117956	2.0028421144844	105	409	49	260	217	780	46	81
ENSG00000197182.17	336111	chr22	46074275	46074375	8733379	0	+	INTRON	INTRON	lncRNA	MIRLET7BHG	0.0159099040031079	0.000601405305959405	3.43097983452995	2.05867036972239	118	500	52	248	212	751	38	60
ENSG00000197182.17	336119	chr22	46089251	46089351	8733532	0	+	INTRON	INTRON	lncRNA	MIRLET7BHG	0.0159130903181722	0.000651829653238191	3.40907747392456	1.8077770619059	105	409	59	219	217	780	51	88
ENSG00000197182.17	336111	chr22	46078962	46079062	8733426	0	+	INTRON	INTRON	lncRNA	MIRLET7BHG	0.0159130903181722	0.000659568717394802	3.40585635867761	1.91001318129241	118	500	57	197	212	751	38	61
ENSG00000197182.17	336123	chr22	46102101	46102200	8733662	0	+	INTRON	INTRON	lncRNA	MIRLET7BHG	0.0159130903181722	0.000668186049597117	3.40231078999315	1.82350509866592	31	129	68	222	79	249	60	96
ENSG00000197182.17	336119	chr22	46086759	46086859	8733507	0	+	INTRON	INTRON	lncRNA	MIRLET7BHG	0.0159130903181722	0.000616261024963387	3.42435481729001	1.87466655501842	105	409	86	212	217	780	58	92
ENSG00000197182.17	336113	chr22	46083624	46083723	8733473	0	+	INTRON	INTRON	lncRNA	MIRLET7BHG	0.0159130903181722	0.000732974169765669	3.37693857350825	1.69424272893523	31	143	54	195	65	175	29	81
ENSG00000197182.17	336119	chr22	46086660	46086759	8733506	0	+	INTRON	INTRON	lncRNA	MIRLET7BHG	0.0159130903181722	0.000704173900752767	3.38794886943742	2.01125631945226	105	409	36	117	217	780	29	40
ENSG00000197182.17	336119	chr22	46097125	46097225	8733611	0	+	INTRON	INTRON	lncRNA	MIRLET7BHG	0.0159130903181722	0.000701783016714773	3.38888161559111	1.80668880677981	105	409	23	62	217	780	17	32
ENSG00000197182.17	336111	chr22	46075073	46075173	8733387	0	+	INTRON	INTRON	lncRNA	MIRLET7BHG	0.0159130903181722	0.000738236148781184	3.37497045888977	1.95235049312914	118	500	75	342	212	751	55	91
ENSG00000197182.17	336130	chr22	46112838	46112937	8733772	0	+	EXON_LNCRNA	EXON_LNCRNA	lncRNA	MIRLET7BHG	0.0159130903181722	0.000708790530010387	3.38615609967236	2.20671185286312	58	134	73	169	70	236	40	35
ENSG00000197182.17	336130	chr22	46113135	46113234	8733775	0	+	EXON_LNCRNA	EXON_LNCRNA	lncRNA	MIRLET7BHG	0.0159130903181722	0.000734509976920918	3.37636278973378	2.42773677968877	58	134	31	124	70	236	20	20
ENSG00000197182.17	336111	chr22	46075671	46075771	8733393	0	+	INTRON	INTRON	lncRNA	MIRLET7BHG	0.0163603280374896	0.00077303955503602	3.36227192952155	2.21855511799589	118	500	41	131	212	751	26	29
ENSG00000197182.17	336119	chr22	46089052	46089151	8733530	0	+	INTRON	INTRON	lncRNA	MIRLET7BHG	0.0172562311543546	0.000830196687838364	3.34252569470242	1.98856093067745	105	409	67	240	217	780	55	76
ENSG00000197182.17	336111	chr22	46075871	46075971	8733395	0	+	INTRON	INTRON	lncRNA	MIRLET7BHG	0.0199559808608813	0.000984990321390346	3.29477922581686	1.71814025323417	118	500	94	424	212	751	73	145
ENSG00000197182.17	336127	chr22	46107767	46107867	8733720	0	+	INTRON	INTRON	lncRNA	MIRLET7BHG	0.0199559808608813	0.000994370180353192	3.29211478429473	2.56985727232768	19	105	31	59	52	210	13	22
ENSG00000197182.17	336127	chr22	46107667	46107767	8733719	0	+	INTRON	INTRON	lncRNA	MIRLET7BHG	0.0215469617078239	0.00109215699378145	3.26564337790761	1.97863659349848	19	105	109	250	52	210	69	117
ENSG00000197182.17	336119	chr22	46091743	46091843	8733557	0	+	INTRON	INTRON	lncRNA	MIRLET7BHG	0.0217472285489889	0.00115021385982784	3.25094678158296	1.9771363418238	105	409	75	288	217	780	64	87
ENSG00000197182.17	336119	chr22	46097325	46097425	8733613	0	+	INTRON	INTRON	lncRNA	MIRLET7BHG	0.0217472285489889	0.00115835753439632	3.24894038050427	2.1414865261044	105	409	62	73	217	780	20	47
ENSG00000197182.17	336123	chr22	46100727	46100825	8733648	0	+	INTRON	INTRON	lncRNA	MIRLET7BHG	0.0217472285489889	0.00114924403415624	3.25118659703921	1.82642448963339	31	129	117	273	79	249	91	119
ENSG00000197182.17	336119	chr22	46088055	46088155	8733520	0	+	INTRON	INTRON	lncRNA	MIRLET7BHG	0.0222651407103943	0.00121799096535162	3.23463319212218	1.78764926115189	105	409	70	294	217	780	66	111
ENSG00000197182.17	336130	chr22	46112244	46112343	8733766	0	+	EXON_LNCRNA	EXON_LNCRNA:SS3_PROX:INTRON	lncRNA	MIRLET7BHG	0.0222651407103943	0.00122420017651652	3.23318089505523	2.29536760415358	58	134	42	118	70	236	26	22
ENSG00000197182.17	336123	chr22	46102891	46102991	8733670	0	+	SS3_PROX	SS3_PROX:INTRON	lncRNA	MIRLET7BHG	0.0244187966417822	0.00140417593043668	3.19379129424866	1.99102572065877	31	129	76	458	79	249	84	135
ENSG00000197182.17	336119	chr22	46087158	46087258	8733511	0	+	INTRON	INTRON	lncRNA	MIRLET7BHG	0.0244187966417822	0.00139137894447836	3.19643350159498	2.01431010024412	105	409	107	493	217	780	95	132
ENSG00000197182.17	336119	chr22	46093238	46093338	8733572	0	+	INTRON	INTRON	lncRNA	MIRLET7BHG	0.0244187966417822	0.00140554929123661	3.19350905561931	1.78789290404726	105	409	33	86	217	780	26	41
ENSG00000197182.17	336123	chr22	46102494	46102592	8733666	0	+	INTRON	INTRON	lncRNA	MIRLET7BHG	0.0248609325255402	0.00146214690199839	3.18209333589884	1.84709898250105	31	129	97	404	79	249	98	142
ENSG00000197182.17	336113	chr22	46082834	46082933	8733465	0	+	INTRON	INTRON	lncRNA	MIRLET7BHG	0.0248609325255402	0.00147371507239027	3.17981027126847	1.9601464801827	31	143	28	76	65	175	11	29
ENSG00000197182.17	336119	chr22	46088354	46088454	8733523	0	+	INTRON	INTRON	lncRNA	MIRLET7BHG	0.0266876485857059	0.00160492732044623	3.15500976784709	2.1605040338937	105	409	62	192	217	780	48	48
ENSG00000197182.17	336119	chr22	46089849	46089949	8733538	0	+	INTRON	INTRON	lncRNA	MIRLET7BHG	0.0285527617237538	0.00176615020971673	3.12697487365164	1.85769693756608	105	409	41	92	217	780	29	41
ENSG00000100345.24	338610	chr22	36372625	36372725	8793151	0	-	INTRON	INTRON	protein_coding	MYH9	0.0285527617237538	0.00176165969434966	3.12772325652623	2.15148979656324	295	301	26	22	187	166	4	3
ENSG00000197182.17	336123	chr22	46099843	46099941	8733639	0	+	INTRON	INTRON	lncRNA	MIRLET7BHG	0.0287023695504601	0.00182472108825949	3.11737047510699	1.75629381726965	31	129	62	237	79	249	64	98
ENSG00000197182.17	336113	chr22	46081846	46081945	8733455	0	+	INTRON	INTRON	lncRNA	MIRLET7BHG	0.0287023695504601	0.00181589644801197	3.11879923913821	1.62726268261468	31	143	62	174	65	175	35	75
ENSG00000056487.18	339822	chr22	44965866	44965966	8817320	0	-	INTRON	INTRON	protein_coding	PHF21B	0.0290473372409524	0.0018716067809892	3.10988424010451	1.46007696764956	272	257	26	28	613	701	20	27
ENSG00000197182.17	336123	chr22	46102991	46103091	8733671	0	+	SS3_PROX	SS3_PROX:INTRON	lncRNA	MIRLET7BHG	0.0293357814010643	0.00192000105407009	3.10233568197405	2.0418472149471	31	129	70	292	79	249	69	79
ENSG00000197182.17	336119	chr22	46088852	46088952	8733528	0	+	INTRON	INTRON	lncRNA	MIRLET7BHG	0.0293357814010643	0.0019657997846074	3.09535120366757	1.83672245764001	105	409	57	213	217	780	53	75
ENSG00000197182.17	336119	chr22	46092441	46092540	8733564	0	+	INTRON	INTRON	lncRNA	MIRLET7BHG	0.0293357814010643	0.00194337296672794	3.0987524926655	1.97687359024771	105	409	30	46	217	780	15	25
ENSG00000197182.17	336123	chr22	46102298	46102396	8733664	0	+	INTRON	INTRON	lncRNA	MIRLET7BHG	0.0325950327943171	0.00221220583397856	3.06015755336098	1.79669465271765	31	129	171	507	79	249	151	200
ENSG00000197182.17	336130	chr22	46113432	46113531	8733778	0	+	EXON_LNCRNA	EXON_LNCRNA	lncRNA	MIRLET7BHG	0.0326911225666211	0.00229919108566534	3.048588593423	2.0266857990915	58	134	42	144	70	236	31	32
ENSG00000197182.17	336123	chr22	46099647	46099745	8733637	0	+	INTRON	INTRON	lncRNA	MIRLET7BHG	0.0326911225666211	0.00235219977095161	3.04173359085572	1.65577233311729	31	129	75	254	79	249	76	116
ENSG00000197182.17	336119	chr22	46094833	46094933	8733588	0	+	INTRON	INTRON	lncRNA	MIRLET7BHG	0.0326911225666211	0.00227992600080717	3.0511158326897	2.07566206632166	105	409	142	221	217	780	76	87
ENSG00000197182.17	336119	chr22	46089550	46089650	8733535	0	+	INTRON	INTRON	lncRNA	MIRLET7BHG	0.0326911225666211	0.0023591531749108	3.0408449061191	1.98191752507459	105	409	47	225	217	780	48	61
ENSG00000197182.17	336119	chr22	46086360	46086460	8733503	0	+	SS5_PROX	SS5_PROX:INTRON	lncRNA	MIRLET7BHG	0.0326911225666211	0.00231329690374976	3.046750429923	1.61748089458854	105	409	86	267	217	780	76	127
ENSG00000197182.17	336111	chr22	46076170	46076270	8733398	0	+	INTRON	INTRON	lncRNA	MIRLET7BHG	0.033184052791929	0.00248025136846892	3.02574041634438	1.89848120185863	118	500	57	162	212	751	38	48
ENSG00000197182.17	336119	chr22	46092241	46092341	8733562	0	+	INTRON	INTRON	lncRNA	MIRLET7BHG	0.033184052791929	0.00247962344944976	3.0258169794755	1.75912788124521	105	409	30	105	217	780	29	43
ENSG00000197182.17	336130	chr22	46113234	46113333	8733776	0	+	EXON_LNCRNA	EXON_LNCRNA	lncRNA	MIRLET7BHG	0.033184052791929	0.00247685084794026	3.02615525927548	2.32695637928146	58	134	31	110	70	236	22	17
ENSG00000197182.17	336119	chr22	46094933	46095032	8733589	0	+	INTRON	INTRON	lncRNA	MIRLET7BHG	0.033255499013261	0.00251416143742866	3.02163182098528	1.99647539893535	105	409	76	117	217	780	42	53
ENSG00000197182.17	336113	chr22	46080655	46080755	8733443	0	+	SS5_ADJ	SS5_ADJ:SS5_PROX:INTRON	lncRNA	MIRLET7BHG	0.0334861566879676	0.00256036765054048	3.01611425256414	1.60420526350799	31	143	41	170	65	175	26	74
ENSG00000197182.17	336119	chr22	46092042	46092142	8733560	0	+	INTRON	INTRON	lncRNA	MIRLET7BHG	0.0335012077116926	0.00259029956533706	3.01258842851096	1.71712216498787	105	409	36	136	217	780	37	56
ENSG00000197182.17	336123	chr22	46101807	46101905	8733659	0	+	INTRON	INTRON	lncRNA	MIRLET7BHG	0.0340188777857477	0.00265955144201292	3.00457161020031	1.79683018677082	31	129	59	139	79	249	48	65
ENSG00000197182.17	336123	chr22	46102791	46102891	8733669	0	+	SS3_PROX	SS3_PROX:INTRON	lncRNA	MIRLET7BHG	0.034367813680783	0.00271635640775948	2.99813688163245	1.88992146881951	31	129	67	233	79	249	66	78
ENSG00000197182.17	336119	chr22	46094036	46094135	8733580	0	+	INTRON	INTRON	lncRNA	MIRLET7BHG	0.0350269272825732	0.00279854315917467	2.98904128379905	1.90344790360282	105	409	34	85	217	780	28	33
ENSG00000197182.17	336119	chr22	46090048	46090148	8733540	0	+	INTRON	INTRON	lncRNA	MIRLET7BHG	0.0353835252075893	0.00285743244803556	2.98267285275664	1.70836253329172	105	409	89	358	217	780	87	136
ENSG00000197182.17	336113	chr22	46083723	46083822	8733474	0	+	INTRON	INTRON	lncRNA	MIRLET7BHG	0.0357071735971454	0.00291424526780826	2.9766415403248	1.56398367180463	31	143	121	289	65	175	75	116
ENSG00000197182.17	336130	chr22	46113828	46113928	8733782	0	+	EXON_LNCRNA	EXON_LNCRNA	lncRNA	MIRLET7BHG	0.0360567814284313	0.00300146431805445	2.96758791674654	2.26850251253852	58	134	65	79	70	236	28	20
ENSG00000197182.17	336119	chr22	46087258	46087357	8733512	0	+	INTRON	INTRON	lncRNA	MIRLET7BHG	0.0360567814284313	0.00300473178570261	2.96725342931434	1.74879493723795	105	409	50	275	217	780	57	98
ENSG00000099910.18	337203	chr22	20495062	20495160	8756103	0	-	INTRON	INTRON	protein_coding	KLHL22	0.0360870659789919	0.0030382581322519	2.96384040720933	1.58539370262435	130	162	47	68	135	140	24	16
ENSG00000197182.17	336119	chr22	46096926	46097026	8733609	0	+	INTRON	INTRON	lncRNA	MIRLET7BHG	0.0363606603340358	0.00309253038923501	2.95838756140143	1.95896326900882	105	409	60	116	217	780	40	45
ENSG00000197182.17	336123	chr22	46099941	46100039	8733640	0	+	INTRON	INTRON	lncRNA	MIRLET7BHG	0.0370869539253549	0.00318616442657688	2.94918184355904	1.88680508498523	31	129	99	233	79	249	82	85
ENSG00000197182.17	336113	chr22	46083920	46084019	8733476	0	+	INTRON	INTRON	lncRNA	MIRLET7BHG	0.0413323696456381	0.0035863997716576	2.91242006678232	1.59867057587408	31	143	62	196	65	175	42	75
ENSG00000196576.17	340242	chr22	50301467	50301567	8823894	0	-	INTRON	INTRON	protein_coding	PLXNB2	0.0433579241301885	0.00379940572274848	2.89435315757079	1.63479328175598	89	162	41	51	99	197	10	25
ENSG00000197182.17	336119	chr22	46093537	46093637	8733575	0	+	INTRON	INTRON	lncRNA	MIRLET7BHG	0.0453271981786831	0.00401091186632677	2.87730227183986	1.60291222818408	105	409	39	188	217	780	46	81
ENSG00000241878.13	338332	chr22	31630856	31630956	8780354	0	-	INTRON	INTRON	protein_coding	PISD	0.046654900196563	0.00420856058474151	2.86209099557978	1.15165951131216	449	427	112	108	318	251	37	29
ENSG00000197182.17	336123	chr22	46100236	46100334	8733643	0	+	INTRON	INTRON	lncRNA	MIRLET7BHG	0.046654900196563	0.00419472375370555	2.86313456363409	1.69844346405582	31	129	76	220	79	249	75	94
ENSG00000197182.17	336113	chr22	46081550	46081648	8733452	0	+	INTRON	INTRON	lncRNA	MIRLET7BHG	0.0491735158437306	0.00447800058370742	2.84236632237514	1.94758682872061	31	143	78	152	65	175	40	43
ENSG00000197182.17	336119	chr22	46094135	46094235	8733581	0	+	INTRON	INTRON	lncRNA	MIRLET7BHG	0.0559537464456367	0.00514351449285492	2.79790558725048	1.7018413286085	105	409	88	198	217	780	69	90
ENSG00000197182.17	336127	chr22	46107867	46107967	8733721	0	+	INTRON	INTRON	lncRNA	MIRLET7BHG	0.0563210028439468	0.00526714943701905	2.79022456692453	1.62836391013859	19	105	89	312	52	210	89	152
ENSG00000197182.17	336111	chr22	46075771	46075871	8733394	0	+	INTRON	INTRON	lncRNA	MIRLET7BHG	0.0563210028439468	0.00527404579896065	2.78980093249391	1.89396197440059	118	500	76	198	212	751	51	54
ENSG00000197182.17	336123	chr22	46099058	46099156	8733631	0	+	INTRON	INTRON	lncRNA	MIRLET7BHG	0.0575481445870591	0.00561427890678814	2.76949776729463	1.86456995030409	31	129	221	347	79	249	154	148
ENSG00000197182.17	336125	chr22	46104426	46104523	8733686	0	+	INTRON	INTRON	lncRNA	MIRLET7BHG	0.0575481445870591	0.00563615849048517	2.7682304607476	2.2225975314839	7	55	60	219	32	118	53	73
ENSG00000197182.17	336127	chr22	46107967	46108067	8733722	0	+	INTRON	INTRON	lncRNA	MIRLET7BHG	0.0575481445870591	0.0056243854688353	2.76891182355514	1.77727495795882	19	105	57	172	52	210	49	81
ENSG00000197182.17	336130	chr22	46113630	46113729	8733780	0	+	EXON_LNCRNA	EXON_LNCRNA	lncRNA	MIRLET7BHG	0.0575481445870591	0.00551020665197898	2.77558752023196	2.46538540162657	58	134	138	123	70	236	53	22
ENSG00000197182.17	336130	chr22	46110858	46110957	8733752	0	+	EXON_LNCRNA	EXON_LNCRNA:INTRON	lncRNA	MIRLET7BHG	0.0575481445870591	0.00545626648684911	2.77878476692684	1.69394566711189	58	134	60	131	70	236	42	45
ENSG00000197182.17	336123	chr22	46101709	46101807	8733658	0	+	INTRON	INTRON	lncRNA	MIRLET7BHG	0.0576764041289625	0.00569827016738032	2.76465686675216	1.83571897228285	31	129	59	124	79	249	48	52
ENSG00000197182.17	336119	chr22	46096527	46096627	8733605	0	+	INTRON	INTRON	lncRNA	MIRLET7BHG	0.0584869700515668	0.00582859839001868	2.75727122135348	1.73730457350824	105	409	105	223	217	780	80	97
ENSG00000197182.17	336119	chr22	46093039	46093138	8733570	0	+	INTRON	INTRON	lncRNA	MIRLET7BHG	0.058618741819537	0.00589209002825243	2.75372696464569	1.47801894224997	105	409	68	249	217	780	73	123
ENSG00000197182.17	336127	chr22	46106669	46106768	8733709	0	+	INTRON	INTRON	lncRNA	MIRLET7BHG	0.060126501939601	0.0061469533769867	2.73983768148874	1.92874773327538	19	105	110	182	52	210	67	94
ENSG00000197182.17	336119	chr22	46087557	46087656	8733515	0	+	INTRON	INTRON	lncRNA	MIRLET7BHG	0.060126501939601	0.00610459336972249	2.7421097891225	1.76631448557076	105	409	33	200	217	780	42	65
ENSG00000197182.17	336123	chr22	46100432	46100530	8733645	0	+	INTRON	INTRON	lncRNA	MIRLET7BHG	0.061011296649259	0.00628982439683083	2.73227695177094	1.75034890289031	31	129	107	311	79	249	107	111
ENSG00000197182.17	336119	chr22	46091643	46091743	8733556	0	+	INTRON	INTRON	lncRNA	MIRLET7BHG	0.062948954806913	0.00654366282786638	2.71921717700955	1.98894337473462	105	409	46	157	217	780	44	39
ENSG00000197182.17	336119	chr22	46090248	46090348	8733542	0	+	INTRON	INTRON	lncRNA	MIRLET7BHG	0.0643162632959147	0.00678100231159074	2.70741211000843	1.79586749551122	105	409	68	294	217	780	73	88
ENSG00000197182.17	336119	chr22	46087058	46087158	8733510	0	+	INTRON	INTRON	lncRNA	MIRLET7BHG	0.0643162632959147	0.00679630617302192	2.70666372054163	1.89508713538646	105	409	65	346	217	780	73	87
ENSG00000197182.17	336125	chr22	46103849	46103945	8733680	0	+	INTRON	INTRON	lncRNA	MIRLET7BHG	0.0651260764328918	0.00693782944817748	2.69981379470925	2.2540651479348	7	55	80	173	32	118	55	66
ENSG00000197182.17	336111	chr22	46074175	46074275	8733378	0	+	INTRON	INTRON	lncRNA	MIRLET7BHG	0.0704362149369645	0.00759526884102835	2.6695512172319	1.9255692677522	118	500	86	291	212	751	66	62
ENSG00000197182.17	336130	chr22	46111749	46111848	8733761	0	+	EXON_LNCRNA	EXON_LNCRNA:INTRON	lncRNA	MIRLET7BHG	0.0704362149369645	0.00762453873028997	2.66825930610846	1.98596776497484	58	134	33	51	70	236	19	15
ENSG00000197182.17	336123	chr22	46102003	46102101	8733661	0	+	INTRON	INTRON	lncRNA	MIRLET7BHG	0.0714563193392854	0.00779635099320381	2.66076430882656	1.65303108025377	31	129	62	234	79	249	73	92
ENSG00000197182.17	336127	chr22	46107068	46107168	8733713	0	+	INTRON	INTRON	lncRNA	MIRLET7BHG	0.0730742152457293	0.00803565253561285	2.65056810177964	1.53416310757019	19	105	80	343	52	210	93	169
ENSG00000093010.16	332597	chr22	19953636	19953735	8665047	0	+	INTRON	INTRON	protein_coding	COMT	0.0730837152876752	0.00809948391074751	2.64789432463361	1.81653195706186	173	155	26	13	215	131	6	5
ENSG00000241878.13	338332	chr22	31625474	31625574	8780300	0	-	INTRON	INTRON	protein_coding	PISD	0.0738630797106648	0.00824931302610518	2.64169161149638	1.48334624111811	449	427	31	50	318	251	13	9
ENSG00000197182.17	336123	chr22	46102592	46102691	8733667	0	+	INTRON	INTRON	lncRNA	MIRLET7BHG	0.0740607828714456	0.0083350193781438	2.63818867385519	1.81610802897375	31	129	54	172	79	249	57	57
ENSG00000197182.17	336125	chr22	46103353	46103453	8733675	0	+	SS5_PROX	SS5_PROX:INTRON	lncRNA	MIRLET7BHG	0.0746440150915524	0.00871951299153371	2.62285986088918	2.0534799431866	7	55	96	288	32	118	87	106
ENSG00000197182.17	336119	chr22	46091145	46091245	8733551	0	+	INTRON	INTRON	lncRNA	MIRLET7BHG	0.0746440150915524	0.00869917489643721	2.62365540574735	1.40875296693256	105	409	57	152	217	780	55	90
ENSG00000197182.17	336123	chr22	46100629	46100727	8733647	0	+	INTRON	INTRON	lncRNA	MIRLET7BHG	0.0746440150915524	0.00853969901952121	2.62995173938094	1.56865095907927	31	129	57	147	79	249	57	76
ENSG00000241878.13	338332	chr22	31625175	31625275	8780297	0	-	INTRON	INTRON	protein_coding	PISD	0.0746440150915524	0.00872129385949409	2.62279027944749	1.36276264297641	449	427	41	59	318	251	17	12
ENSG00000197182.17	336111	chr22	46073677	46073777	8733373	0	+	INTRON	INTRON	lncRNA	MIRLET7BHG	0.0746440150915524	0.00850266440365393	2.6314289482636	1.59932524421433	118	500	91	239	212	751	67	90
ENSG00000197182.17	336111	chr22	46074973	46075073	8733386	0	+	INTRON	INTRON	lncRNA	MIRLET7BHG	0.0796404014156815	0.00945595638366969	2.59511394836801	1.62919653156381	118	500	118	342	212	751	91	114
ENSG00000196576.17	340242	chr22	50307352	50307452	8823953	0	-	SS5_PROX	SS5_PROX:INTRON	protein_coding	PLXNB2	0.0796404014156815	0.0094252560001712	2.59623142067283	1.24051735483173	89	162	107	112	99	197	42	69
ENSG00000197182.17	336119	chr22	46090946	46091045	8733549	0	+	INTRON	INTRON	lncRNA	MIRLET7BHG	0.0796404014156815	0.00958959999900583	2.59028680522926	1.65719925192054	105	409	54	117	217	780	46	54
ENSG00000197182.17	336127	chr22	46108766	46108866	8733730	0	+	SS3_PROX	SS3_PROX:INTRON	lncRNA	MIRLET7BHG	0.0796404014156815	0.00961587089264679	2.58934497415329	2.05845168152217	19	105	62	138	52	210	46	47
ENSG00000056487.18	339822	chr22	44993251	44993351	8817594	0	-	INTRON	INTRON	protein_coding	PHF21B	0.0796404014156815	0.0096471620271573	2.58822615261006	1.27501002999372	272	257	21	19	613	701	19	22
ENSG00000196576.17	340242	chr22	50293091	50293191	8823810	0	-	INTRON	INTRON	protein_coding	PLXNB2	0.0844728473103311	0.0103051068024631	2.56541971019956	1.7145162534295	89	162	28	27	99	197	10	11
ENSG00000100266.20	339621	chr22	42923353	42923453	8810235	0	-	INTRON	INTRON	protein_coding	PACSIN2	0.0846132600460504	0.0106130034078379	2.55518939309185	3.13357978450929	1501	2370	49	25	423	432	2	1
ENSG00000196576.17	340242	chr22	50290997	50291097	8823789	0	-	SS3_PROX	SS3_PROX:INTRON	protein_coding	PLXNB2	0.0846132600460504	0.010596716835349	2.55572388232958	1.36938879023318	89	162	34	48	99	197	11	26
ENSG00000290920.2	337412	chr22	23385873	23385972	8760174	0	-	INTRON	INTRON	lncRNA	ENSG00000290920	0.0846132600460504	0.0104704253612654	2.55989347017441	1.10103593089989	161	194	54	45	209	262	26	33
ENSG00000290920.2	337412	chr22	23385773	23385873	8760173	0	-	INTRON	INTRON	lncRNA	ENSG00000290920	0.0846132600460504	0.010489140672439	2.55927275886617	1.1571271378233	161	194	30	35	209	262	15	23
ENSG00000197182.17	336130	chr22	46110066	46110165	8733744	0	+	EXON_LNCRNA	EXON_LNCRNA:SS5_PROX:INTRON	lncRNA	MIRLET7BHG	0.0867559955777454	0.0109562984105916	2.54408957490133	2.0777468012	58	134	75	134	70	236	48	24
ENSG00000197182.17	336127	chr22	46107368	46107467	8733716	0	+	INTRON	INTRON	lncRNA	MIRLET7BHG	0.0879318230561476	0.0111803348903005	2.53701128860574	1.58680175430135	19	105	112	325	52	210	111	158
ENSG00000197182.17	336119	chr22	46096428	46096527	8733604	0	+	INTRON	INTRON	lncRNA	MIRLET7BHG	0.0882808140357567	0.011599886173069	2.52408807646398	1.82154561696988	105	409	50	97	217	780	40	36
ENSG00000197182.17	336117	chr22	46085828	46085912	8733497	0	+	SS3_ADJ	SS3_ADJ:SSB_PROX:SS3_PROX:SS5_PROX:INTRON	lncRNA	MIRLET7BHG	0.0882808140357567	0.0114855033795763	2.52756966882652	2.42329718221635	3	4	96	290	2	13	82	121
ENSG00000197182.17	336112	chr22	46080457	46080556	8733441	0	+	EXON_LNCRNA	EXON_LNCRNA:INTRON	lncRNA	MIRLET7BHG	0.0882808140357567	0.011603921432535	2.52396580814624	1.61951158938696	5	25	152	438	14	37	116	177
ENSG00000197182.17	336130	chr22	46113729	46113828	8733781	0	+	EXON_LNCRNA	EXON_LNCRNA	lncRNA	MIRLET7BHG	0.0882808140357567	0.0114269766046528	2.52936302842169	1.85315361419614	58	134	47	93	70	236	33	24
ENSG00000197182.17	336123	chr22	46100825	46100923	8733649	0	+	INTRON	INTRON	lncRNA	MIRLET7BHG	0.0882808140357567	0.0113485206352805	2.53177988624535	1.65496775327509	31	129	38	143	79	249	46	58
ENSG00000197182.17	336125	chr22	46104041	46104138	8733682	0	+	INTRON	INTRON	lncRNA	MIRLET7BHG	0.0905331610164972	0.0119777549798459	2.51279902090554	1.88476645799706	7	55	75	255	32	118	76	112
ENSG00000197182.17	336119	chr22	46096328	46096428	8733603	0	+	INTRON	INTRON	lncRNA	MIRLET7BHG	0.0918655140565152	0.0122329507549483	2.5053522160375	1.62403234745852	105	409	42	88	217	780	37	43
ENSG00000197182.17	336117	chr22	46085728	46085812	8733495	0	+	SS5_ADJ	SS5_ADJ:SSB_PROX:SS3_PROX:SS5_PROX:INTRON	lncRNA	MIRLET7BHG	0.0930124443321618	0.0125454929210906	2.49641726887717	2.41651196062952	3	4	86	207	2	13	66	96
ENSG00000197182.17	336119	chr22	46094634	46094733	8733586	0	+	INTRON	INTRON	lncRNA	MIRLET7BHG	0.0930124443321618	0.0125059082933272	2.4975379372064	1.80990441031052	105	409	134	198	217	780	89	87
ENSG00000197182.17	336123	chr22	46102396	46102494	8733665	0	+	INTRON	INTRON	lncRNA	MIRLET7BHG	0.0937915156363559	0.0127974524137522	2.48935662506702	1.61721160747019	31	129	80	339	79	249	104	121
ENSG00000197182.17	336125	chr22	46104619	46104715	8733688	0	+	INTRON	INTRON	lncRNA	MIRLET7BHG	0.0937915156363559	0.0130588780147631	2.48215957451845	1.91853481308072	7	55	121	356	32	118	122	137
ENSG00000197182.17	336119	chr22	46092740	46092839	8733567	0	+	INTRON	INTRON	lncRNA	MIRLET7BHG	0.0937915156363559	0.012844105208825	2.48806279538822	1.60827491679908	105	409	47	129	217	780	48	54
ENSG00000100239.17	336427	chr22	50397822	50397921	8744922	0	+	INTRON	INTRON	protein_coding	PPP6R2	0.0937915156363559	0.0131340352652285	2.48011408374304	1.03761325485531	317	357	55	55	212	236	15	20
ENSG00000099910.18	337203	chr22	20492993	20493092	8756082	0	-	INTRON	INTRON	protein_coding	KLHL22	0.0937915156363559	0.0129556914927385	2.48498494126723	1.39712983831856	130	162	31	30	135	140	10	12
ENSG00000198089.17	334365	chr22	31592761	31592861	8703552	0	+	INTRON	INTRON	protein_coding	SFI1	0.0937915156363559	0.0130598539407386	2.48213294692989	1.80127132963649	40	40	44	44	59	42	11	19
ENSG00000056487.18	339822	chr22	44966166	44966266	8817323	0	-	INTRON	INTRON	protein_coding	PHF21B	0.0938214110591769	0.0132188242385782	2.47781884283142	1.35314062939943	272	257	38	21	613	701	35	22
ENSG00000197182.17	336130	chr22	46109967	46110066	8733743	0	+	EXON_LNCRNA	EXON_LNCRNA:SS5_ADJ:SS5_PROX:INTRON	lncRNA	MIRLET7BHG	0.0945379529354946	0.0134009984831242	2.47293107763874	1.76609463126214	58	134	81	100	70	236	46	36
ENSG00000196576.17	340242	chr22	50299971	50300071	8823879	0	-	INTRON	INTRON	protein_coding	PLXNB2	0.095669813253794	0.0136436331616235	2.46651154111992	1.02841832424108	89	162	210	276	99	197	131	149
ENSG00000197182.17	336125	chr22	46104811	46104908	8733690	0	+	INTRON	INTRON	lncRNA	MIRLET7BHG	0.0961267142718683	0.0140391249366131	2.45626075090146	2.01374086605048	7	55	46	201	32	118	51	74
ENSG00000290920.2	337412	chr22	23386569	23386669	8760181	0	-	INTRON	INTRON	lncRNA	ENSG00000290920	0.0961267142718683	0.0139630604715274	2.45821229742567	1.14054581601179	161	194	68	53	209	262	44	31
ENSG00000197182.17	336119	chr22	46092142	46092241	8733561	0	+	INTRON	INTRON	lncRNA	MIRLET7BHG	0.0961267142718683	0.013852619243166	2.46106260259764	1.68425910081139	105	409	75	327	217	780	87	100
ENSG00000100239.17	336427	chr22	50395132	50395232	8744895	0	+	INTRON	INTRON	protein_coding	PPP6R2	0.0961267142718683	0.0140199123641669	2.45675279529571	1.39100744463192	317	357	30	22	212	236	4	8
ENSG00000197182.17	336119	chr22	46089351	46089450	8733533	0	+	INTRON	INTRON	lncRNA	MIRLET7BHG	0.0978321792923934	0.0143722531434702	2.44782226913823	1.61714761704039	105	409	75	200	217	780	73	78
ENSG00000197182.17	336123	chr22	46099254	46099352	8733633	0	+	INTRON	INTRON	lncRNA	MIRLET7BHG	0.0980386359052775	0.0150269722348253	2.43172836302048	1.82686501377842	31	129	155	209	79	249	114	85
ENSG00000197182.17	336111	chr22	46074375	46074475	8733380	0	+	INTRON	INTRON	lncRNA	MIRLET7BHG	0.0980386359052775	0.0150763881675641	2.43053888564411	1.60875685244681	118	500	88	245	212	751	71	80
ENSG00000197182.17	336119	chr22	46088952	46089052	8733529	0	+	INTRON	INTRON	lncRNA	MIRLET7BHG	0.0980386359052775	0.0147005015564114	2.43967448452376	1.73377627486476	105	409	86	317	217	780	93	92
ENSG00000241878.13	338332	chr22	31626471	31626570	8780310	0	-	INTRON	INTRON	protein_coding	PISD	0.0980386359052775	0.0145201899240316	2.44413008571086	1.11183286467495	449	427	55	50	318	251	15	16
ENSG00000241878.13	338332	chr22	31631653	31631753	8780362	0	-	INTRON	INTRON	protein_coding	PISD	0.0980386359052775	0.0147486129741059	2.4384937685671	1.45894160120436	449	427	21	28	318	251	6	7
ENSG00000241878.13	338332	chr22	31630956	31631055	8780355	0	-	INTRON	INTRON	protein_coding	PISD	0.0980386359052775	0.0150198601186543	2.431899840354	1.1743359398189	449	427	62	63	318	251	13	20
ENSG00000291035.2	339507	chr22	42570897	42570997	8808002	0	-	INTRON	INTRON	lncRNA	RRP7BP	0.0980386359052775	0.0149831672045938	2.43278566630327	1.22678000149618	293	307	26	47	207	209	8	14
ENSG00000196576.17	340242	chr22	50291495	50291595	8823794	0	-	INTRON	INTRON	protein_coding	PLXNB2	0.0980386359052775	0.0150095368195698	2.43214886850789	1.39118759519175	89	162	28	45	99	197	17	18
ENSG00000197182.17	336113	chr22	46084612	46084711	8733483	0	+	INTRON	INTRON	lncRNA	MIRLET7BHG	0.0989662129312496	0.0159618794075526	2.4097860141756	1.67077862222004	31	143	60	196	65	175	49	52
ENSG00000197182.17	336119	chr22	46092540	46092640	8733565	0	+	INTRON	INTRON	lncRNA	MIRLET7BHG	0.0989662129312496	0.0158464819941558	2.41243225543057	1.62476354510894	105	409	123	242	217	780	102	108
ENSG00000197182.17	336125	chr22	46104523	46104619	8733687	0	+	INTRON	INTRON	lncRNA	MIRLET7BHG	0.0989662129312496	0.0167210329834058	2.39278506970139	1.9513602754571	7	55	57	239	32	118	66	87
ENSG00000197182.17	336125	chr22	46105108	46105208	8733693	0	+	SS3_PROX	SS3_PROX:INTRON	lncRNA	MIRLET7BHG	0.0989662129312496	0.0166704258046601	2.39389708062566	1.79280511543822	7	55	183	322	32	118	151	183
ENSG00000197182.17	336125	chr22	46104234	46104330	8733684	0	+	INTRON	INTRON	lncRNA	MIRLET7BHG	0.0989662129312496	0.0163748283226962	2.40045222012569	1.98566779936099	7	55	99	216	32	118	84	92
ENSG00000196576.17	340242	chr22	50303162	50303262	8823911	0	-	INTRON	INTRON	protein_coding	PLXNB2	0.0989662129312496	0.0164618445609661	2.39851183383101	1.45368066497648	89	162	62	51	99	197	22	28
ENSG00000197182.17	336119	chr22	46093637	46093736	8733576	0	+	INTRON	INTRON	lncRNA	MIRLET7BHG	0.0989662129312496	0.0167657724656436	2.39180445006314	1.48971034414699	105	409	26	83	217	780	31	39
ENSG00000197182.17	336125	chr22	46104908	46105008	8733691	0	+	SS3_PROX	SS3_PROX:INTRON	lncRNA	MIRLET7BHG	0.0989662129312496	0.0168396941781989	2.39018922372763	1.89681105747207	7	55	92	257	32	118	91	107
ENSG00000196576.17	340242	chr22	50299373	50299473	8823873	0	-	INTRON	INTRON	protein_coding	PLXNB2	0.0989662129312496	0.0159263119038952	2.41059983366798	1.60373494756355	89	162	55	40	99	197	17	21
ENSG00000197182.17	336111	chr22	46079760	46079860	8733434	0	+	INTRON	INTRON	lncRNA	MIRLET7BHG	0.0989662129312496	0.0156994816259427	2.4158278565632	1.36264368279722	118	500	55	239	212	751	58	99
ENSG00000197182.17	336119	chr22	46096228	46096328	8733602	0	+	INTRON	INTRON	lncRNA	MIRLET7BHG	0.0989662129312496	0.0159580978498077	2.40987246414505	1.69151946890323	105	409	81	151	217	780	66	64
ENSG00000197182.17	336130	chr22	46111254	46111353	8733756	0	+	EXON_LNCRNA	EXON_LNCRNA:INTRON	lncRNA	MIRLET7BHG	0.0989662129312496	0.0164362231475621	2.39908223125492	1.63258257861629	58	134	26	66	70	236	22	23
ENSG00000188677.15	335863	chr22	44026450	44026550	8726063	0	+	INTRON	INTRON	protein_coding	PARVB	0.0989662129312496	0.0169194814203769	2.38845280193907	1.45980993465944	215	287	26	23	207	180	10	6
ENSG00000100426.9	336279	chr22	49853989	49854089	8742639	0	+	SS5_ADJ	SS5_ADJ:SS5_PROX:INTRON	protein_coding	ZBED4	0.0989662129312496	0.0154401696855906	2.42188655797588	0.992236544230622	373	271	97	77	204	119	26	18
ENSG00000241878.13	338332	chr22	31627667	31627766	8780322	0	-	INTRON	INTRON	protein_coding	PISD	0.0989662129312496	0.0163944463633215	2.40001396538228	1.3825678725356	449	427	25	27	318	251	6	7
ENSG00000197182.17	336111	chr22	46072480	46072580	8733361	0	+	INTRON	INTRON	lncRNA	MIRLET7BHG	0.0989662129312496	0.0165225901258676	2.39716259387376	1.47802821826136	118	500	157	722	212	751	156	237
ENSG00000196576.17	340242	chr22	50299074	50299174	8823870	0	-	INTRON	INTRON	protein_coding	PLXNB2	0.0989662129312496	0.0160517670831505	2.40773637999787	1.20805451213601	89	162	44	61	99	197	22	32
ENSG00000241878.13	338332	chr22	31630756	31630856	8780353	0	-	INTRON	INTRON	protein_coding	PISD	0.0989662129312496	0.0154252680357696	2.42223744188535	0.984039712144449	449	427	94	92	318	251	31	30
ENSG00000056487.18	339822	chr22	44957070	44957170	8817232	0	-	INTRON	INTRON	protein_coding	PHF21B	0.0989662129312496	0.0164700983099514	2.39832825058617	1.44051549652014	272	257	26	12	613	701	15	16
ENSG00000291035.2	339507	chr22	42573085	42573184	8808024	0	-	INTRON	INTRON	lncRNA	RRP7BP	0.0989662129312496	0.0161060283623117	2.40650398375774	1.15684380410622	293	307	31	33	207	209	8	12
ENSG00000197182.17	336113	chr22	46084908	46085007	8733486	0	+	INTRON	INTRON	lncRNA	MIRLET7BHG	0.100033499661002	0.017187886539691	2.3826637350017	1.34180717371859	31	143	112	397	65	175	102	150
ENSG00000197182.17	336119	chr22	46092640	46092740	8733566	0	+	INTRON	INTRON	lncRNA	MIRLET7BHG	0.103160590594265	0.0179910651981407	2.36580196162702	1.55590645768711	105	409	33	86	217	780	35	38
ENSG00000197182.17	336111	chr22	46073477	46073577	8733371	0	+	INTRON	INTRON	lncRNA	MIRLET7BHG	0.103160590594265	0.0178983562001478	2.36771419680658	1.6883943679313	118	500	36	111	212	751	33	31
ENSG00000197182.17	336125	chr22	46103453	46103553	8733676	0	+	SS5_PROX	SS5_PROX:INTRON	lncRNA	MIRLET7BHG	0.103160590594265	0.0179113877388944	2.36744488219569	1.72211988119238	7	55	142	456	32	118	161	206
ENSG00000197182.17	336123	chr22	46101905	46102003	8733660	0	+	INTRON	INTRON	lncRNA	MIRLET7BHG	0.104273640898248	0.0182747618069094	2.36000351697172	1.49030208885701	31	129	78	174	79	249	80	89
ENSG00000197182.17	336111	chr22	46079660	46079760	8733433	0	+	INTRON	INTRON	lncRNA	MIRLET7BHG	0.104585318250419	0.0184424841895134	2.35661242407467	1.48764999512914	118	500	71	182	212	751	58	72
ENSG00000197182.17	336125	chr22	46104138	46104234	8733683	0	+	INTRON	INTRON	lncRNA	MIRLET7BHG	0.104585318250419	0.0185405512684857	2.35464214142527	1.78146760591097	7	55	92	359	32	118	113	146
ENSG00000197182.17	336123	chr22	46100923	46101021	8733650	0	+	INTRON	INTRON	lncRNA	MIRLET7BHG	0.104585318250419	0.018598935462059	2.35347346122703	1.68377174434268	31	129	162	234	79	249	131	107
ENSG00000197182.17	336119	chr22	46094434	46094534	8733584	0	+	INTRON	INTRON	lncRNA	MIRLET7BHG	0.106084896033036	0.0189567511811611	2.346380357991	1.92867203378661	105	409	59	85	217	780	42	28
ENSG00000197182.17	336127	chr22	46108966	46109066	8733732	0	+	SS3_PROX	SS3_PROX:INTRON	lncRNA	MIRLET7BHG	0.108608747000366	0.0195010550885537	2.33581174754736	2.02815379872298	19	105	26	48	52	210	19	20
ENSG00000197182.17	336111	chr22	46079561	46079660	8733432	0	+	INTRON	INTRON	lncRNA	MIRLET7BHG	0.11134769960581	0.020121695593846	2.32407087757113	1.42053886364101	118	500	71	235	212	751	67	91
ENSG00000241878.13	338332	chr22	31630358	31630457	8780349	0	-	INTRON	INTRON	protein_coding	PISD	0.11134769960581	0.0201841620419467	2.32290675743928	0.944452528591009	449	427	112	125	318	251	42	39
ENSG00000241878.13	338332	chr22	31631055	31631155	8780356	0	-	INTRON	INTRON	protein_coding	PISD	0.115371840199752	0.0210127406549377	2.3077554751046	1.05039226479175	449	427	54	61	318	251	19	18
ENSG00000197182.17	336123	chr22	46098558	46098658	8733626	0	+	SS5_ADJ	SS5_ADJ:SS5_PROX:INTRON	lncRNA	MIRLET7BHG	0.116322228865761	0.0212857686841985	2.3028769270307	1.43854860926176	31	129	54	190	79	249	71	89
ENSG00000197182.17	336127	chr22	46107168	46107268	8733714	0	+	INTRON	INTRON	lncRNA	MIRLET7BHG	0.116648738230057	0.0214457302244262	2.30004394996739	1.7912814826199	19	105	50	95	52	210	38	48
ENSG00000197182.17	336119	chr22	46094534	46094634	8733585	0	+	INTRON	INTRON	lncRNA	MIRLET7BHG	0.122926502035254	0.0227054965099481	2.27835397025371	1.59630193103636	105	409	94	121	217	780	64	76
ENSG00000197182.17	336119	chr22	46090846	46090946	8733548	0	+	INTRON	INTRON	lncRNA	MIRLET7BHG	0.126430232627582	0.0234612802814069	2.26583838428136	1.50121507884114	105	409	26	140	217	780	40	53
ENSG00000197182.17	336119	chr22	46086460	46086560	8733504	0	+	SS5_PROX	SS5_PROX:INTRON	lncRNA	MIRLET7BHG	0.127060617556173	0.0240148933525414	2.25689089130189	1.47674037829953	105	409	115	321	217	780	122	136
ENSG00000197182.17	336113	chr22	46081747	46081846	8733454	0	+	INTRON	INTRON	lncRNA	MIRLET7BHG	0.127060617556173	0.0238027443146454	2.26029828566839	1.56243946581272	31	143	86	152	65	175	55	56
ENSG00000197182.17	336130	chr22	46112046	46112145	8733764	0	+	EXON_LNCRNA	EXON_LNCRNA:INTRON	lncRNA	MIRLET7BHG	0.127060617556173	0.0238872522282337	2.25893783254196	1.71878506189142	58	134	49	106	70	236	40	26
ENSG00000290920.2	337412	chr22	23387365	23387465	8760189	0	-	INTRON	INTRON	lncRNA	ENSG00000290920	0.127060617556173	0.0239378272576764	2.25812564440265	1.13513286203948	161	194	31	25	209	262	11	20
ENSG00000241878.13	338332	chr22	31627467	31627567	8780320	0	-	INTRON	INTRON	protein_coding	PISD	0.127917298815531	0.0242867036410932	2.25256319977093	1.22549587748712	449	427	30	42	318	251	10	11
ENSG00000197182.17	336119	chr22	46088553	46088653	8733525	0	+	INTRON	INTRON	lncRNA	MIRLET7BHG	0.129310736199366	0.0248840364429255	2.24319819826596	1.41614263675215	105	409	41	95	217	780	42	51
ENSG00000197182.17	336127	chr22	46109066	46109166	8733733	0	+	SS3_PROX	SS3_PROX:INTRON	lncRNA	MIRLET7BHG	0.129310736199366	0.0249205399439277	2.24263223237998	1.89218589932585	19	105	125	178	52	210	89	72
ENSG00000197182.17	336119	chr22	46097525	46097625	8733615	0	+	SS3_PROX	SS3_PROX:INTRON	lncRNA	MIRLET7BHG	0.129310736199366	0.0249956319973002	2.24147022681866	1.59726159415799	105	409	91	115	217	780	62	71
ENSG00000290920.2	337412	chr22	23380101	23380200	8760116	0	-	INTRON	INTRON	lncRNA	ENSG00000290920	0.129310736199366	0.0246941375470979	2.24615412418355	1.13297921965024	161	194	21	22	209	262	13	14
ENSG00000099910.18	337203	chr22	20495459	20495559	8756107	0	-	SS5_PROX	SS5_PROX:INTRON	protein_coding	KLHL22	0.130948575385631	0.0257622197279291	2.22977747153023	0.913207027347228	130	162	142	156	135	140	91	62
ENSG00000197182.17	336111	chr22	46073178	46073278	8733368	0	+	INTRON	INTRON	lncRNA	MIRLET7BHG	0.130948575385631	0.0256406958549939	2.23161082068262	1.65762756321636	118	500	49	115	212	751	40	34
ENSG00000197182.17	336119	chr22	46094235	46094335	8733582	0	+	INTRON	INTRON	lncRNA	MIRLET7BHG	0.130948575385631	0.0255958868538209	2.23228872096734	1.46020282091142	105	409	86	144	217	780	71	86
ENSG00000241878.13	338332	chr22	31624577	31624677	8780291	0	-	INTRON	INTRON	protein_coding	PISD	0.130948575385631	0.0257275123050247	2.23030031473554	1.50300001480581	449	427	23	24	318	251	2	7
ENSG00000197182.17	336123	chr22	46102200	46102298	8733663	0	+	INTRON	INTRON	lncRNA	MIRLET7BHG	0.132943727677289	0.0262689496269558	2.22221247738022	1.54765571118553	31	129	179	401	79	249	189	165
ENSG00000197182.17	336119	chr22	46095132	46095232	8733591	0	+	INTRON	INTRON	lncRNA	MIRLET7BHG	0.133024427022157	0.0265134596813921	2.21860719428857	1.27125377667445	105	409	54	118	217	780	53	80
ENSG00000197182.17	336127	chr22	46106369	46106469	8733706	0	+	INTRON	INTRON	lncRNA	MIRLET7BHG	0.133024427022157	0.0264137630647605	2.2200737308015	1.6916441023128	19	105	33	102	52	210	35	44
ENSG00000197182.17	336119	chr22	46088454	46088553	8733524	0	+	INTRON	INTRON	lncRNA	MIRLET7BHG	0.13377646856081	0.0267782793596811	2.21473470389886	1.4253484179197	105	409	21	76	217	780	29	35
ENSG00000196576.17	340242	chr22	50299672	50299772	8823876	0	-	INTRON	INTRON	protein_coding	PLXNB2	0.135442284877442	0.0273444475482807	2.20656524151788	0.98298907831628	89	162	81	105	99	197	48	65
ENSG00000197182.17	336111	chr22	46074475	46074574	8733381	0	+	INTRON	INTRON	lncRNA	MIRLET7BHG	0.135442284877442	0.0273359801678231	2.20668634086137	1.26180385673446	118	500	94	311	212	751	93	142
ENSG00000197182.17	336119	chr22	46089450	46089550	8733534	0	+	INTRON	INTRON	lncRNA	MIRLET7BHG	0.13822275077811	0.0280245439721942	2.19694262696963	1.34334052071801	105	409	36	128	217	780	48	63
ENSG00000197182.17	336111	chr22	46079262	46079361	8733429	0	+	INTRON	INTRON	lncRNA	MIRLET7BHG	0.138828932158003	0.0282667155682532	2.19356474061315	1.34485312893111	118	500	75	225	212	751	71	94
ENSG00000197182.17	336113	chr22	46084217	46084315	8733479	0	+	INTRON	INTRON	lncRNA	MIRLET7BHG	0.139685662023467	0.0292622016496454	2.17993605780988	1.38758448434556	31	143	49	133	65	175	40	55
ENSG00000197182.17	336119	chr22	46096826	46096926	8733608	0	+	INTRON	INTRON	lncRNA	MIRLET7BHG	0.139685662023467	0.0290432250240585	2.18289932149874	1.56680365475401	105	409	70	120	217	780	60	56
ENSG00000197182.17	336119	chr22	46095032	46095132	8733590	0	+	INTRON	INTRON	lncRNA	MIRLET7BHG	0.139685662023467	0.0292811868846443	2.17968004320768	1.48594939527687	105	409	54	157	217	780	62	63
ENSG00000197182.17	336127	chr22	46106768	46106868	8733710	0	+	INTRON	INTRON	lncRNA	MIRLET7BHG	0.139685662023467	0.0292265421026968	2.18041731095052	1.5096533653353	19	105	88	190	52	210	84	106
ENSG00000197182.17	336123	chr22	46099745	46099843	8733638	0	+	INTRON	INTRON	lncRNA	MIRLET7BHG	0.139685662023467	0.0290120441647433	2.18332283387454	1.76763532734592	31	129	71	126	79	249	66	43
ENSG00000197182.17	336130	chr22	46110759	46110858	8733751	0	+	EXON_LNCRNA	EXON_LNCRNA:INTRON	lncRNA	MIRLET7BHG	0.139685662023467	0.0287642260988805	2.18670281345573	1.72875767078095	58	134	41	64	70	236	29	19
ENSG00000197182.17	336127	chr22	46107567	46107667	8733718	0	+	INTRON	INTRON	lncRNA	MIRLET7BHG	0.139685662023467	0.0291682942035591	2.18120449917192	1.70967090287601	19	105	30	133	52	210	38	48
ENSG00000197182.17	336113	chr22	46084513	46084612	8733482	0	+	INTRON	INTRON	lncRNA	MIRLET7BHG	0.139971237056084	0.0296378972208286	2.17489618040954	1.25574606164387	31	143	80	411	65	175	89	160
ENSG00000197182.17	336123	chr22	46099156	46099254	8733632	0	+	INTRON	INTRON	lncRNA	MIRLET7BHG	0.139971237056084	0.0297018003031381	2.17404440799948	1.33573563278803	31	129	157	397	79	249	183	213
ENSG00000197182.17	336113	chr22	46081945	46082044	8733456	0	+	INTRON	INTRON	lncRNA	MIRLET7BHG	0.139971237056084	0.029468851028417	2.17715705835149	1.49588849470216	31	143	68	182	65	175	57	58
ENSG00000196576.17	340242	chr22	50303262	50303362	8823912	0	-	INTRON	INTRON	protein_coding	PLXNB2	0.142824456633771	0.0304609707898395	2.16404402477411	1.07698001802814	89	162	78	112	99	197	55	52
ENSG00000290920.2	337412	chr22	23386470	23386569	8760180	0	-	INTRON	INTRON	lncRNA	ENSG00000290920	0.142824456633771	0.0305526543829973	2.16285083322756	1.05069349381771	161	194	33	28	209	262	13	23
ENSG00000197182.17	336127	chr22	46106269	46106369	8733705	0	+	INTRON	INTRON	lncRNA	MIRLET7BHG	0.142867659839503	0.030684634845254	2.16113859726361	1.59414016300547	19	105	83	235	52	210	91	96
ENSG00000100266.20	339621	chr22	42938747	42938847	8810389	0	-	INTRON	INTRON	protein_coding	PACSIN2	0.143167719775378	0.0308720770306014	2.15871767055705	1.92736863821334	1501	2370	30	28	423	432	2	2
ENSG00000197182.17	336119	chr22	46091245	46091344	8733552	0	+	INTRON	INTRON	lncRNA	MIRLET7BHG	0.143683104285607	0.0312362382719045	2.15405016261281	1.20078805419695	105	409	104	256	217	780	111	170
ENSG00000100266.20	339621	chr22	42986830	42986930	8810870	0	-	INTRON	INTRON	protein_coding	PACSIN2	0.143683104285607	0.0313535296293334	-2.15255676364028	-1.33269814677964	1501	2370	60	51	423	432	44	22
ENSG00000182858.15	340014	chr22	49902081	49902178	8822592	0	-	UTR3	UTR3:EXON_MRNA	protein_coding	ALG12	0.143683104285607	0.0313008010025053	2.15322753081548	1.69797698890907	56	57	28	23	54	105	8	14
ENSG00000197182.17	336127	chr22	46108566	46108666	8733728	0	+	INTRON	INTRON	lncRNA	MIRLET7BHG	0.144831189873774	0.0317284823177082	2.14781465534416	1.74117959073928	19	105	42	149	52	210	49	50
ENSG00000197182.17	336127	chr22	46106169	46106269	8733704	0	+	INTRON	INTRON	lncRNA	MIRLET7BHG	0.14539293718697	0.0319764535394024	2.14470484179464	1.50069776154643	19	105	71	206	52	210	80	99
ENSG00000197182.17	336119	chr22	46091942	46092042	8733559	0	+	INTRON	INTRON	lncRNA	MIRLET7BHG	0.146003026715218	0.0326989683910139	2.13576015513481	1.52726081282116	105	409	39	141	217	780	51	49
ENSG00000241878.13	338332	chr22	31630258	31630358	8780348	0	-	INTRON	INTRON	protein_coding	PISD	0.146003026715218	0.0326134374650508	2.13681013505278	0.908305668420879	449	427	73	61	318	251	22	23
ENSG00000241878.13	338332	chr22	31629760	31629859	8780343	0	-	INTRON	INTRON	protein_coding	PISD	0.146003026715218	0.0326055019741082	2.13690767085954	1.37909153456897	449	427	23	34	318	251	4	9
ENSG00000197182.17	336130	chr22	46111155	46111254	8733755	0	+	EXON_LNCRNA	EXON_LNCRNA:INTRON	lncRNA	MIRLET7BHG	0.146003026715218	0.032988656379813	2.13222132253385	2.19754590113303	58	134	50	41	70	236	26	8
ENSG00000291035.2	339507	chr22	42572985	42573085	8808023	0	-	INTRON	INTRON	lncRNA	RRP7BP	0.146003026715218	0.032346584851775	2.14010125308564	1.0302349460337	293	307	28	32	207	209	10	11
ENSG00000196576.17	340242	chr22	50302165	50302265	8823901	0	-	INTRON	INTRON	protein_coding	PLXNB2	0.146003026715218	0.0327548530162981	2.13507538370001	1.15002996747172	89	162	39	52	99	197	13	35
ENSG00000099910.18	337203	chr22	20495160	20495259	8756104	0	-	INTRON	INTRON	protein_coding	KLHL22	0.146003026715218	0.0328976419989486	2.13333027930305	1.07838867413451	130	162	55	62	135	140	35	22
ENSG00000197182.17	336127	chr22	46108666	46108766	8733729	0	+	INTRON	INTRON	lncRNA	MIRLET7BHG	0.146388826275991	0.0334443383454409	2.12670816909467	1.58226956891289	19	105	60	170	52	210	66	75
ENSG00000197182.17	336119	chr22	46090547	46090647	8733545	0	+	INTRON	INTRON	lncRNA	MIRLET7BHG	0.146388826275991	0.0333636298963914	2.12767993189782	1.37808545925549	105	409	60	219	217	780	78	93
ENSG00000198911.14	335702	chr22	41833358	41833458	8723818	0	+	SS5_ADJ	SS5_ADJ:SS5_PROX:INTRON	protein_coding	SREBF2	0.146388826275991	0.0336045348888024	2.12478526509817	1.01783508914183	1896	1412	212	91	786	481	31	22
ENSG00000196576.17	340242	chr22	50302066	50302165	8823900	0	-	INTRON	INTRON	protein_coding	PLXNB2	0.146388826275991	0.0337046438504859	2.12358759382352	1.20352993987598	89	162	31	37	99	197	11	23
ENSG00000075275.18	339956	chr22	46525728	46525828	8821331	0	-	INTRON	INTRON	protein_coding	CELSR1	0.146388826275991	0.0336625856775397	2.12409039312169	1.61219499245784	68	78	21	18	97	67	6	8
ENSG00000290199.2	337529	chr22	23902027	23902126	8761729	0	-	INTRON	INTRON	lncRNA	ENSG00000290199	0.146785833915817	0.0339221557760779	-2.12099580112774	-1.19136446017425	494	325	13	7	550	502	31	25
ENSG00000197182.17	336119	chr22	46097425	46097525	8733614	0	+	SS3_PROX	SS3_PROX:INTRON	lncRNA	MIRLET7BHG	0.147973018601935	0.0343236383355004	2.11624896983838	1.79795632147748	105	409	131	96	217	780	67	66
ENSG00000197182.17	336125	chr22	46104330	46104426	8733685	0	+	INTRON	INTRON	lncRNA	MIRLET7BHG	0.149505343451958	0.0349359565454747	2.10909993423641	1.75682554598714	7	55	129	361	32	118	152	135
ENSG00000197182.17	336123	chr22	46100334	46100432	8733644	0	+	INTRON	INTRON	lncRNA	MIRLET7BHG	0.149505343451958	0.0348175355795205	2.11047414869685	1.50525023937262	31	129	144	297	79	249	156	123
ENSG00000099910.18	337203	chr22	20495259	20495359	8756105	0	-	SS5_PROX	SS5_PROX:INTRON	protein_coding	KLHL22	0.14981167672301	0.0351362437675102	2.10678472934833	1.09721080288849	130	162	39	71	135	140	19	30
ENSG00000197182.17	336111	chr22	46078264	46078364	8733419	0	+	INTRON	INTRON	lncRNA	MIRLET7BHG	0.149825003807244	0.0353226824689851	2.10463970716327	1.40606189158752	118	500	55	239	212	751	64	78
ENSG00000196576.17	340242	chr22	50301567	50301667	8823895	0	-	INTRON	INTRON	protein_coding	PLXNB2	0.149825003807244	0.0353968007276564	2.10378964213049	1.03505798670083	89	162	55	85	99	197	20	61
ENSG00000197182.17	336111	chr22	46074076	46074175	8733377	0	+	INTRON	INTRON	lncRNA	MIRLET7BHG	0.151978715178039	0.036166756103365	2.09504765855684	1.4785887245977	118	500	54	277	212	751	66	77
ENSG00000196576.17	340242	chr22	50301866	50301966	8823898	0	-	INTRON	INTRON	protein_coding	PLXNB2	0.151978715178039	0.0361454934649121	2.09528693171278	1.10530005175967	89	162	26	46	99	197	11	28
ENSG00000197182.17	336125	chr22	46104715	46104811	8733689	0	+	INTRON	INTRON	lncRNA	MIRLET7BHG	0.155348717799086	0.0373691073743505	2.08170846048209	1.68534515699986	7	55	54	181	32	118	66	88
ENSG00000197182.17	336111	chr22	46074574	46074674	8733382	0	+	INTRON	INTRON	lncRNA	MIRLET7BHG	0.155348717799086	0.0373083443455418	2.0823737487265	1.6024707352514	118	500	55	92	212	751	40	33
ENSG00000197182.17	336111	chr22	46072281	46072380	8733359	0	+	INTRON	INTRON	lncRNA	MIRLET7BHG	0.155348717799086	0.0371489512254562	2.08412332124166	1.16192453215207	118	500	170	714	212	751	189	330
ENSG00000197182.17	336111	chr22	46076868	46076968	8733405	0	+	INTRON	INTRON	lncRNA	MIRLET7BHG	0.156350550297381	0.0377444197882852	2.07761948819745	1.48219312549727	118	500	89	143	212	751	62	65
ENSG00000197182.17	336125	chr22	46105308	46105408	8733695	0	+	SS3_ADJ	SS3_ADJ:SS3_PROX:INTRON	lncRNA	MIRLET7BHG	0.158343729316495	0.0384976592754022	2.06951634351895	1.55085974340024	7	55	62	140	32	118	60	104
ENSG00000099910.18	337203	chr22	20495359	20495459	8756106	0	-	SS5_PROX	SS5_PROX:INTRON	protein_coding	KLHL22	0.158343729316495	0.0384704683192611	2.06980650133437	1.00697544803846	130	162	41	51	135	140	22	22
ENSG00000197182.17	336111	chr22	46072779	46072879	8733364	0	+	INTRON	INTRON	lncRNA	MIRLET7BHG	0.158785592032952	0.0388410615950517	2.06586676698362	1.35706334585353	118	500	34	131	212	751	40	49
ENSG00000241878.13	338332	chr22	31629859	31629959	8780344	0	-	INTRON	INTRON	protein_coding	PISD	0.158785592032952	0.0388779155750783	2.0654767248252	0.930284694536815	449	427	54	63	318	251	22	19
ENSG00000099956.21	333210	chr22	23826411	23826511	8673774	0	+	INTRON	INTRON	protein_coding	SMARCB1	0.159051708556869	0.0390797153327015	2.06334653934222	1.91148181550535	31	54	25	16	57	44	4	8
ENSG00000197077.15	333542	chr22	25068756	25068856	8680950	0	+	INTRON	INTRON	protein_coding	KIAA1671	0.160349366452116	0.0395363128623345	2.05856099149914	1.0534873122136	560	495	31	29	570	463	11	15
ENSG00000197182.17	336123	chr22	46098758	46098858	8733628	0	+	SS5_PROX	SS5_PROX:INTRON	lncRNA	MIRLET7BHG	0.162825220925555	0.0407093808636014	2.04647783666162	1.48548489436187	31	129	75	97	79	249	62	63
ENSG00000197182.17	336127	chr22	46107467	46107567	8733717	0	+	INTRON	INTRON	lncRNA	MIRLET7BHG	0.162825220925555	0.0410205885871002	2.04332184411193	1.553168971864	19	105	99	276	52	210	114	107
ENSG00000197182.17	336111	chr22	46078763	46078863	8733424	0	+	INTRON	INTRON	lncRNA	MIRLET7BHG	0.162825220925555	0.040872423334678	2.04482186475494	1.30392194955912	118	500	54	385	212	751	75	140
ENSG00000241878.13	338332	chr22	31626869	31626969	8780314	0	-	INTRON	INTRON	protein_coding	PISD	0.162825220925555	0.0408893160052463	2.04465061135613	1.05368238045254	449	427	47	46	318	251	10	17
ENSG00000197182.17	336123	chr22	46100039	46100138	8733641	0	+	INTRON	INTRON	lncRNA	MIRLET7BHG	0.162825220925555	0.0411987036721848	2.04152467642085	1.3863770817508	31	129	155	290	79	249	167	148
ENSG00000197182.17	336113	chr22	46080755	46080855	8733444	0	+	SS5_PROX	SS5_PROX:INTRON	lncRNA	MIRLET7BHG	0.162825220925555	0.0412658420730572	2.0408489628448	1.48999909728641	31	143	31	88	65	175	28	30
ENSG00000182858.15	340014	chr22	49902666	49902764	8822598	0	-	UTR3	UTR3:EXON_MRNA	protein_coding	ALG12	0.162825220925555	0.0405597199937182	2.04800285150699	1.46954074296681	56	57	30	32	54	105	11	19
ENSG00000241878.13	338332	chr22	31632550	31632650	8780371	0	-	INTRON	INTRON	protein_coding	PISD	0.162825220925555	0.0403004075724834	2.05065652476285	1.37630350773722	449	427	21	20	318	251	2	7
ENSG00000197182.17	336127	chr22	46109166	46109266	8733734	0	+	SS3_ADJ	SS3_ADJ:SS3_PROX:INTRON	lncRNA	MIRLET7BHG	0.164530404476699	0.0419806959876114	2.03371146036069	1.70551186861265	19	105	46	75	52	210	37	40
ENSG00000100345.24	338610	chr22	36365035	36365134	8793075	0	-	INTRON	INTRON	protein_coding	MYH9	0.164530404476699	0.0419750524715041	2.03376740410869	1.05205529845079	295	301	65	33	187	166	15	12
ENSG00000290920.2	337412	chr22	23380399	23380499	8760119	0	-	INTRON	INTRON	lncRNA	ENSG00000290920	0.165971095163266	0.0424908817514205	2.02868012287329	1.07283802923487	161	194	26	24	209	262	20	14
ENSG00000196576.17	340242	chr22	50303960	50304060	8823919	0	-	INTRON	INTRON	protein_coding	PLXNB2	0.167049248165716	0.0429104168398189	2.02458090299546	1.05085988445621	89	162	102	96	99	197	53	61
ENSG00000197182.17	336113	chr22	46081451	46081550	8733451	0	+	INTRON	INTRON	lncRNA	MIRLET7BHG	0.167904431062546	0.0432743379027179	2.02105243039132	1.33045147174647	31	143	83	291	65	175	85	95
ENSG00000197182.17	336127	chr22	46107268	46107368	8733715	0	+	INTRON	INTRON	lncRNA	MIRLET7BHG	0.168677086563073	0.0437470244749642	2.01650664114743	1.3710676954174	19	105	179	392	52	210	187	233
ENSG00000197182.17	336119	chr22	46091045	46091145	8733550	0	+	INTRON	INTRON	lncRNA	MIRLET7BHG	0.168677086563073	0.0437632990911065	2.01635086961245	1.54758049699353	105	409	129	205	217	780	113	91
ENSG00000197182.17	336130	chr22	46111056	46111155	8733754	0	+	EXON_LNCRNA	EXON_LNCRNA:INTRON	lncRNA	MIRLET7BHG	0.169666274694203	0.0441657055260683	2.01251472996353	1.57705496401923	58	134	38	43	70	236	24	19
ENSG00000197182.17	336113	chr22	46081352	46081451	8733450	0	+	INTRON	INTRON	lncRNA	MIRLET7BHG	0.170298724425077	0.0444766428051747	2.00957071992119	1.14933596223646	31	143	65	317	65	175	76	137
ENSG00000197182.17	336111	chr22	46078165	46078264	8733418	0	+	INTRON	INTRON	lncRNA	MIRLET7BHG	0.170669564644593	0.0447201178836776	2.00727755309618	1.23161396010959	118	500	78	276	212	751	85	117
ENSG00000197182.17	336111	chr22	46071982	46072081	8733356	0	+	INTRON	INTRON	lncRNA	MIRLET7BHG	0.172578106739336	0.04536847135931	2.00122199780985	1.24804006025141	118	500	138	435	212	751	140	182
ENSG00000197182.17	336125	chr22	46103753	46103849	8733679	0	+	INTRON	INTRON	lncRNA	MIRLET7BHG	0.173245631729281	0.045692791186331	1.99822021210692	1.5668873656857	7	55	97	371	32	118	142	161
ENSG00000197182.17	336111	chr22	46077367	46077466	8733410	0	+	INTRON	INTRON	lncRNA	MIRLET7BHG	0.173295699730309	0.0458548758736558	1.99672673818473	1.01943376765969	118	500	59	206	212	751	66	125
ENSG00000100239.17	336427	chr22	50396527	50396626	8744909	0	+	INTRON	INTRON	protein_coding	PPP6R2	0.173584412521727	0.0460803981694275	1.99465612102309	0.914773484600879	317	357	30	44	212	236	13	14
ENSG00000197182.17	336111	chr22	46078364	46078464	8733420	0	+	INTRON	INTRON	lncRNA	MIRLET7BHG	0.178622538638643	0.047765559693895	1.97944825854106	1.34674428366078	118	500	91	281	212	751	93	100
ENSG00000197182.17	336123	chr22	46098658	46098758	8733627	0	+	SS5_PROX	SS5_PROX:INTRON	lncRNA	MIRLET7BHG	0.178622538638643	0.0478782062330383	1.97844784986071	1.50377122297423	31	129	62	115	79	249	66	52
ENSG00000197182.17	336111	chr22	46072181	46072281	8733358	0	+	INTRON	INTRON	lncRNA	MIRLET7BHG	0.178622538638643	0.0476733687774257	1.98026847842567	1.26075192047819	118	500	112	301	212	751	107	132
ENSG00000290920.2	337412	chr22	23387266	23387365	8760188	0	-	INTRON	INTRON	lncRNA	ENSG00000290920	0.178937723259096	0.0494754115149413	1.9644717304839	0.896912591397472	161	194	80	56	209	262	55	42
ENSG00000197182.17	336127	chr22	46106868	46106968	8733711	0	+	INTRON	INTRON	lncRNA	MIRLET7BHG	0.178937723259096	0.0494458797928935	1.96472668403518	1.57995183636236	19	105	50	88	52	210	44	51
ENSG00000197182.17	336125	chr22	46105008	46105108	8733692	0	+	SS3_PROX	SS3_PROX:INTRON	lncRNA	MIRLET7BHG	0.178937723259096	0.0484645203696041	1.97327253439228	1.56630076084762	7	55	65	242	32	118	91	118
ENSG00000100239.17	336427	chr22	50397523	50397622	8744919	0	+	INTRON	INTRON	protein_coding	PPP6R2	0.178937723259096	0.0489772556587718	1.96878961219334	1.00677067574436	317	357	104	64	212	236	38	20
ENSG00000197182.17	336127	chr22	46106070	46106169	8733703	0	+	INTRON	INTRON	lncRNA	MIRLET7BHG	0.178937723259096	0.0484010067581334	1.97383061223634	1.48509121620372	19	105	75	203	52	210	87	90
ENSG00000241878.13	338332	chr22	31631454	31631554	8780360	0	-	INTRON	INTRON	protein_coding	PISD	0.178937723259096	0.0490388921295746	1.96825337129155	1.13312093065091	449	427	30	43	318	251	8	13
ENSG00000197182.17	336119	chr22	46097625	46097725	8733616	0	+	SS3_PROX	SS3_PROX:INTRON	lncRNA	MIRLET7BHG	0.178937723259096	0.0494999543723616	1.96425994396303	1.6759204434279	105	409	104	104	217	780	73	51
ENSG00000197077.15	333531	chr22	24954671	24954771	8679804	0	+	INTRON	INTRON	protein_coding	KIAA1671	0.178937723259096	0.048898441027605	1.96947612994456	1.52626355246593	618	619	31	13	333	260	4	3
ENSG00000291035.2	339507	chr22	42574279	42574379	8808036	0	-	SS5_PROX	SS5_PROX:INTRON	lncRNA	RRP7BP	0.178937723259096	0.0490099220377198	1.96850534228451	0.847180562367344	293	307	49	40	207	209	17	17
ENSG00000100266.20	339621	chr22	42998925	42999025	8810991	0	-	INTRON	INTRON	protein_coding	PACSIN2	0.178937723259096	0.0486093068668547	-1.9720026249225	-1.32628499839765	1501	2370	28	20	423	432	19	10
ENSG00000196576.17	340242	chr22	50301766	50301866	8823897	0	-	INTRON	INTRON	protein_coding	PLXNB2	0.179091416646882	0.049696329533456	1.96256853753185	1.00210938536423	89	162	65	71	99	197	35	46
ENSG00000197182.17	336111	chr22	46079361	46079461	8733430	0	+	INTRON	INTRON	lncRNA	MIRLET7BHG	0.179515164527739	0.0499757949982169	1.96017110137024	1.32439194484255	118	500	21	110	212	751	31	40
ENSG00000197182.17	336111	chr22	46076070	46076170	8733397	0	+	INTRON	INTRON	lncRNA	MIRLET7BHG	0.179515164527739	0.050122361229824	1.95891825134472	1.53338772268044	118	500	52	120	212	751	48	35
ENSG00000197182.17	336111	chr22	46071882	46071982	8733355	0	+	INTRON	INTRON	lncRNA	MIRLET7BHG	0.179997509421004	0.0504116736007281	1.95645419231752	1.31033488264264	118	500	120	467	212	751	134	161
ENSG00000197182.17	336111	chr22	46079960	46080059	8733436	0	+	INTRON	INTRON	lncRNA	MIRLET7BHG	0.18441775895726	0.0518080817689209	1.94472502663777	1.29152812050694	118	500	78	295	212	751	89	106
ENSG00000197182.17	336111	chr22	46080059	46080159	8733437	0	+	INTRON	INTRON	lncRNA	MIRLET7BHG	0.186622518915618	0.0525877888353289	1.93829051592871	1.23023488886245	118	500	100	301	212	751	104	129
ENSG00000197182.17	336125	chr22	46103653	46103753	8733678	0	+	SS5_PROX	SS5_PROX:INTRON	lncRNA	MIRLET7BHG	0.187298024953443	0.0529390465718924	1.9354178014625	1.49393397417775	7	55	162	340	32	118	187	196
ENSG00000196576.17	340242	chr22	50300271	50300370	8823882	0	-	INTRON	INTRON	protein_coding	PLXNB2	0.187636237119272	0.0531958404204122	1.93332770928278	0.904100665219612	89	162	42	68	99	197	28	43
ENSG00000290920.2	337412	chr22	23382987	23383086	8760145	0	-	INTRON	INTRON	lncRNA	ENSG00000290920	0.189768183657091	0.0540908525733297	1.92610829920202	0.786491443538325	161	194	68	61	209	262	55	46
ENSG00000197182.17	336119	chr22	46088653	46088753	8733526	0	+	INTRON	INTRON	lncRNA	MIRLET7BHG	0.189768183657091	0.054126320424531	1.92582426601399	1.35635293265364	105	409	80	244	217	780	102	98
ENSG00000241484.11	335941	chr22	44800977	44801077	8728704	0	+	INTRON	INTRON	protein_coding	ARHGAP8	0.192448311298996	0.0550560890571869	1.91843332350301	1.4776650221348	58	71	41	20	70	62	10	11
ENSG00000100345.24	338610	chr22	36386806	36386906	8793293	0	-	INTRON	INTRON	protein_coding	MYH9	0.192473171213123	0.0552285560010163	1.91707380469177	0.936271905297083	295	301	31	48	187	166	11	14
ENSG00000197182.17	336111	chr22	46078663	46078763	8733423	0	+	INTRON	INTRON	lncRNA	MIRLET7BHG	0.194013156611239	0.0559447905323955	1.91146546695394	1.30725451804719	118	500	65	250	212	751	76	86
ENSG00000100345.24	338610	chr22	36351852	36351952	8792943	0	-	INTRON	INTRON	protein_coding	MYH9	0.194013156611239	0.0560578494059825	1.91058565402707	1.31372834211521	295	301	28	13	187	166	2	5
ENSG00000241878.13	338332	chr22	31627368	31627467	8780319	0	-	INTRON	INTRON	protein_coding	PISD	0.194013156611239	0.0561704757542848	1.9097106749617	0.95549060328837	449	427	36	49	318	251	19	13
ENSG00000197182.17	336127	chr22	46108866	46108966	8733731	0	+	SS3_PROX	SS3_PROX:INTRON	lncRNA	MIRLET7BHG	0.195125830541026	0.0566602497619132	1.90592258955279	1.60097750633905	19	105	28	143	52	210	44	47
ENSG00000197182.17	336111	chr22	46070087	46070186	8733337	0	+	INTRON	INTRON	lncRNA	MIRLET7BHG	0.195574538340342	0.0569585640011822	1.90362865609966	1.04206066486353	118	500	86	200	212	751	78	134
ENSG00000197182.17	336111	chr22	46072081	46072181	8733357	0	+	INTRON	INTRON	lncRNA	MIRLET7BHG	0.19950183760808	0.058445125965941	1.89234427121848	1.3119597780735	118	500	117	347	212	751	120	124
ENSG00000196576.17	340242	chr22	50304459	50304559	8823924	0	-	INTRON	INTRON	protein_coding	PLXNB2	0.19950183760808	0.0583128890329043	1.89333834418927	0.927118401728009	89	162	30	70	99	197	24	38
ENSG00000196576.17	340242	chr22	50300670	50300769	8823886	0	-	INTRON	INTRON	protein_coding	PLXNB2	0.203442397150986	0.0599490912566909	1.88116783803133	0.863888661723329	89	162	41	74	99	197	29	45
ENSG00000197182.17	336130	chr22	46110363	46110462	8733747	0	+	EXON_LNCRNA	EXON_LNCRNA:SS5_PROX:INTRON	lncRNA	MIRLET7BHG	0.203442397150986	0.0598153866159438	1.88215195664132	1.23231937997358	58	134	83	161	70	236	80	66
ENSG00000197182.17	336119	chr22	46097026	46097125	8733610	0	+	INTRON	INTRON	lncRNA	MIRLET7BHG	0.204238399445196	0.0603591146126695	1.87816121177071	1.35666122876091	105	409	120	192	217	780	113	107
ENSG00000197182.17	336111	chr22	46072680	46072779	8733363	0	+	INTRON	INTRON	lncRNA	MIRLET7BHG	0.205798035008624	0.0609968402731747	1.8735183568982	1.31620026441983	118	500	96	273	212	751	98	98
ENSG00000197182.17	336125	chr22	46103553	46103653	8733677	0	+	SS5_PROX	SS5_PROX:INTRON	lncRNA	MIRLET7BHG	0.206772674907446	0.0616409950110686	1.86886933895271	1.49986005128165	7	55	65	166	32	118	78	101
ENSG00000100345.24	338610	chr22	36368330	36368430	8793108	0	-	INTRON	INTRON	protein_coding	MYH9	0.206772674907446	0.0615429746617409	1.86957417230151	0.846659173216829	295	301	44	39	187	166	13	14
ENSG00000290920.2	337412	chr22	23382887	23382987	8760144	0	-	INTRON	INTRON	lncRNA	ENSG00000290920	0.209165505907483	0.0625340172300723	1.86249025895825	0.874312575095595	161	194	28	26	209	262	17	21
ENSG00000196576.17	340242	chr22	50299473	50299573	8823874	0	-	INTRON	INTRON	protein_coding	PLXNB2	0.209816998275475	0.0629090484520109	1.85983376644417	1.01667268272189	89	162	30	44	99	197	20	24
ENSG00000291035.2	339507	chr22	42571196	42571295	8808005	0	-	INTRON	INTRON	lncRNA	RRP7BP	0.211372733586932	0.0635570934324968	1.85527410956256	0.951605692911545	293	307	42	28	207	209	20	9
ENSG00000197182.17	336111	chr22	46075372	46075472	8733390	0	+	INTRON	INTRON	lncRNA	MIRLET7BHG	0.2171909244051	0.0656797297170061	1.84060319150725	1.10991828371175	118	500	105	302	212	751	111	152
ENSG00000196576.17	340242	chr22	50296980	50297080	8823849	0	-	INTRON	INTRON	protein_coding	PLXNB2	0.2171909244051	0.0656667919555868	1.84069142025793	1.25726994483349	89	162	20	21	99	197	4	15
ENSG00000197182.17	336123	chr22	46098958	46099058	8733630	0	+	SS5_PROX	SS5_PROX:INTRON	lncRNA	MIRLET7BHG	0.219068285151101	0.0664356569229713	1.83547285917203	1.1803561740686	31	129	138	316	79	249	179	181
ENSG00000241878.13	338332	chr22	31638331	31638430	8780429	0	-	INTRON	INTRON	protein_coding	PISD	0.22138061603274	0.0675172840993323	1.82821504383485	0.825131772012482	449	427	63	45	318	251	24	17
ENSG00000196576.17	340242	chr22	50297179	50297279	8823851	0	-	INTRON	INTRON	protein_coding	PLXNB2	0.22138061603274	0.0673433189602063	1.82937587618215	0.894493119376974	89	162	31	54	99	197	20	34
ENSG00000100239.17	336427	chr22	50397722	50397822	8744921	0	+	INTRON	INTRON	protein_coding	PPP6R2	0.223133904961936	0.0683209797722132	1.8228838808402	0.807492972323796	317	357	67	63	212	236	33	20
ENSG00000197182.17	336113	chr22	46081155	46081253	8733448	0	+	INTRON	INTRON	lncRNA	MIRLET7BHG	0.223133904961936	0.0684353986867794	1.82212910360196	1.22878732632496	31	143	60	161	65	175	58	64
ENSG00000188677.15	335863	chr22	44027050	44027150	8726069	0	+	INTRON	INTRON	protein_coding	PARVB	0.223225890060367	0.0686553854309377	1.82068084596687	1.1000612633856	215	287	30	24	207	180	15	7
ENSG00000197182.17	336126	chr22	46105691	46105786	8733699	0	+	EXON_LNCRNA	EXON_LNCRNA:INTRON	lncRNA	MIRLET7BHG	0.223934409418102	0.069258064768485	1.8167326176942	1.68329788727645	5	16	60	181	7	43	66	79
ENSG00000099991.19	333313	chr22	24156203	24156303	8675737	0	+	INTRON	INTRON	protein_coding	CABIN1	0.223934409418102	0.0690786889570627	1.81790477121211	1.23002119888507	77	98	30	28	59	79	8	12
ENSG00000197182.17	336111	chr22	46080259	46080359	8733439	0	+	INTRON	INTRON	lncRNA	MIRLET7BHG	0.224559211621727	0.0696442228483193	1.81421765674972	1.06133075111878	118	500	89	317	212	751	105	158
ENSG00000197182.17	336111	chr22	46071782	46071882	8733354	0	+	INTRON	INTRON	lncRNA	MIRLET7BHG	0.225291225094341	0.0700647968076903	1.81149154421286	1.25932724029517	118	500	192	649	212	751	212	228
ENSG00000197077.15	333531	chr22	24976059	24976159	8680018	0	+	INTRON	INTRON	protein_coding	KIAA1671	0.226778862208372	0.0707222740392088	1.80725663535177	1.3253894485788	618	619	28	15	333	260	6	3
ENSG00000197182.17	336113	chr22	46084809	46084908	8733485	0	+	INTRON	INTRON	lncRNA	MIRLET7BHG	0.226809962076808	0.07092682662883	1.80594566855599	1.02304626906675	31	143	115	340	65	175	122	163
ENSG00000197182.17	336111	chr22	46072380	46072480	8733360	0	+	INTRON	INTRON	lncRNA	MIRLET7BHG	0.227341969165836	0.0714838150469895	1.80239160515681	1.14961366177966	118	500	55	185	212	751	66	82
ENSG00000197182.17	336112	chr22	46080359	46080457	8733440	0	+	EXON_LNCRNA	EXON_LNCRNA:INTRON	lncRNA	MIRLET7BHG	0.227341969165836	0.0713451873318222	1.80327404128109	1.34852047089839	5	25	129	558	14	37	163	203
ENSG00000197182.17	336126	chr22	46105408	46105502	8733696	0	+	EXON_LNCRNA	EXON_LNCRNA:INTRON	lncRNA	MIRLET7BHG	0.22747112446567	0.0723061134469914	1.79718589223453	1.58796983848471	5	16	155	276	7	43	156	142
ENSG00000197182.17	336111	chr22	46078563	46078663	8733422	0	+	INTRON	INTRON	lncRNA	MIRLET7BHG	0.22747112446567	0.0720788268863974	1.79861990249799	1.2053979608259	118	500	80	440	212	751	111	156
ENSG00000197182.17	336113	chr22	46085106	46085205	8733488	0	+	INTRON	INTRON	lncRNA	MIRLET7BHG	0.22747112446567	0.0718395237990812	1.80013373607333	1.1865872409883	31	143	92	278	65	175	98	102
ENSG00000197182.17	336111	chr22	46063804	46063904	8733274	0	+	INTRON	INTRON	lncRNA	MIRLET7BHG	0.22747112446567	0.0722864679919433	1.79730969468862	1.38058518264299	118	500	30	30	212	751	17	23
ENSG00000197182.17	336119	chr22	46096129	46096228	8733601	0	+	INTRON	INTRON	lncRNA	MIRLET7BHG	0.22943073317735	0.0731261185642586	1.79204274864133	1.28536832451535	105	409	118	170	217	780	109	111
ENSG00000197182.17	336111	chr22	46076968	46077068	8733406	0	+	INTRON	INTRON	lncRNA	MIRLET7BHG	0.23086968634369	0.0737830956356123	1.78795606988015	1.3059585347423	118	500	39	186	212	751	55	57
ENSG00000197182.17	336126	chr22	46105502	46105597	8733697	0	+	EXON_LNCRNA	EXON_LNCRNA:INTRON	lncRNA	MIRLET7BHG	0.231654414921834	0.0742329010015842	1.78517521404947	1.684257191381	5	16	73	161	7	43	71	77
ENSG00000197182.17	336113	chr22	46084414	46084513	8733481	0	+	INTRON	INTRON	lncRNA	MIRLET7BHG	0.234441296074715	0.0753273580171334	1.7784659589003	1.26788341821557	31	143	44	179	65	175	53	60
ENSG00000197182.17	336119	chr22	46097225	46097325	8733612	0	+	INTRON	INTRON	lncRNA	MIRLET7BHG	0.235243971153581	0.0757873618407155	1.77566977589464	1.29365889960923	105	409	126	215	217	780	129	118
ENSG00000197182.17	336119	chr22	46096727	46096826	8733607	0	+	INTRON	INTRON	lncRNA	MIRLET7BHG	0.236223086836472	0.0766846949895806	1.77025485464558	1.1912573165367	105	409	167	319	217	780	179	196
ENSG00000196576.17	340242	chr22	50300470	50300570	8823884	0	-	INTRON	INTRON	protein_coding	PLXNB2	0.236223086836472	0.0766864825744775	1.77024411922654	0.865383468964729	89	162	57	74	99	197	38	47
ENSG00000100239.17	336427	chr22	50399614	50399714	8744940	0	+	INTRON	INTRON	protein_coding	PPP6R2	0.236223086836472	0.0767116209829779	1.7700931710219	1.04518639843486	317	357	39	24	212	236	15	8
ENSG00000197182.17	336111	chr22	46074774	46074874	8733384	0	+	INTRON	INTRON	lncRNA	MIRLET7BHG	0.236701300427308	0.0770702687817438	1.76794398350374	1.12282769820668	118	500	105	502	212	751	140	203
ENSG00000197182.17	336113	chr22	46084711	46084809	8733484	0	+	INTRON	INTRON	lncRNA	MIRLET7BHG	0.237774919734643	0.0776241146900038	1.76464103278425	1.10721440931232	31	143	97	316	65	175	109	126
ENSG00000197182.17	336111	chr22	46074874	46074973	8733385	0	+	INTRON	INTRON	lncRNA	MIRLET7BHG	0.238193712957688	0.0780909956456701	1.7618715900478	1.32630032352089	118	500	39	182	212	751	55	52
ENSG00000241878.13	338332	chr22	31636337	31636437	8780409	0	-	INTRON	INTRON	protein_coding	PISD	0.238193712957688	0.0781701016751175	1.76140368564174	0.828743688794254	449	427	46	43	318	251	22	13
ENSG00000100239.17	336427	chr22	50404893	50404992	8744993	0	+	INTRON	INTRON	protein_coding	PPP6R2	0.238632892854697	0.0785192422365542	1.75934314668008	0.796731245204313	317	357	34	35	212	236	13	14
ENSG00000241878.13	338332	chr22	31623481	31623580	8780280	0	-	INTRON	INTRON	protein_coding	PISD	0.240244050596713	0.0792730735703663	1.75491952702755	1.12204074231659	449	427	30	15	318	251	10	5
ENSG00000290920.2	337412	chr22	23386072	23386171	8760176	0	-	INTRON	INTRON	lncRNA	ENSG00000290920	0.240244050596713	0.07946216450149	1.75381527691318	0.781619372382923	161	194	28	32	209	262	24	24
ENSG00000197182.17	336111	chr22	46076768	46076868	8733404	0	+	INTRON	INTRON	lncRNA	MIRLET7BHG	0.24195209498294	0.0806232314570003	1.74708132987547	1.26697429793906	118	500	83	219	212	751	87	80
ENSG00000196576.17	340242	chr22	50307452	50307552	8823954	0	-	SS5_ADJ	SS5_ADJ:SS5_PROX:INTRON	protein_coding	PLXNB2	0.24195209498294	0.0802910420575366	1.74899986898043	0.663052663420674	89	162	112	168	99	197	87	121
ENSG00000197182.17	336127	chr22	46108067	46108166	8733723	0	+	INTRON	INTRON	lncRNA	MIRLET7BHG	0.24195209498294	0.0806506983276465	1.74692298424261	1.42962849802233	19	105	88	159	52	210	93	81
ENSG00000197182.17	336119	chr22	46089949	46090048	8733539	0	+	INTRON	INTRON	lncRNA	MIRLET7BHG	0.24357946984682	0.0816062501024276	1.74144132323942	1.25006578662643	105	409	62	116	217	780	69	64
ENSG00000241878.13	338332	chr22	31635839	31635939	8780404	0	-	INTRON	INTRON	protein_coding	PISD	0.24357946984682	0.0816116780414602	1.74141033422336	0.79643951181115	449	427	59	68	318	251	20	26
ENSG00000100426.9	336279	chr22	49858780	49858880	8742687	0	+	INTRON	INTRON	protein_coding	ZBED4	0.246624617551195	0.0830673411859539	1.73315939905113	1.06085226179834	373	271	25	27	204	119	6	7
ENSG00000100239.17	336429	chr22	50414051	50414151	8745085	0	+	SS3_PROX	SS3_PROX:INTRON	protein_coding	PPP6R2	0.246624617551195	0.0830428073971692	1.7332974859335	1.03094478554068	194	169	20	19	242	136	11	9
ENSG00000100266.20	339621	chr22	42948044	42948144	8810482	0	-	INTRON	INTRON	protein_coding	PACSIN2	0.246624617551195	0.0832675899464087	1.73203354530693	1.61705043664855	1501	2370	21	26	423	432	4	2
ENSG00000100345.24	338610	chr22	36378317	36378417	8793208	0	-	INTRON	INTRON	protein_coding	MYH9	0.247806657834733	0.0838795731846089	1.72860634548921	1.1502210794872	295	301	21	14	187	166	2	5
ENSG00000196576.17	340242	chr22	50306453	50306553	8823944	0	-	INTRON	INTRON	protein_coding	PLXNB2	0.249030528127082	0.0845077823111661	1.72510926972742	0.890692826714199	89	162	73	80	99	197	48	51
ENSG00000197182.17	336113	chr22	46082044	46082142	8733457	0	+	INTRON	INTRON	lncRNA	MIRLET7BHG	0.250175205451356	0.0855410066749482	1.71940305324849	1.4254712735792	31	143	54	66	65	175	35	29
ENSG00000070413.22	336826	chr22	19121927	19122027	8750259	0	-	SS5_PROX	SS5_PROX:INTRON	protein_coding	DGCR2	0.250175205451356	0.0854039569644769	1.72015672463771	0.744057972688401	383	343	76	61	177	132	15	18
ENSG00000196576.17	340242	chr22	50296681	50296780	8823846	0	-	INTRON	INTRON	protein_coding	PLXNB2	0.250175205451356	0.0851641433306239	1.72147787668391	1.37721599389857	89	162	20	14	99	197	10	7
ENSG00000197077.15	333531	chr22	24963366	24963466	8679891	0	+	INTRON	INTRON	protein_coding	KIAA1671	0.250671788408276	0.0859261542739708	1.71729024086093	1.15324827734199	618	619	20	18	333	260	4	4
ENSG00000196576.17	340242	chr22	50306254	50306353	8823942	0	-	INTRON	INTRON	protein_coding	PLXNB2	0.251644928198277	0.0869082999447658	1.71193688711757	1.0173601944292	89	162	57	49	99	197	29	33
ENSG00000197182.17	336123	chr22	46100530	46100629	8733646	0	+	INTRON	INTRON	lncRNA	MIRLET7BHG	0.251644928198277	0.0869057350472055	1.71195080376469	1.434434014884	31	129	41	124	79	249	62	41
ENSG00000197182.17	336127	chr22	46108166	46108266	8733724	0	+	INTRON	INTRON	lncRNA	MIRLET7BHG	0.251644928198277	0.0867285001770109	1.71291325057739	1.34208656774452	19	105	134	232	52	210	147	127
ENSG00000197182.17	336111	chr22	46073777	46073876	8733374	0	+	INTRON	INTRON	lncRNA	MIRLET7BHG	0.252407364254297	0.0873884603045375	1.70933744871568	1.21263570067058	118	500	75	152	212	751	71	70
ENSG00000197182.17	336115	chr22	46085441	46085535	8733492	0	+	SSB_PROX	SSB_PROX:SS3_PROX:SS5_PROX:INTRON	lncRNA	MIRLET7BHG	0.252433077484167	0.0881266779730376	1.70536335694215	1.76125662018714	0	7	67	260	4	13	71	111
ENSG00000290920.2	337412	chr22	23387963	23388062	8760195	0	-	INTRON	INTRON	lncRNA	ENSG00000290920	0.252433077484167	0.0882154038403006	1.70488752287703	0.777595782127291	161	194	68	49	209	262	51	40
ENSG00000186716.22	333081	chr22	23214520	23214620	8671606	0	+	INTRON	INTRON	protein_coding	BCR	0.252433077484167	0.0877342950574291	1.70747233783751	1.40068480670697	293	466	26	14	159	200	0	5
ENSG00000100266.20	339621	chr22	42924252	42924352	8810244	0	-	INTRON	INTRON	protein_coding	PACSIN2	0.252433077484167	0.0882648303574365	1.70462261733006	1.30477054802007	1501	2370	44	30	423	432	2	4
ENSG00000196576.17	340242	chr22	50306952	50307052	8823949	0	-	INTRON	INTRON	protein_coding	PLXNB2	0.253000037086095	0.0886804253703838	1.70239991824518	0.838154855422988	89	162	67	84	99	197	48	52
ENSG00000100330.17	334020	chr22	29884558	29884658	8695411	0	+	INTRON	INTRON	protein_coding	MTMR3	0.25392916987563	0.0892242529889457	-1.69950404543799	-0.874697794756671	1260	948	47	26	423	217	26	13
ENSG00000241878.13	338332	chr22	31634444	31634544	8780390	0	-	INTRON	INTRON	protein_coding	PISD	0.25438325466455	0.0896023491516026	1.69749905742961	0.859478150244965	449	427	39	49	318	251	24	13
ENSG00000290920.2	337412	chr22	23383683	23383783	8760152	0	-	INTRON	INTRON	lncRNA	ENSG00000290920	0.255460436590899	0.0904207043603527	1.69318265875623	0.725114610142655	161	194	36	35	209	262	26	30
ENSG00000197182.17	336113	chr22	46082933	46083031	8733466	0	+	INTRON	INTRON	lncRNA	MIRLET7BHG	0.255460436590899	0.0902643756195876	1.69400477536256	1.49079585471108	31	143	55	62	65	175	35	25
ENSG00000197182.17	336111	chr22	46076469	46076569	8733401	0	+	INTRON	INTRON	lncRNA	MIRLET7BHG	0.256077114953792	0.0910789738753178	1.68973338151875	1.27971534955801	118	500	50	135	212	751	57	46
ENSG00000100345.24	338610	chr22	36352151	36352251	8792946	0	-	INTRON	INTRON	protein_coding	MYH9	0.256077114953792	0.0910209313096124	1.69003671224445	0.761674442203426	295	301	50	38	187	166	15	15
ENSG00000241878.13	338332	chr22	31628962	31629062	8780335	0	-	INTRON	INTRON	protein_coding	PISD	0.256668758177308	0.0915099094876141	1.68748615713348	0.948248533009136	449	427	20	22	318	251	10	7
ENSG00000197182.17	336111	chr22	46079062	46079162	8733427	0	+	INTRON	INTRON	lncRNA	MIRLET7BHG	0.259971315289497	0.0933573967276715	1.6779472527857	1.10647097613185	118	500	105	409	212	751	134	166
ENSG00000197182.17	336111	chr22	46077666	46077766	8733413	0	+	INTRON	INTRON	lncRNA	MIRLET7BHG	0.259971315289497	0.0929545378801222	1.68001427742513	1.03795909537316	118	500	92	271	212	751	105	138
ENSG00000241878.13	338332	chr22	31638430	31638530	8780430	0	-	INTRON	INTRON	protein_coding	PISD	0.259971315289497	0.0931892040098499	1.67880935911694	0.93145616378174	449	427	21	28	318	251	13	7
ENSG00000197182.17	336119	chr22	46097725	46097825	8733617	0	+	SS3_PROX	SS3_PROX:INTRON	lncRNA	MIRLET7BHG	0.261170045051612	0.0946192215901757	1.67151893624339	1.45047369027816	105	409	109	86	217	780	78	62
ENSG00000241484.11	335938	chr22	44765799	44765899	8728351	0	+	INTRON	INTRON	protein_coding	ARHGAP8	0.261170045051612	0.0944629030991037	1.6723115508679	1.23998480027074	256	199	20	27	199	162	2	12
ENSG00000100239.17	336422	chr22	50366624	50366724	8744607	0	+	INTRON	INTRON	protein_coding	PPP6R2	0.261170045051612	0.0946853599757561	1.67118389674816	1.17098680900118	1060	579	26	23	485	258	4	5
ENSG00000100345.24	338610	chr22	36387306	36387406	8793298	0	-	SS5_PROX	SS5_PROX:INTRON	protein_coding	MYH9	0.261170045051612	0.0940157653885249	1.67458458720347	0.844426048674423	295	301	33	27	187	166	8	10
ENSG00000197182.17	336115	chr22	46085247	46085347	8733490	0	+	SS5_ADJ	SS5_ADJ:SSB_PROX:SS3_PROX:SS5_PROX:INTRON	lncRNA	MIRLET7BHG	0.263112803410214	0.0956157352598974	1.6664906183008	1.74933521745956	0	7	63	247	4	13	69	104
ENSG00000197182.17	336119	chr22	46093437	46093537	8733574	0	+	INTRON	INTRON	lncRNA	MIRLET7BHG	0.2632224668223	0.0965601317294864	1.66176385713425	1.14610004664883	105	409	49	151	217	780	73	74
ENSG00000197182.17	336111	chr22	46079860	46079960	8733435	0	+	INTRON	INTRON	lncRNA	MIRLET7BHG	0.2632224668223	0.096448611902389	1.66232008914168	1.1106922100684	118	500	107	368	212	751	131	152
ENSG00000197182.17	336111	chr22	46079162	46079262	8733428	0	+	INTRON	INTRON	lncRNA	MIRLET7BHG	0.2632224668223	0.0962426044367886	1.66334895566055	1.13359401756168	118	500	173	332	212	751	158	176
ENSG00000197182.17	336113	chr22	46083822	46083920	8733475	0	+	INTRON	INTRON	lncRNA	MIRLET7BHG	0.2632224668223	0.0964212921378616	1.66245643150924	1.21070189833516	31	143	62	115	65	175	53	51
ENSG00000197182.17	336111	chr22	46076369	46076469	8733400	0	+	INTRON	INTRON	lncRNA	MIRLET7BHG	0.264932974854625	0.0974152175582298	1.65751589715059	1.02488594332315	118	500	113	350	212	751	132	175
ENSG00000197182.17	336125	chr22	46105208	46105308	8733694	0	+	SS3_PROX	SS3_PROX:INTRON	lncRNA	MIRLET7BHG	0.266423402984943	0.0986499026516411	1.6514344137418	1.31272352711358	7	55	212	464	32	118	283	295
ENSG00000197182.17	336111	chr22	46072580	46072680	8733362	0	+	INTRON	INTRON	lncRNA	MIRLET7BHG	0.266423402984943	0.0984895958794283	1.65222056376252	1.15183708346782	118	500	83	198	212	751	87	88
ENSG00000196576.17	340242	chr22	50290797	50290897	8823787	0	-	SS3_PROX	SS3_PROX:INTRON	protein_coding	PLXNB2	0.266423402984943	0.0982643111601727	1.65332709672889	1.12907585375444	89	162	33	28	99	197	19	15
ENSG00000290920.2	337412	chr22	23379802	23379902	8760113	0	-	INTRON	INTRON	lncRNA	ENSG00000290920	0.267187994100776	0.0991625545116281	1.64892717779239	1.21058767806793	161	194	30	12	209	262	17	8
ENSG00000197182.17	336125	chr22	46103945	46104041	8733681	0	+	INTRON	INTRON	lncRNA	MIRLET7BHG	0.271218211716747	0.101124316052464	1.63942722247446	1.58083560608022	7	55	100	161	32	118	113	78
ENSG00000241878.13	338332	chr22	31631155	31631255	8780357	0	-	INTRON	INTRON	protein_coding	PISD	0.271218211716747	0.100991049765317	1.64006790025101	0.741259585007516	449	427	88	89	318	251	26	39
ENSG00000197182.17	336113	chr22	46083426	46083525	8733471	0	+	INTRON	INTRON	lncRNA	MIRLET7BHG	0.272364161700028	0.101785575893052	1.63625812592482	1.42679789963233	31	143	26	31	65	175	17	15
ENSG00000100239.17	336427	chr22	50397622	50397722	8744920	0	+	INTRON	INTRON	protein_coding	PPP6R2	0.273875301326641	0.102662394660774	1.63208113808995	0.86376145104804	317	357	47	41	212	236	26	12
ENSG00000100345.24	338610	chr22	36386906	36387006	8793294	0	-	INTRON	INTRON	protein_coding	MYH9	0.273875301326641	0.10282088202727	1.63132916762346	0.758181861502934	295	301	60	37	187	166	19	15
ENSG00000197182.17	336111	chr22	46073976	46074076	8733376	0	+	INTRON	INTRON	lncRNA	MIRLET7BHG	0.279700300177612	0.105547284986658	1.61853530346733	1.16493548520515	118	500	109	305	212	751	123	117
ENSG00000170638.11	336381	chr22	50190102	50190201	8744057	0	+	UTR5	UTR5:EXON_MRNA:INTRON	protein_coding	TRABD	0.279700300177612	0.10572863580597	1.61769364701599	1.43947176813135	7	29	46	85	10	20	20	22
ENSG00000182858.15	340014	chr22	49901788	49901886	8822589	0	-	UTR3	UTR3:EXON_MRNA	protein_coding	ALG12	0.279700300177612	0.105360852104212	1.61940174283778	1.22872512564718	56	57	20	22	54	105	13	13
ENSG00000196576.17	340242	chr22	50293589	50293689	8823815	0	-	INTRON	INTRON	protein_coding	PLXNB2	0.280473352798307	0.106261811498328	1.61522577151559	1.04521296582062	89	162	54	44	99	197	31	26
ENSG00000197182.17	336111	chr22	46076270	46076369	8733399	0	+	INTRON	INTRON	lncRNA	MIRLET7BHG	0.284541764057041	0.108171063759196	1.60646825827575	1.37385272048729	118	500	25	61	212	751	29	17
ENSG00000100239.17	336422	chr22	50366724	50366824	8744608	0	+	INTRON	INTRON	protein_coding	PPP6R2	0.284541764057041	0.108292097489063	1.60591722887677	1.17200488884927	1060	579	33	14	485	258	2	5
ENSG00000196576.17	340242	chr22	50307152	50307252	8823951	0	-	SS5_PROX	SS5_PROX:INTRON	protein_coding	PLXNB2	0.286069072548171	0.109119130765797	1.60216498503286	0.805712602519136	89	162	113	119	99	197	80	77
ENSG00000183864.7	339327	chr22	41445280	41445379	8804871	0	-	INTRON	INTRON	protein_coding	TOB2	0.294907084839725	0.112743687932713	1.58598069910554	1.13392618784796	132	93	21	12	129	75	11	4
ENSG00000290199.2	337529	chr22	23912117	23912217	8761830	0	-	INTRON	INTRON	lncRNA	ENSG00000290199	0.296855563120718	0.113743626419107	-1.58158812611812	-0.801080625574469	494	325	21	12	550	502	42	31
ENSG00000197182.17	336119	chr22	46093338	46093437	8733573	0	+	INTRON	INTRON	lncRNA	MIRLET7BHG	0.299537384252418	0.115164526973525	1.57539834156843	1.01391827526948	105	409	68	237	217	780	109	132
ENSG00000197182.17	336123	chr22	46099352	46099450	8733634	0	+	INTRON	INTRON	lncRNA	MIRLET7BHG	0.299537384252418	0.115285866104023	1.57487254913172	1.19718797944156	31	129	47	157	79	249	82	67
ENSG00000196576.17	340242	chr22	50293988	50294088	8823819	0	-	INTRON	INTRON	protein_coding	PLXNB2	0.301641613237038	0.116573784780973	1.56931832369252	1.12389105297566	89	162	47	43	99	197	33	18
ENSG00000100345.24	338610	chr22	36387406	36387506	8793299	0	-	SS5_PROX	SS5_PROX:INTRON	protein_coding	MYH9	0.301641613237038	0.116614025735968	1.56914556063379	0.730520321601467	295	301	120	66	187	166	28	33
ENSG00000197182.17	336113	chr22	46085007	46085106	8733487	0	+	INTRON	INTRON	lncRNA	MIRLET7BHG	0.301721928504771	0.117163498010444	1.56679122989967	1.0074696830162	31	143	138	363	65	175	152	155
ENSG00000196576.17	340242	chr22	50300171	50300271	8823881	0	-	INTRON	INTRON	protein_coding	PLXNB2	0.301721928504771	0.116973114444889	1.56760598522464	0.83090990751212	89	162	52	71	99	197	42	40
ENSG00000197182.17	336123	chr22	46098858	46098958	8733629	0	+	SS5_PROX	SS5_PROX:INTRON	lncRNA	MIRLET7BHG	0.302781840255959	0.11816701337907	1.56251373238331	1.21115184423198	31	129	163	208	79	249	183	124
ENSG00000196576.17	340242	chr22	50297080	50297179	8823850	0	-	INTRON	INTRON	protein_coding	PLXNB2	0.302781840255959	0.11835544442995	1.56171372326482	0.868001169930325	89	162	28	36	99	197	19	24
ENSG00000099910.18	337203	chr22	20491319	20491418	8756065	0	-	INTRON	INTRON	protein_coding	KLHL22	0.302781840255959	0.118010260550507	1.56318001019746	0.935041739555623	130	162	26	20	135	140	13	10
ENSG00000290920.2	337412	chr22	23389157	23389256	8760207	0	-	INTRON	INTRON	lncRNA	ENSG00000290920	0.305146285856145	0.119884130420021	1.55526012300961	0.778118276863873	161	194	59	38	209	262	44	31
ENSG00000196576.17	340242	chr22	50299772	50299872	8823877	0	-	INTRON	INTRON	protein_coding	PLXNB2	0.305146285856145	0.119749033064011	1.55582785278439	1.07462025465324	89	162	86	69	99	197	57	32
ENSG00000241484.11	335941	chr22	44800578	44800677	8728700	0	+	INTRON	INTRON	protein_coding	ARHGAP8	0.305146285856145	0.120066150276731	1.55449599907474	1.25095892278111	58	71	38	22	70	62	20	7
ENSG00000196576.17	340242	chr22	50300071	50300171	8823880	0	-	INTRON	INTRON	protein_coding	PLXNB2	0.305190869340083	0.120870266980909	1.55113111070336	0.654747462385698	89	162	160	243	99	197	143	153
ENSG00000241878.13	338332	chr22	31626670	31626770	8780312	0	-	INTRON	INTRON	protein_coding	PISD	0.305190869340083	0.120494428036888	1.55270164969266	0.889779563772539	449	427	28	56	318	251	15	16
ENSG00000070413.22	336826	chr22	19106157	19106257	8750101	0	-	INTRON	INTRON	protein_coding	DGCR2	0.305190869340083	0.120719599732257	1.55176025267099	1.04417809067655	383	343	23	17	177	132	2	5
ENSG00000197182.17	336127	chr22	46108466	46108566	8733727	0	+	INTRON	INTRON	lncRNA	MIRLET7BHG	0.307696277100496	0.122155634969101	1.54578858409155	1.20739688983361	19	105	71	193	52	210	104	97
ENSG00000100239.17	336422	chr22	50349144	50349244	8744432	0	+	INTRON	INTRON	protein_coding	PPP6R2	0.307696277100496	0.122391216750455	1.54481417853707	1.08644963185798	1060	579	21	32	485	258	10	5
ENSG00000241878.13	338332	chr22	31635341	31635440	8780399	0	-	INTRON	INTRON	protein_coding	PISD	0.310006667502869	0.123576540997707	1.53993359421763	0.833992235116889	449	427	39	38	318	251	24	9
ENSG00000197182.17	336126	chr22	46105597	46105691	8733698	0	+	EXON_LNCRNA	EXON_LNCRNA:INTRON	lncRNA	MIRLET7BHG	0.311431495558336	0.125074941808818	1.53381593426509	1.39244813442901	5	16	60	185	7	43	80	99
ENSG00000290920.2	337412	chr22	23388659	23388759	8760202	0	-	INTRON	INTRON	lncRNA	ENSG00000290920	0.311431495558336	0.12454777111238	1.53596171198805	0.673364140850756	161	194	44	43	209	262	42	33
ENSG00000100266.20	339621	chr22	42986430	42986530	8810866	0	-	INTRON	INTRON	protein_coding	PACSIN2	0.311431495558336	0.124682608954309	-1.53541219953607	-1.04948012925482	1501	2370	60	31	423	432	28	15
ENSG00000128191.18	332645	chr22	20105876	20105976	8665956	0	+	SS3_PROX	SS3_PROX:INTRON	protein_coding	DGCR8	0.311431495558336	0.1252147250183	1.53324814842011	1.50554361682902	60	93	21	13	45	44	6	3
ENSG00000241878.13	338332	chr22	31624876	31624976	8780294	0	-	INTRON	INTRON	protein_coding	PISD	0.313542093164338	0.126332681867762	1.52872479884454	0.791183804235919	449	427	55	45	318	251	11	22
ENSG00000290199.2	337529	chr22	23912217	23912317	8761831	0	-	INTRON	INTRON	lncRNA	ENSG00000290199	0.314449572270289	0.127099793201625	-1.52563900246513	-0.890012219695498	494	325	26	9	550	502	44	30
ENSG00000196576.17	340242	chr22	50307252	50307352	8823952	0	-	SS5_PROX	SS5_PROX:INTRON	protein_coding	PLXNB2	0.314449572270289	0.127508761264241	1.52399979955277	0.658691223634471	89	162	128	175	99	197	109	116
ENSG00000197182.17	336119	chr22	46094335	46094434	8733583	0	+	INTRON	INTRON	lncRNA	MIRLET7BHG	0.314449572270289	0.127406254579124	1.52441027653691	1.43073596682219	105	409	247	175	217	780	187	116
ENSG00000241878.13	338332	chr22	31639925	31640025	8780445	0	-	INTRON	INTRON	protein_coding	PISD	0.315060697246574	0.128027242094184	1.5219275224573	1.11372221198006	449	427	54	18	318	251	19	5
ENSG00000197182.17	336113	chr22	46081648	46081747	8733453	0	+	INTRON	INTRON	lncRNA	MIRLET7BHG	0.315222854507114	0.12878908588858	1.51889437199607	0.951101507543749	31	143	70	197	65	175	80	97
ENSG00000290920.2	337412	chr22	23385077	23385176	8760166	0	-	INTRON	INTRON	lncRNA	ENSG00000290920	0.315222854507114	0.128604295653877	1.51962879893566	0.57877215010729	161	194	67	61	209	262	51	60
ENSG00000197182.17	336111	chr22	46069688	46069788	8733333	0	+	INTRON	INTRON	lncRNA	MIRLET7BHG	0.315222854507114	0.128905565932462	1.51843185646853	0.978673633889844	118	500	20	40	212	751	20	29
ENSG00000197182.17	336113	chr22	46084019	46084118	8733477	0	+	INTRON	INTRON	lncRNA	MIRLET7BHG	0.316582367729364	0.129733496054043	1.51515365682947	1.15003804540786	31	143	52	187	65	175	67	60
ENSG00000197182.17	336111	chr22	46075971	46076070	8733396	0	+	INTRON	INTRON	lncRNA	MIRLET7BHG	0.317207351527539	0.130262125455467	1.51306902962302	1.16503054057887	118	500	81	248	212	751	102	83
ENSG00000196576.17	340242	chr22	50302265	50302365	8823902	0	-	INTRON	INTRON	protein_coding	PLXNB2	0.319452516282214	0.131458552662526	1.50837509795156	0.905331047672879	89	162	26	38	99	197	22	20
ENSG00000290920.2	337412	chr22	23388560	23388659	8760201	0	-	INTRON	INTRON	lncRNA	ENSG00000290920	0.320794003350616	0.132561783171517	1.50407606188692	0.867106870452513	161	194	67	30	209	262	37	30
ENSG00000100266.20	339621	chr22	43013620	43013720	8811138	0	-	INTRON	INTRON	protein_coding	PACSIN2	0.320794003350616	0.132512923405565	-1.50426586945766	-0.789727796530369	1501	2370	33	43	423	432	13	17
ENSG00000100413.18	339347	chr22	41534238	41534337	8805077	0	-	INTRON	INTRON	protein_coding	POLR3H	0.323292781552085	0.133872096828269	1.4990059178738	0.999739863479279	83	105	28	23	119	93	20	10
ENSG00000070413.22	336826	chr22	19106956	19107056	8750109	0	-	INTRON	INTRON	protein_coding	DGCR2	0.323383909312202	0.134187653090888	1.49779064128781	1.07485465868416	383	343	20	14	177	132	6	3
ENSG00000197077.15	333531	chr22	24953072	24953172	8679788	0	+	SS5_PROX	SS5_PROX:INTRON	protein_coding	KIAA1671	0.326513869308785	0.135766935348326	1.49174146131525	0.686007529576599	618	619	60	58	333	260	19	17
ENSG00000100345.24	338610	chr22	36352551	36352651	8792950	0	-	INTRON	INTRON	protein_coding	MYH9	0.333368844219016	0.139146891056688	1.47897539480593	0.71617841294135	295	301	39	28	187	166	15	10
ENSG00000100239.17	336427	chr22	50395431	50395531	8744898	0	+	INTRON	INTRON	protein_coding	PPP6R2	0.333368844219016	0.13919008444196	1.47881380786413	0.675763706953216	317	357	55	40	212	236	22	18
ENSG00000196576.17	340242	chr22	50303861	50303960	8823918	0	-	INTRON	INTRON	protein_coding	PLXNB2	0.338574416380505	0.141654416475349	1.46965795109324	0.683157487073118	89	162	38	67	99	197	31	46
ENSG00000241878.13	338332	chr22	31638530	31638630	8780431	0	-	INTRON	INTRON	protein_coding	PISD	0.338575568190374	0.141945770856445	1.46858358128855	0.721782421893479	449	427	44	28	318	251	13	13
ENSG00000290920.2	337412	chr22	23383186	23383285	8760147	0	-	INTRON	INTRON	lncRNA	ENSG00000290920	0.34141240035599	0.143428405304192	1.46314244638605	0.80487240879979	161	194	33	21	209	262	24	17
ENSG00000100266.20	339621	chr22	43001324	43001424	8811015	0	-	INTRON	INTRON	protein_coding	PACSIN2	0.341491597226629	0.144037201776728	-1.46092071227605	-0.900433953318439	1501	2370	36	27	423	432	8	17
ENSG00000196576.17	340242	chr22	50302365	50302464	8823903	0	-	INTRON	INTRON	protein_coding	PLXNB2	0.341491597226629	0.144048431476181	1.46087979844652	0.904921151915102	89	162	38	43	99	197	29	23
ENSG00000290920.2	337412	chr22	23388261	23388361	8760198	0	-	INTRON	INTRON	lncRNA	ENSG00000290920	0.342684060986249	0.144845840210683	1.45798078220392	0.575608019747409	161	194	49	48	209	262	38	46
ENSG00000197182.17	336111	chr22	46076669	46076768	8733403	0	+	INTRON	INTRON	lncRNA	MIRLET7BHG	0.343584238435492	0.145816678511283	1.45446771341947	1.09500777436727	118	500	141	381	212	751	169	145
ENSG00000197077.15	333531	chr22	24952772	24952872	8679785	0	+	SS5_ADJ	SS5_ADJ:SS5_PROX:INTRON	protein_coding	KIAA1671	0.343584238435492	0.14564175928326	1.45509934937529	0.694318792544088	618	619	80	52	333	260	22	17
ENSG00000197182.17	336111	chr22	46079461	46079561	8733431	0	+	INTRON	INTRON	lncRNA	MIRLET7BHG	0.343699509971814	0.146160874085952	1.45322650958759	1.00273719136536	118	500	131	438	212	751	172	187
ENSG00000100413.18	339347	chr22	41540398	41540498	8805139	0	-	SS5_PROX	SS5_PROX:INTRON	protein_coding	POLR3H	0.344273401350029	0.146700693358775	1.45128436420389	1.02671332080694	83	105	36	18	119	93	11	15
ENSG00000197182.17	336127	chr22	46108266	46108366	8733725	0	+	INTRON	INTRON	lncRNA	MIRLET7BHG	0.344500223904995	0.147093308660466	1.44987525584991	1.11548724999764	19	105	202	302	52	210	234	223
ENSG00000197182.17	336111	chr22	46078464	46078563	8733421	0	+	INTRON	INTRON	lncRNA	MIRLET7BHG	0.349303746597583	0.149744475560304	1.44043461760307	1.0674881867754	118	500	55	256	212	751	87	88
ENSG00000198911.14	335702	chr22	41848645	41848745	8723971	0	+	INTRON	INTRON	protein_coding	SREBF2	0.349303746597583	0.149600937895052	1.44094246477203	0.907710634517227	1896	1412	36	20	786	481	8	4
ENSG00000290920.2	337412	chr22	23379504	23379603	8760110	0	-	INTRON	INTRON	lncRNA	ENSG00000290920	0.35654039376608	0.153153090105705	1.4284822845012	0.836904897213893	161	194	36	19	209	262	24	17
ENSG00000290920.2	337412	chr22	23385375	23385475	8760169	0	-	INTRON	INTRON	lncRNA	ENSG00000290920	0.357335733867167	0.153801720504683	1.42623083936365	0.625478705676672	161	194	60	47	209	262	51	41
ENSG00000197182.17	336116	chr22	46085635	46085728	8733494	0	+	EXON_LNCRNA	EXON_LNCRNA:INTRON	lncRNA	MIRLET7BHG	0.358076592130714	0.15504347288134	1.42194067829458	1.99335633528585	0	2	63	207	0	4	73	85
ENSG00000290920.2	337412	chr22	23388759	23388858	8760203	0	-	INTRON	INTRON	lncRNA	ENSG00000290920	0.358076592130714	0.154468437712821	1.42392412366014	0.713225336648204	161	194	62	44	209	262	55	33
ENSG00000197077.15	333531	chr22	24953571	24953671	8679793	0	+	INTRON	INTRON	protein_coding	KIAA1671	0.358076592130714	0.154870244836392	1.42253759783177	0.784404310811778	618	619	46	30	333	260	8	11
ENSG00000196576.17	340242	chr22	50302564	50302664	8823905	0	-	INTRON	INTRON	protein_coding	PLXNB2	0.358277915607566	0.155746241664457	1.41952421721185	0.86465117498907	89	162	80	67	99	197	53	43
ENSG00000056487.18	339822	chr22	44980758	44980858	8817469	0	-	INTRON	INTRON	protein_coding	PHF21B	0.358277915607566	0.155665243751794	1.41980230493688	0.712911672464374	272	257	26	17	613	701	29	31
ENSG00000100239.17	336429	chr22	50407873	50407972	8745023	0	+	INTRON	INTRON	protein_coding	PPP6R2	0.359822516449402	0.156726817731827	1.41616630835423	0.714497816712376	194	169	38	34	242	136	31	17
ENSG00000100266.20	339621	chr22	42918354	42918454	8810185	0	-	INTRON	INTRON	protein_coding	PACSIN2	0.360890912331997	0.157502219471353	1.41352226523967	1.48524881939722	1501	2370	20	13	423	432	0	2
ENSG00000196576.17	340242	chr22	50303661	50303761	8823916	0	-	INTRON	INTRON	protein_coding	PLXNB2	0.36326835604421	0.158851884215209	1.40894347046517	0.952699546751768	89	162	91	65	99	197	58	38
ENSG00000197182.17	336113	chr22	46083130	46083229	8733468	0	+	INTRON	INTRON	lncRNA	MIRLET7BHG	0.367263087452892	0.160914239347917	1.40200337338319	1.19237041036842	31	143	31	28	65	175	17	24
ENSG00000290920.2	337412	chr22	23382589	23382688	8760141	0	-	INTRON	INTRON	lncRNA	ENSG00000290920	0.36791576175697	0.161832362559767	1.39893537753035	0.672800837951965	161	194	38	35	209	262	38	25
ENSG00000241878.13	338332	chr22	31630657	31630756	8780352	0	-	INTRON	INTRON	protein_coding	PISD	0.36791576175697	0.161608907940223	1.39968085975084	0.803220671281833	449	427	33	59	318	251	13	21
ENSG00000290920.2	337412	chr22	23384679	23384778	8760162	0	-	INTRON	INTRON	lncRNA	ENSG00000290920	0.368574271186329	0.1624386607548	1.39691657129798	0.78802583188959	161	194	47	41	209	262	51	23
ENSG00000196576.17	340242	chr22	50292891	50292991	8823808	0	-	INTRON	INTRON	protein_coding	PLXNB2	0.377141895952617	0.166538603539214	1.38341190082659	0.786190429557011	89	162	44	49	99	197	33	32
ENSG00000197182.17	336126	chr22	46105786	46105880	8733700	0	+	EXON_LNCRNA	EXON_LNCRNA:INTRON	lncRNA	MIRLET7BHG	0.381539064044161	0.168808091050466	1.37604374255589	1.31399523330786	5	16	54	112	7	43	64	75
ENSG00000100266.20	339621	chr22	42985730	42985830	8810859	0	-	INTRON	INTRON	protein_coding	PACSIN2	0.387414056890423	0.171740252023589	-1.36663337035635	-0.974574706823308	1501	2370	65	25	423	432	20	17
ENSG00000197182.17	336119	chr22	46089749	46089849	8733537	0	+	INTRON	INTRON	lncRNA	MIRLET7BHG	0.39145935321081	0.173869832998272	1.35987389560774	1.06930868215111	105	409	13	80	217	780	35	32
ENSG00000197182.17	336111	chr22	46071682	46071782	8733353	0	+	INTRON	INTRON	lncRNA	MIRLET7BHG	0.392325541261058	0.175510304157642	1.35470895339195	0.851473865172598	118	500	246	878	212	751	339	458
ENSG00000100426.9	336279	chr22	49854189	49854289	8742641	0	+	SS5_PROX	SS5_PROX:INTRON	protein_coding	ZBED4	0.392325541261058	0.175933395876407	1.35338271712069	0.536045594833816	373	271	105	86	204	119	35	29
ENSG00000241878.13	338332	chr22	31636138	31636238	8780407	0	-	INTRON	INTRON	protein_coding	PISD	0.392325541261058	0.17577278270038	1.35388589971007	0.801538994973865	449	427	34	59	318	251	11	23
ENSG00000100266.20	339621	chr22	42947744	42947844	8810479	0	-	INTRON	INTRON	protein_coding	PACSIN2	0.392325541261058	0.175939804586144	1.35336264647925	1.20915230653134	1501	2370	38	26	423	432	0	5
ENSG00000100266.20	339621	chr22	42947344	42947444	8810475	0	-	INTRON	INTRON	protein_coding	PACSIN2	0.392325541261058	0.175268586362064	1.35546772016215	1.31038999395002	1501	2370	20	17	423	432	0	3
ENSG00000290920.2	337412	chr22	23387067	23387166	8760186	0	-	INTRON	INTRON	lncRNA	ENSG00000290920	0.400345450452666	0.180046882033626	1.34061069808942	0.637622240033669	161	194	113	76	209	262	98	64
ENSG00000100239.17	336427	chr22	50398120	50398220	8744925	0	+	INTRON	INTRON	protein_coding	PPP6R2	0.400345450452666	0.180568179972208	1.33900765774316	0.72405477008698	317	357	109	58	212	236	46	24
ENSG00000198911.14	335702	chr22	41841051	41841151	8723895	0	+	INTRON	INTRON	protein_coding	SREBF2	0.400345450452666	0.180352889183994	-1.33966927995951	-0.653340026139432	1896	1412	57	26	786	481	26	19
ENSG00000100266.20	339621	chr22	43013820	43013920	8811140	0	-	INTRON	INTRON	protein_coding	PACSIN2	0.402289416680151	0.182018723063174	-1.33456511165032	-0.719120741309639	1501	2370	76	66	423	432	31	23
ENSG00000197182.17	336111	chr22	46078863	46078962	8733425	0	+	INTRON	INTRON	lncRNA	MIRLET7BHG	0.402289416680151	0.182136187792474	1.33420650639919	0.948157847645581	118	500	47	200	212	751	76	82
ENSG00000196576.17	340242	chr22	50305157	50305257	8823931	0	-	INTRON	INTRON	protein_coding	PLXNB2	0.404385386602031	0.18343254649989	1.33026022758718	0.622713662370325	89	162	39	63	99	197	31	47
ENSG00000100266.20	339621	chr22	42947844	42947944	8810480	0	-	INTRON	INTRON	protein_coding	PACSIN2	0.404933218107952	0.184028928160744	1.32845170467023	0.870358649126843	1501	2370	30	41	423	432	4	5
ENSG00000170638.11	336380	chr22	50189707	50189806	8744053	0	+	INTRON	INTRON	protein_coding	TRABD	0.406947041933636	0.18579036794213	1.32313535860886	1.21213514888395	13	32	70	64	9	28	22	28
ENSG00000197077.15	333531	chr22	24955470	24955570	8679812	0	+	INTRON	INTRON	protein_coding	KIAA1671	0.406947041933636	0.185887648607525	1.32284283608042	0.726241507923827	618	619	49	28	333	260	11	10
ENSG00000100413.18	339347	chr22	41540098	41540198	8805136	0	-	INTRON	INTRON	protein_coding	POLR3H	0.406947041933636	0.185992977928431	1.32252623885812	0.939202027964957	83	105	34	21	119	93	24	10
ENSG00000197182.17	336115	chr22	46085347	46085441	8733491	0	+	SSB_PROX	SSB_PROX:SS3_PROX:SS5_PROX:INTRON	lncRNA	MIRLET7BHG	0.408290103659624	0.187311283815859	1.31857485746503	1.68340691952087	0	7	34	122	4	13	48	40
ENSG00000290920.2	337412	chr22	23385972	23386072	8760175	0	-	INTRON	INTRON	lncRNA	ENSG00000290920	0.408290103659624	0.187659111218126	1.3175357342364	0.579438168916829	161	194	73	51	209	262	57	51
ENSG00000241878.13	338332	chr22	31633148	31633248	8780377	0	-	INTRON	INTRON	protein_coding	PISD	0.408290103659624	0.187136800006305	1.31909665892895	0.790590035486048	449	427	21	35	318	251	8	13
ENSG00000197182.17	336111	chr22	46075272	46075372	8733389	0	+	INTRON	INTRON	lncRNA	MIRLET7BHG	0.408368178894582	0.188108474951043	1.31619537707083	0.865897451560513	118	500	60	185	212	751	84	97
ENSG00000100345.24	338610	chr22	36366832	36366932	8793093	0	-	INTRON	INTRON	protein_coding	MYH9	0.408368178894582	0.188396659850851	-1.31533702533357	-0.634003908154338	295	301	31	17	187	166	20	19
ENSG00000056487.18	339822	chr22	44975461	44975561	8817416	0	-	INTRON	INTRON	protein_coding	PHF21B	0.408790815611336	0.188942834019673	1.31371291227632	0.742596574196433	272	257	28	13	613	701	29	26
ENSG00000099917.18	332714	chr22	20508146	20508246	8666648	0	+	SS5_PROX	SS5_PROX:INTRON	protein_coding	MED15	0.409426339520519	0.189588313575223	-1.31179795958521	-0.995449010078404	114	117	28	7	104	90	29	20
ENSG00000170638.11	336380	chr22	50187236	50187335	8744028	0	+	INTRON	INTRON	protein_coding	TRABD	0.410752970360967	0.19055550171385	1.30893756180558	1.0705734406317	13	32	41	63	9	28	15	27
ENSG00000197077.15	333531	chr22	24953671	24953771	8679794	0	+	INTRON	INTRON	protein_coding	KIAA1671	0.412412961620365	0.191679907419775	1.30562560817991	0.96622772398771	618	619	34	40	333	260	2	14
ENSG00000197182.17	336111	chr22	46073078	46073178	8733367	0	+	INTRON	INTRON	lncRNA	MIRLET7BHG	0.416606965558828	0.194345001974608	1.29783220053564	0.867092465633261	118	500	99	271	212	751	129	144
ENSG00000241878.13	338332	chr22	31628265	31628364	8780328	0	-	INTRON	INTRON	protein_coding	PISD	0.416606965558828	0.194331051119173	1.29787279138805	0.73061006185622	449	427	31	23	318	251	6	12
ENSG00000197077.15	333531	chr22	24953371	24953471	8679791	0	+	INTRON	INTRON	protein_coding	KIAA1671	0.416842210427965	0.194812854358087	1.29647219229689	0.614739704693285	618	619	92	59	333	260	29	19
ENSG00000100266.20	339621	chr22	42986930	42987029	8810871	0	-	INTRON	INTRON	protein_coding	PACSIN2	0.418710464765705	0.196045707300094	-1.29289982718199	-0.812420457276226	1501	2370	34	23	423	432	8	13
ENSG00000241484.11	335941	chr22	44800777	44800877	8728702	0	+	INTRON	INTRON	protein_coding	ARHGAP8	0.420323725349625	0.197391242753237	1.28901968607263	0.861890740462367	58	71	28	48	70	62	20	23
ENSG00000100239.17	336465	chr22	50441426	50441526	8745380	0	+	SS5_PROX	SS5_PROX:INTRON	protein_coding	PPP6R2	0.420323725349625	0.197523262685777	1.2886400225246	1.06405726431963	33	68	36	23	75	66	26	14
ENSG00000197182.17	336113	chr22	46082142	46082241	8733458	0	+	INTRON	INTRON	lncRNA	MIRLET7BHG	0.421427821240702	0.198766214657341	1.28507460540511	1.07532220319706	31	143	55	60	65	175	42	36
ENSG00000100266.20	339621	chr22	43008722	43008822	8811089	0	-	INTRON	INTRON	protein_coding	PACSIN2	0.421427821240702	0.19840840682818	-1.28609930450326	-0.786111799952787	1501	2370	26	27	423	432	13	9
ENSG00000241878.13	338332	chr22	31627069	31627168	8780316	0	-	INTRON	INTRON	protein_coding	PISD	0.422791833746532	0.199772773677485	1.282199208877	0.675445760984981	449	427	25	38	318	251	17	12
ENSG00000100345.24	338610	chr22	36387706	36387806	8793302	0	-	SS5_ADJ	SS5_ADJ:SS5_PROX:INTRON	protein_coding	MYH9	0.425913008627489	0.201613460269541	1.27696823992098	0.497851863667474	295	301	102	74	187	166	42	32
ENSG00000196576.17	340242	chr22	50296780	50296880	8823847	0	-	INTRON	INTRON	protein_coding	PLXNB2	0.428606814381061	0.205828339654028	1.26511992969811	0.802284505816638	89	162	84	56	99	197	48	49
ENSG00000197182.17	336111	chr22	46070585	46070685	8733342	0	+	INTRON	INTRON	lncRNA	MIRLET7BHG	0.428606814381061	0.203411788197275	1.27189117397325	0.559472440469284	118	500	84	314	212	751	116	285
ENSG00000100425.21	340009	chr22	49815953	49816053	8822452	0	-	INTRON	INTRON	protein_coding	BRD1	0.428606814381061	0.205748650344365	1.26534229725652	0.508927154164316	348	252	150	67	285	184	69	43
ENSG00000100239.17	336465	chr22	50442009	50442106	8745386	0	+	INTRON	INTRON	protein_coding	PPP6R2	0.428606814381061	0.205834372198465	1.26510309884311	0.965019734692327	33	68	21	25	75	66	19	15
ENSG00000196576.17	340242	chr22	50297678	50297778	8823856	0	-	INTRON	INTRON	protein_coding	PLXNB2	0.428606814381061	0.205281393358789	1.26664740671063	0.779532543250343	89	162	20	23	99	197	13	17
ENSG00000099991.19	333313	chr22	24156503	24156603	8675740	0	+	INTRON	INTRON	protein_coding	CABIN1	0.428606814381061	0.204021735662057	1.27017658670644	0.812404455754466	77	98	30	33	59	79	10	18
ENSG00000100266.20	339621	chr22	42947244	42947344	8810474	0	-	INTRON	INTRON	protein_coding	PACSIN2	0.428606814381061	0.205527250503651	1.2659604269708	1.16651877756477	1501	2370	20	20	423	432	0	3
ENSG00000100345.24	338610	chr22	36387606	36387706	8793301	0	-	SS5_PROX	SS5_PROX:INTRON	protein_coding	MYH9	0.428606814381061	0.204019900810921	1.27018173894998	0.538258310357647	295	301	86	113	187	166	29	49
ENSG00000100266.20	339621	chr22	42987129	42987229	8810873	0	-	INTRON	INTRON	protein_coding	PACSIN2	0.435428579162009	0.209484539803028	-1.25498407851627	-0.711929303872457	1501	2370	63	54	423	432	13	29
ENSG00000196576.17	340242	chr22	50307052	50307152	8823950	0	-	SS5_PROX	SS5_PROX:INTRON	protein_coding	PLXNB2	0.435492506377641	0.209949384228502	1.25370463056712	0.680064259011872	89	162	71	84	99	197	62	53
ENSG00000241878.13	338332	chr22	31630457	31630557	8780350	0	-	INTRON	INTRON	protein_coding	PISD	0.435492506377641	0.210263564075803	1.25284103607887	0.537985276942731	449	427	126	76	318	251	44	41
ENSG00000196576.17	340242	chr22	50292991	50293091	8823809	0	-	INTRON	INTRON	protein_coding	PLXNB2	0.438265778493089	0.211979066401726	1.24814198175834	0.673348728840869	89	162	36	45	99	197	28	33
ENSG00000196576.17	340242	chr22	50292792	50292891	8823807	0	-	INTRON	INTRON	protein_coding	PLXNB2	0.438559099625834	0.212874477052059	1.24570020858721	0.714667863577721	89	162	30	32	99	197	15	28
ENSG00000100266.20	339618	chr22	42908436	42908535	8810085	0	-	INTRON	INTRON	protein_coding	PACSIN2	0.438559099625834	0.212835622666797	1.24580600987637	1.27013900851015	44	146	31	18	39	58	4	8
ENSG00000197182.17	336111	chr22	46077167	46077267	8733408	0	+	INTRON	INTRON	lncRNA	MIRLET7BHG	0.44163764226376	0.214748200619663	1.24061447889011	0.877533867495232	118	500	149	316	212	751	176	176
ENSG00000056487.18	339822	chr22	44973462	44973562	8817396	0	-	INTRON	INTRON	protein_coding	PHF21B	0.443537422844631	0.216053022983596	1.23709174801219	0.615528287890359	272	257	21	16	613	701	31	28
ENSG00000196576.17	340242	chr22	50300969	50301068	8823889	0	-	INTRON	INTRON	protein_coding	PLXNB2	0.445038007951752	0.217308522250017	1.23371661018537	0.589366146767428	89	162	125	133	99	197	100	102
ENSG00000100239.17	336427	chr22	50404793	50404893	8744992	0	+	INTRON	INTRON	protein_coding	PPP6R2	0.445038007951752	0.217548648216964	1.2330726826684	0.649564840681282	317	357	44	33	212	236	24	12
ENSG00000241878.13	338332	chr22	31628065	31628165	8780326	0	-	INTRON	INTRON	protein_coding	PISD	0.445729917480819	0.219035663916691	1.2290964022513	0.686850590721855	449	427	23	41	318	251	13	14
ENSG00000241878.13	338332	chr22	31632650	31632750	8780372	0	-	INTRON	INTRON	protein_coding	PISD	0.445729917480819	0.219024612620926	1.22912588178168	0.546147948465719	449	427	50	38	318	251	20	18
ENSG00000241484.11	335938	chr22	44765500	44765600	8728348	0	+	INTRON	INTRON	protein_coding	ARHGAP8	0.445729917480819	0.218298549973766	1.23106501232614	0.926955235345698	256	199	31	11	199	162	2	10
ENSG00000100239.17	336427	chr22	50402303	50402403	8744967	0	+	INTRON	INTRON	protein_coding	PPP6R2	0.447904869674665	0.220489252855312	1.22522819823358	0.650664618293172	317	357	30	20	212	236	11	10
ENSG00000196576.17	340242	chr22	50291196	50291296	8823791	0	-	INTRON	INTRON	protein_coding	PLXNB2	0.448561925535939	0.221198062936107	1.22334858757995	0.700541312067967	89	162	30	46	99	197	29	27
ENSG00000100330.17	334020	chr22	29883559	29883659	8695401	0	+	SS5_PROX	SS5_PROX:INTRON	protein_coding	MTMR3	0.450817693457832	0.222697743761386	-1.21938594020912	-0.511313100940927	1260	948	167	102	423	217	66	40
ENSG00000100345.24	338610	chr22	36374822	36374922	8793173	0	-	INTRON	INTRON	protein_coding	MYH9	0.454815647636753	0.225063413263548	1.2131737100343	0.670789578344556	295	301	59	27	187	166	11	16
ENSG00000241878.13	338332	chr22	31628464	31628564	8780330	0	-	INTRON	INTRON	protein_coding	PISD	0.456595441125176	0.226635880543395	1.20907019014184	0.60426858306943	449	427	42	26	318	251	17	12
ENSG00000100266.20	339621	chr22	42984730	42984830	8810849	0	-	INTRON	INTRON	protein_coding	PACSIN2	0.456595441125176	0.226728664063876	-1.20882869731424	-0.693259491785943	1501	2370	28	30	423	432	11	11
ENSG00000100266.20	339621	chr22	42991628	42991728	8810918	0	-	INTRON	INTRON	protein_coding	PACSIN2	0.457578278615199	0.227609813847251	-1.20653878480935	-0.728556623935177	1501	2370	20	25	423	432	6	10
ENSG00000241484.11	335938	chr22	44756918	44757018	8728262	0	+	INTRON	INTRON	protein_coding	ARHGAP8	0.460068203416463	0.229243606513358	-1.20230958026833	-0.552773653633188	256	199	26	20	199	162	37	21
ENSG00000197182.17	336118	chr22	46085912	46085994	8733498	0	+	EXON_LNCRNA	EXON_LNCRNA:INTRON	lncRNA	MIRLET7BHG	0.461513330516153	0.230360176142513	1.19943157503649	0.971955791166946	5	16	107	269	5	20	96	112
ENSG00000197182.17	336111	chr22	46073278	46073378	8733369	0	+	INTRON	INTRON	lncRNA	MIRLET7BHG	0.464167075708936	0.232083537854468	1.19500893841898	0.858982034852616	118	500	75	142	212	751	87	85
ENSG00000241878.13	338332	chr22	31631354	31631454	8780359	0	-	INTRON	INTRON	protein_coding	PISD	0.471692888186654	0.23625167853335	1.18440778870696	0.614497863871866	449	427	59	38	318	251	31	13
ENSG00000196576.17	340242	chr22	50304160	50304259	8823921	0	-	INTRON	INTRON	protein_coding	PLXNB2	0.472260351538416	0.238027374429537	1.17993171578254	0.6975426348034	89	162	105	97	99	197	85	62
ENSG00000197182.17	336111	chr22	46077068	46077167	8733407	0	+	INTRON	INTRON	lncRNA	MIRLET7BHG	0.472260351538416	0.237577764865797	1.18106282926235	0.770705231315987	118	500	163	366	212	751	199	239
ENSG00000100239.17	336427	chr22	50397324	50397423	8744917	0	+	INTRON	INTRON	protein_coding	PPP6R2	0.472260351538416	0.238158785526676	1.17960140087242	0.846029537949169	317	357	62	18	212	236	20	9
ENSG00000100239.17	336429	chr22	50406975	50407075	8745014	0	+	SS5_PROX	SS5_PROX:INTRON	protein_coding	PPP6R2	0.472260351538416	0.23721809479102	1.18196876491575	0.657562327926002	194	169	23	27	242	136	19	15
ENSG00000056487.18	339822	chr22	45007244	45007344	8817734	0	-	INTRON	INTRON	protein_coding	PHF21B	0.472298200911661	0.24061919454808	1.1734405238729	0.541227365813027	272	257	38	27	613	701	46	57
ENSG00000290920.2	337412	chr22	23382390	23382489	8760139	0	-	INTRON	INTRON	lncRNA	ENSG00000290920	0.472298200911661	0.240700952813122	1.17323656468228	0.756378547647299	161	194	62	25	209	262	44	23
ENSG00000197182.17	336126	chr22	46105880	46105975	8733701	0	+	EXON_LNCRNA	EXON_LNCRNA:INTRON	lncRNA	MIRLET7BHG	0.472298200911661	0.239684554544503	1.17577561163535	1.19969483764425	5	16	44	102	7	43	64	61
ENSG00000290920.2	337412	chr22	23388958	23389057	8760205	0	-	INTRON	INTRON	lncRNA	ENSG00000290920	0.472298200911661	0.240331399322949	1.17415886417042	0.762532791589802	161	194	96	33	209	262	58	38
ENSG00000100266.20	339621	chr22	43008922	43009021	8811091	0	-	INTRON	INTRON	protein_coding	PACSIN2	0.472298200911661	0.240059319819656	-1.17483853544284	-0.866161136985737	1501	2370	46	18	423	432	15	10
ENSG00000100239.17	336422	chr22	50366824	50366924	8744609	0	+	INTRON	INTRON	protein_coding	PPP6R2	0.472298200911661	0.241018154073477	1.17244571653277	0.65029275736998	1060	579	36	23	485	258	15	5
ENSG00000197182.17	336119	chr22	46095929	46096029	8733599	0	+	INTRON	INTRON	lncRNA	MIRLET7BHG	0.472298200911661	0.238609818138014	1.17846866310898	1.09171832381924	105	409	241	183	217	780	234	146
ENSG00000056487.18	339822	chr22	44990153	44990253	8817563	0	-	INTRON	INTRON	protein_coding	PHF21B	0.474871075534435	0.24314704554856	1.16715681890493	0.572385844798206	272	257	20	16	613	701	26	30
ENSG00000100266.20	339621	chr22	42924452	42924552	8810246	0	-	INTRON	INTRON	protein_coding	PACSIN2	0.474871075534435	0.24312557191457	1.16721000387118	1.14112015425814	1501	2370	28	14	423	432	0	3
ENSG00000100207.21	339471	chr22	42269838	42269938	8807138	0	-	SS5_PROX	SS5_PROX:INTRON	protein_coding	TCF20	0.476210464394615	0.244241964985898	1.16444933315591	0.501239322846691	890	780	250	170	430	360	60	74
ENSG00000070413.22	336826	chr22	19121527	19121627	8750255	0	-	INTRON	INTRON	protein_coding	DGCR2	0.478122680433468	0.246005863840176	1.16010547869745	0.599930122409645	383	343	33	28	177	132	8	9
ENSG00000100266.20	339621	chr22	42955741	42955841	8810559	0	-	INTRON	INTRON	protein_coding	PACSIN2	0.478122680433468	0.246044231597635	-1.16001123570189	-0.723159087229847	1501	2370	20	35	423	432	6	14
ENSG00000100364.20	339854	chr22	45240139	45240239	8818559	0	-	SS5_PROX	SS5_PROX:INTRON	protein_coding	KIAA0930	0.480174723782951	0.247512744218016	1.15641183193104	1.02508148444041	81	82	30	23	62	47	2	13
ENSG00000197182.17	336111	chr22	46073378	46073477	8733370	0	+	INTRON	INTRON	lncRNA	MIRLET7BHG	0.480866214679956	0.248625249066172	1.15369496454793	0.996567134218126	118	500	84	146	212	751	100	59
ENSG00000197077.15	333531	chr22	24975959	24976059	8680017	0	+	INTRON	INTRON	protein_coding	KIAA1671	0.480866214679956	0.248695413434135	1.15352390028084	0.86122931375178	618	619	26	15	333	260	11	3
ENSG00000054611.15	336250	chr22	46824397	46824497	8736486	0	+	INTRON	INTRON	protein_coding	TBC1D22A	0.481200801449099	0.249281858482652	1.15209543579555	0.957767714415591	108	208	21	12	87	115	4	7
ENSG00000197182.17	336115	chr22	46085535	46085635	8733493	0	+	SS3_ADJ	SS3_ADJ:SSB_PROX:SS3_PROX:SS5_PROX:INTRON	lncRNA	MIRLET7BHG	0.48368605079557	0.250984857972959	1.14796053057767	1.39340371722247	0	7	44	175	4	13	75	71
ENSG00000099910.18	337203	chr22	20492895	20492993	8756081	0	-	INTRON	INTRON	protein_coding	KLHL22	0.49120243556625	0.255307107832974	1.13755317677086	0.678658242780343	130	162	34	21	135	140	19	14
ENSG00000197182.17	336111	chr22	46077766	46077865	8733414	0	+	INTRON	INTRON	lncRNA	MIRLET7BHG	0.491612911109756	0.256287737557965	1.13520905231099	1.00115039038192	118	500	68	85	212	751	71	42
ENSG00000198792.14	338950	chr22	38272783	38272883	8797738	0	-	SS5_ADJ	SS5_ADJ:SS5_PROX:INTRON	protein_coding	TMEM184B	0.491612911109756	0.256365152099331	1.13502426400056	0.749441164171781	138	209	39	31	110	79	13	10
ENSG00000197182.17	336113	chr22	46081055	46081155	8733447	0	+	SS5_PROX	SS5_PROX:INTRON	lncRNA	MIRLET7BHG	0.492815838978317	0.257959383744799	1.13122742012624	0.826791175932896	31	143	141	172	65	175	131	112
ENSG00000290920.2	337412	chr22	23387166	23387266	8760187	0	-	INTRON	INTRON	lncRNA	ENSG00000290920	0.492815838978317	0.258262596028156	1.13050712940608	0.532275795009027	161	194	55	43	209	262	55	37
ENSG00000241484.11	335938	chr22	44760910	44761009	8728302	0	+	INTRON	INTRON	protein_coding	ARHGAP8	0.492815838978317	0.258211734926853	1.13062791067616	0.562611643858677	256	199	28	20	199	162	13	12
ENSG00000100266.20	339621	chr22	42991428	42991528	8810916	0	-	INTRON	INTRON	protein_coding	PACSIN2	0.495851898410072	0.260279647704943	-1.12573041020097	-0.622932790092686	1501	2370	63	49	423	432	15	23
ENSG00000198792.14	338950	chr22	38272383	38272483	8797734	0	-	SS5_PROX	SS5_PROX:INTRON	protein_coding	TMEM184B	0.496251910785239	0.26091595309327	1.12422885067562	0.7168538637948	138	209	38	36	110	79	13	12
ENSG00000290920.2	337414	chr22	23397247	23397346	8760289	0	-	INTRON	INTRON	lncRNA	ENSG00000290920	0.497868798361539	0.262193791576996	1.12122102676397	0.976408542046408	87	180	50	29	74	218	28	18
ENSG00000056487.18	339822	chr22	45008344	45008444	8817745	0	-	SS5_PROX	SS5_PROX:INTRON	protein_coding	PHF21B	0.498253167342902	0.262824265247888	1.11974072473256	0.481170831179201	272	257	42	34	613	701	73	62
ENSG00000056487.18	339822	chr22	44980858	44980958	8817470	0	-	INTRON	INTRON	protein_coding	PHF21B	0.506135070078811	0.268567868802705	-1.10636661645825	-0.600624639822946	272	257	7	11	613	701	38	33
ENSG00000241878.13	338332	chr22	31630158	31630258	8780347	0	-	INTRON	INTRON	protein_coding	PISD	0.506135070078811	0.268904029702194	1.10558997775198	0.546095172411589	449	427	55	90	318	251	31	35
ENSG00000291035.2	339507	chr22	42568412	42568511	8807977	0	-	INTRON	INTRON	lncRNA	RRP7BP	0.506135070078811	0.267917681903255	1.10787065183436	0.617545111932127	293	307	25	15	207	209	13	7
ENSG00000198792.14	338950	chr22	38272683	38272783	8797737	0	-	SS5_PROX	SS5_PROX:INTRON	protein_coding	TMEM184B	0.506135070078811	0.267502980545532	1.10883126414828	0.674229563017907	138	209	44	48	110	79	13	18
ENSG00000100239.17	336465	chr22	50441622	50441719	8745382	0	+	INTRON	INTRON	protein_coding	PPP6R2	0.506135070078811	0.269156020943972	1.10500823476985	0.808960448343079	33	68	30	28	75	66	24	22
ENSG00000170638.11	336381	chr22	50190694	50190792	8744063	0	+	UTR5	UTR5:EXON_MRNA:INTRON	protein_coding	TRABD	0.507766685796318	0.272048047415522	1.09835833722451	0.96018186645992	7	29	41	72	10	20	24	26
ENSG00000100266.20	339621	chr22	43014520	43014620	8811147	0	-	SS5_PROX	SS5_PROX:INTRON	protein_coding	PACSIN2	0.507766685796318	0.27099964832452	-1.1007633919909	-0.585606376938756	1501	2370	267	178	423	432	80	68
ENSG00000100345.24	338610	chr22	36367831	36367931	8793103	0	-	INTRON	INTRON	protein_coding	MYH9	0.507766685796318	0.272641046926717	1.09700078961373	0.565444282856674	295	301	60	28	187	166	19	15
ENSG00000070413.22	336826	chr22	19116936	19117036	8750209	0	-	INTRON	INTRON	protein_coding	DGCR2	0.507766685796318	0.271847451823284	-1.09881801706338	-0.497644128543123	383	343	55	30	177	132	22	23
ENSG00000294008.1	338188	chr22	30906134	30906233	8778706	0	-	INTRON	INTRON	lncRNA	ENSG00000294008	0.507766685796318	0.271027214238909	1.10070007355394	0.8331909472216	70	33	26	15	54	38	17	7
ENSG00000198911.14	335702	chr22	41833458	41833558	8723819	0	+	SS5_PROX	SS5_PROX:INTRON	protein_coding	SREBF2	0.507766685796318	0.272435613059714	1.09747085826215	0.685981205414453	1896	1412	100	133	786	481	19	35
ENSG00000290418.2	332343	chr22	16609468	16609567	8659050	0	+	INTRON	INTRON	lncRNA	TPTEP1	0.507868872442413	0.273132228650301	-1.09587786131168	-0.576337158407474	136	130	34	38	77	69	35	27
ENSG00000241878.13	338332	chr22	31627268	31627368	8780318	0	-	INTRON	INTRON	protein_coding	PISD	0.508339166360445	0.273821870539518	1.09430354618181	0.517082858191647	449	427	34	43	318	251	19	18
ENSG00000196576.17	340242	chr22	50305356	50305456	8823933	0	-	INTRON	INTRON	protein_coding	PLXNB2	0.510140619854597	0.275318740147485	1.0908957892784	0.576519352045332	89	162	62	63	99	197	46	53
ENSG00000184470.21	337057	chr22	19888339	19888438	8753923	0	-	INTRON	INTRON	protein_coding	TXNRD2	0.510140619854597	0.275668771381908	1.09010073771615	1.10779553659802	29	77	20	25	15	69	10	8
ENSG00000241484.11	335938	chr22	44764801	44764901	8728341	0	+	INTRON	INTRON	protein_coding	ARHGAP8	0.511310950879263	0.276740463104756	1.08767079941932	0.52014922047933	256	199	28	35	199	162	22	16
ENSG00000170638.11	336380	chr22	50186545	50186643	8744021	0	+	INTRON	INTRON	protein_coding	TRABD	0.511886548452094	0.277491762949546	1.08597113506648	0.958233253203083	13	32	55	65	9	28	26	26
ENSG00000128191.18	332645	chr22	20101583	20101683	8665913	0	+	INTRON	INTRON	protein_coding	DGCR8	0.512752904907017	0.278401920877349	-1.08391627942518	-0.86966688649631	60	93	20	10	45	44	15	15
ENSG00000196576.17	340242	chr22	50298077	50298177	8823860	0	-	INTRON	INTRON	protein_coding	PLXNB2	0.514323000366225	0.279696270817715	1.08100189471024	0.861090096590384	89	162	42	21	99	197	24	18
ENSG00000100345.24	338610	chr22	36373024	36373124	8793155	0	-	INTRON	INTRON	protein_coding	MYH9	0.514557042798052	0.281149724415431	-1.0777401745567	-0.656101976370858	295	301	34	12	187	166	28	13
ENSG00000128283.8	334790	chr22	37560588	37560688	8709912	0	+	SS5_ADJ	SS5_ADJ:SS5_PROX:INTRON	protein_coding	CDC42EP1	0.514557042798052	0.28103218908953	1.07800351144103	0.765540453763123	38	43	73	66	17	22	26	17
ENSG00000100266.20	339621	chr22	42937248	42937348	8810374	0	-	INTRON	INTRON	protein_coding	PACSIN2	0.514557042798052	0.281042989265647	-1.0779793106206	-0.6862770692457	1501	2370	21	18	423	432	6	8
ENSG00000100207.21	339471	chr22	42269638	42269738	8807136	0	-	INTRON	INTRON	protein_coding	TCF20	0.514571024252926	0.281599435093741	1.07673329097804	0.414740720889128	890	780	125	105	430	360	42	39
ENSG00000196576.17	340242	chr22	50304559	50304658	8823925	0	-	INTRON	INTRON	protein_coding	PLXNB2	0.515820219056774	0.284364019366294	1.07056733077062	0.702694687127052	89	162	89	68	99	197	69	46
ENSG00000196576.17	340242	chr22	50292692	50292792	8823806	0	-	INTRON	INTRON	protein_coding	PLXNB2	0.515820219056774	0.284301548051057	1.07070621356849	0.725142179297138	89	162	54	35	99	197	33	31
ENSG00000056487.18	339822	chr22	44995750	44995850	8817619	0	-	INTRON	INTRON	protein_coding	PHF21B	0.515820219056774	0.284941925131878	-1.06928354017748	-0.53472243001001	272	257	10	15	613	701	49	44
ENSG00000100266.20	339621	chr22	42980432	42980532	8810806	0	-	INTRON	INTRON	protein_coding	PACSIN2	0.515820219056774	0.283516731065918	-1.07245273820615	-0.56386100710851	1501	2370	254	196	423	432	87	62
ENSG00000070413.22	336826	chr22	19114541	19114640	8750185	0	-	INTRON	INTRON	protein_coding	DGCR2	0.515820219056774	0.28329626522539	1.07294394980232	0.648647945689691	383	343	23	18	177	132	4	6
ENSG00000100266.20	339621	chr22	42964638	42964738	8810648	0	-	INTRON	INTRON	protein_coding	PACSIN2	0.515820219056774	0.284617023485705	1.07000507694179	0.868987755209436	1501	2370	21	21	423	432	4	3
ENSG00000186716.22	333081	chr22	23218418	23218518	8671645	0	+	INTRON	INTRON	protein_coding	BCR	0.516221037479894	0.285606828296436	1.0678086657375	0.651183598000126	293	466	31	21	159	200	8	8
ENSG00000100207.21	339471	chr22	42270238	42270338	8807142	0	-	SS5_ADJ	SS5_ADJ:SS5_PROX:INTRON	protein_coding	TCF20	0.517301315661916	0.287013446714898	1.06469616361907	0.420476088913025	890	780	110	99	430	360	37	36
ENSG00000196576.17	340242	chr22	50306752	50306852	8823947	0	-	INTRON	INTRON	protein_coding	PLXNB2	0.517301315661916	0.287093341853606	1.06451968470939	0.682188838942847	89	162	34	38	99	197	31	23
ENSG00000128245.16	334491	chr22	31944920	31945020	8705427	0	+	SS5_PROX	SS5_PROX:INTRON	protein_coding	YWHAH	0.517644436498762	0.287728479737714	-1.06311791796743	-0.768430373547912	46	113	42	38	35	52	38	39
ENSG00000188677.15	335863	chr22	44027250	44027350	8726071	0	+	INTRON	INTRON	protein_coding	PARVB	0.518599742797881	0.288705011454491	1.06096675149738	0.592828669133974	215	287	20	21	207	180	8	12
ENSG00000290199.2	337529	chr22	23912417	23912517	8761833	0	-	INTRON	INTRON	lncRNA	ENSG00000290199	0.519897877450745	0.289874332015063	-1.05839733918609	-0.682759149199814	494	325	36	9	550	502	48	33
ENSG00000100345.24	338610	chr22	36367232	36367332	8793097	0	-	INTRON	INTRON	protein_coding	MYH9	0.522216683186994	0.291670939698084	1.05446311401361	0.536582676704907	295	301	28	22	187	166	13	9
ENSG00000100376.13	335995	chr22	45315577	45315677	8729757	0	+	INTRON	INTRON	protein_coding	FAM118A	0.522216683186994	0.292064485184479	-1.05360350202447	-0.710865574223415	101	109	50	20	67	63	38	28
ENSG00000100239.17	336429	chr22	50408371	50408471	8745028	0	+	INTRON	INTRON	protein_coding	PPP6R2	0.524727197787652	0.293919358210953	1.04956238611463	0.584000936359708	194	169	23	20	242	136	15	14
ENSG00000100345.24	338610	chr22	36365434	36365534	8793079	0	-	INTRON	INTRON	protein_coding	MYH9	0.526532239289013	0.295382776851998	1.04638616682461	0.600626374366938	295	301	20	15	187	166	6	7
ENSG00000100426.9	336279	chr22	49854289	49854389	8742642	0	+	SS5_PROX	SS5_PROX:INTRON	protein_coding	ZBED4	0.527558189804088	0.296864788936149	1.04318031445752	0.540106184298106	373	271	44	41	204	119	11	15
ENSG00000198911.14	335702	chr22	41833858	41833957	8723823	0	+	INTRON	INTRON	protein_coding	SREBF2	0.527558189804088	0.296676793804705	1.04358638700266	0.540096297165926	1896	1412	62	41	786	481	11	13
ENSG00000100266.20	339621	chr22	42937348	42937447	8810375	0	-	INTRON	INTRON	protein_coding	PACSIN2	0.529747481209583	0.298551845080315	1.03954391541913	0.905208397478977	1501	2370	31	25	423	432	0	5
ENSG00000198911.14	335702	chr22	41833957	41834057	8723824	0	+	INTRON	INTRON	protein_coding	SREBF2	0.530050258753197	0.299562976444473	1.03737102523704	0.478982875170707	1896	1412	112	66	786	481	22	22
ENSG00000241484.11	335938	chr22	44763803	44763903	8728331	0	+	INTRON	INTRON	protein_coding	ARHGAP8	0.530050258753197	0.299633221872512	1.03722025188969	0.638820176927762	256	199	20	10	199	162	6	7
ENSG00000197077.15	333531	chr22	24976359	24976459	8680021	0	+	INTRON	INTRON	protein_coding	KIAA1671	0.532222979970349	0.301318680240945	1.03360966282082	0.735558415344628	618	619	21	10	333	260	4	4
ENSG00000100425.21	340009	chr22	49815753	49815853	8822450	0	-	INTRON	INTRON	protein_coding	BRD1	0.533278413422551	0.302374358126189	1.03135503627966	0.460579520759273	348	252	59	58	285	184	29	34
ENSG00000100266.20	339621	chr22	42998725	42998825	8810989	0	-	INTRON	INTRON	protein_coding	PACSIN2	0.533399008286524	0.302900983228	-1.03023227310939	-0.836960535489097	1501	2370	46	14	423	432	10	12
ENSG00000241878.13	338332	chr22	31629062	31629162	8780336	0	-	INTRON	INTRON	protein_coding	PISD	0.533428629803032	0.303376076400006	1.02922048900006	0.521561312812091	449	427	31	39	318	251	24	13
ENSG00000197182.17	336111	chr22	46071483	46071583	8733351	0	+	INTRON	INTRON	lncRNA	MIRLET7BHG	0.534251814628941	0.304762203534035	1.02627452109603	0.639362953873029	118	500	105	240	212	751	138	181
ENSG00000100266.20	339621	chr22	42928151	42928251	8810283	0	-	INTRON	INTRON	protein_coding	PACSIN2	0.534251814628941	0.304744794516841	1.02631146565225	0.962541521233323	1501	2370	21	15	423	432	0	3
ENSG00000197182.17	336111	chr22	46074674	46074774	8733383	0	+	INTRON	INTRON	lncRNA	MIRLET7BHG	0.536153150371236	0.306691683294568	1.02218851971383	0.706790712543609	118	500	115	227	212	751	145	155
ENSG00000196576.17	340242	chr22	50293490	50293589	8823814	0	-	INTRON	INTRON	protein_coding	PLXNB2	0.536153150371236	0.307131160153408	1.02126023659994	0.641292050955966	89	162	68	54	99	197	51	42
ENSG00000056487.18	339822	chr22	45002946	45003046	8817691	0	-	INTRON	INTRON	protein_coding	PHF21B	0.536153150371236	0.307311265701598	1.02088006355292	0.535592111120607	272	257	30	16	613	701	40	33
ENSG00000100266.20	339621	chr22	42984830	42984930	8810850	0	-	INTRON	INTRON	protein_coding	PACSIN2	0.536153150371236	0.307689264989678	-1.02008264893799	-0.670997170536109	1501	2370	54	41	423	432	8	25
ENSG00000198911.14	335702	chr22	41833558	41833658	8723820	0	+	SS5_PROX	SS5_PROX:INTRON	protein_coding	SREBF2	0.539116352989931	0.311627645791128	1.01181263873078	0.416301381054461	1896	1412	238	213	786	481	67	60
ENSG00000290920.2	337412	chr22	23382489	23382589	8760140	0	-	INTRON	INTRON	lncRNA	ENSG00000290920	0.539116352989931	0.31074603155049	1.01365787441493	0.543010011388183	161	194	42	23	209	262	29	27
ENSG00000196576.17	340242	chr22	50306054	50306154	8823940	0	-	INTRON	INTRON	protein_coding	PLXNB2	0.539116352989931	0.311705588970983	1.01164966787047	0.633325696232988	89	162	26	28	99	197	22	20
ENSG00000183579.17	333854	chr22	28910942	28911042	8691077	0	+	INTRON	INTRON	protein_coding	ZNRF3	0.539116352989931	0.311600544101446	-1.01186931176485	-0.76228061630463	922	903	41	10	320	291	19	9
ENSG00000100266.20	339621	chr22	42937947	42938047	8810381	0	-	INTRON	INTRON	protein_coding	PACSIN2	0.539116352989931	0.310898831505749	-1.01333781396738	-0.669686506799366	1501	2370	52	28	423	432	17	12
ENSG00000196576.17	340242	chr22	50293290	50293390	8823812	0	-	INTRON	INTRON	protein_coding	PLXNB2	0.541267475504142	0.313414328599478	1.00808360306566	0.578959849463223	89	162	144	135	99	197	129	91
ENSG00000099910.18	337203	chr22	20495559	20495659	8756108	0	-	SS5_PROX	SS5_PROX:INTRON	protein_coding	KLHL22	0.541427615243935	0.31397219956156	1.00692212339848	0.434061896044074	130	162	268	185	135	140	183	129
ENSG00000196576.17	340242	chr22	50302664	50302764	8823906	0	-	INTRON	INTRON	protein_coding	PLXNB2	0.545109050803057	0.316575359401088	1.00152024111514	0.624079749385887	89	162	36	49	99	197	38	28
ENSG00000196576.17	340242	chr22	50306154	50306254	8823941	0	-	INTRON	INTRON	protein_coding	PLXNB2	0.546671406224985	0.317952355682401	0.998674586056719	0.673316258350435	89	162	68	49	99	197	51	36
ENSG00000290920.2	337412	chr22	23389455	23389555	8760210	0	-	INTRON	INTRON	lncRNA	ENSG00000290920	0.549392590379356	0.32000702429313	0.994443448553431	0.643918958856972	161	194	28	11	209	262	15	15
ENSG00000100330.17	334020	chr22	29883459	29883559	8695400	0	+	SS5_PROX	SS5_PROX:INTRON	protein_coding	MTMR3	0.550208448113184	0.321137495975633	-0.992123065841909	-0.52464949711096	1260	948	333	103	423	217	104	54
ENSG00000100426.9	336279	chr22	49856185	49856285	8742661	0	+	INTRON	INTRON	protein_coding	ZBED4	0.550208448113184	0.321427615736224	-0.991528432896489	-0.499999263779967	373	271	21	25	204	119	20	15
ENSG00000100345.24	338610	chr22	36358543	36358643	8793010	0	-	INTRON	INTRON	protein_coding	MYH9	0.550631787565637	0.322147978807731	-0.990053481870041	-0.522287901208036	295	301	39	17	187	166	19	22
ENSG00000196576.17	340242	chr22	50305655	50305755	8823936	0	-	INTRON	INTRON	protein_coding	PLXNB2	0.550698521542878	0.32313323901528	0.988039631695644	0.550444226647967	89	162	36	45	99	197	33	33
ENSG00000198792.14	338950	chr22	38272583	38272683	8797736	0	-	SS5_PROX	SS5_PROX:INTRON	protein_coding	TMEM184B	0.550698521542878	0.322727264430145	0.988868949014394	0.715265672342342	138	209	42	22	110	79	10	10
ENSG00000241878.13	338332	chr22	31630557	31630657	8780351	0	-	INTRON	INTRON	protein_coding	PISD	0.551869484881731	0.324741335710133	0.984761296912883	0.46052398410212	449	427	44	60	318	251	24	26
ENSG00000197077.15	333531	chr22	24985653	24985753	8680114	0	+	INTRON	INTRON	protein_coding	KIAA1671	0.551869484881731	0.32476855424741	0.984705899120688	0.6351202701236	618	619	34	16	333	260	10	6
ENSG00000197182.17	336111	chr22	46073876	46073976	8733375	0	+	INTRON	INTRON	lncRNA	MIRLET7BHG	0.555327063670626	0.328234553097415	0.977676085660463	0.675283764986164	118	500	92	200	212	751	125	132
ENSG00000186716.22	333081	chr22	23237407	23237507	8671835	0	+	INTRON	INTRON	protein_coding	BCR	0.555327063670626	0.327423335087844	0.979317077258614	0.717258623495644	293	466	20	12	159	200	6	4
ENSG00000100345.24	338610	chr22	36382012	36382112	8793245	0	-	INTRON	INTRON	protein_coding	MYH9	0.555327063670626	0.327791254340341	0.978572496519984	0.519413939637892	295	301	33	20	187	166	17	8
ENSG00000198911.14	335702	chr22	41848545	41848645	8723970	0	+	INTRON	INTRON	protein_coding	SREBF2	0.557414848484344	0.32994744897398	0.974219732718067	0.476241744257062	1896	1412	75	45	786	481	15	15
ENSG00000197182.17	336119	chr22	46096029	46096129	8733600	0	+	INTRON	INTRON	lncRNA	MIRLET7BHG	0.558781592782441	0.33168910989544	0.970717228988623	0.851607819788538	105	409	188	167	217	780	219	153
ENSG00000241878.13	338332	chr22	31639726	31639826	8780443	0	-	INTRON	INTRON	protein_coding	PISD	0.558781592782441	0.331716564100229	0.970662113547903	0.457921609087369	449	427	33	31	318	251	15	15
ENSG00000196576.17	340242	chr22	50301966	50302066	8823899	0	-	INTRON	INTRON	protein_coding	PLXNB2	0.559623905839738	0.332979013532822	0.968130871838092	0.611554711026095	89	162	26	30	99	197	24	20
ENSG00000241878.13	338332	chr22	31636038	31636138	8780406	0	-	INTRON	INTRON	protein_coding	PISD	0.559623905839738	0.333178150126236	0.967732164342917	0.517446713509017	449	427	26	21	318	251	8	12
ENSG00000197182.17	336119	chr22	46095531	46095630	8733595	0	+	INTRON	INTRON	lncRNA	MIRLET7BHG	0.559689765097164	0.334179026411107	0.965730554005827	0.987280523776606	105	409	534	295	217	780	534	275
ENSG00000100239.17	336427	chr22	50400311	50400411	8744947	0	+	INTRON	INTRON	protein_coding	PPP6R2	0.559689765097164	0.333885754181079	0.966316655777671	0.524653144358384	317	357	31	24	212	236	19	10
ENSG00000196576.17	340242	chr22	50305855	50305955	8823938	0	-	INTRON	INTRON	protein_coding	PLXNB2	0.561049306563751	0.339591610021541	0.954972488096969	0.64592495502261	89	162	50	49	99	197	48	29
ENSG00000290920.2	337412	chr22	23385574	23385674	8760171	0	-	INTRON	INTRON	lncRNA	ENSG00000290920	0.561049306563751	0.337127732693543	0.959855922162246	0.467038540617181	161	194	54	33	209	262	42	38
ENSG00000056487.18	339822	chr22	44973162	44973262	8817393	0	-	INTRON	INTRON	protein_coding	PHF21B	0.561049306563751	0.337669040049609	0.95878108484598	0.612358566449731	272	257	33	11	613	701	38	26
ENSG00000100266.20	339621	chr22	43014820	43014920	8811150	0	-	SS5_PROX	SS5_PROX:INTRON	protein_coding	PACSIN2	0.561049306563751	0.339068620542933	-0.956007153221013	-0.55347576479677	1501	2370	183	104	423	432	46	46
ENSG00000100239.17	336422	chr22	50348644	50348744	8744427	0	+	INTRON	INTRON	protein_coding	PPP6R2	0.561049306563751	0.338710698283438	0.956715845083566	0.493080332868813	1060	579	55	25	485	258	20	8
ENSG00000100345.24	338610	chr22	36358643	36358743	8793011	0	-	INTRON	INTRON	protein_coding	MYH9	0.561049306563751	0.335756215154679	-0.962584229004502	-0.632779311467721	295	301	42	13	187	166	33	15
ENSG00000100239.17	336422	chr22	50366125	50366224	8744602	0	+	INTRON	INTRON	protein_coding	PPP6R2	0.561049306563751	0.339810791346602	0.954539170882868	0.553233435785735	1060	579	33	19	485	258	8	7
ENSG00000100364.20	339854	chr22	45237246	45237345	8818530	0	-	INTRON	INTRON	protein_coding	KIAA0930	0.561049306563751	0.336263434338165	0.961574403440616	0.789631930791422	81	82	21	12	62	47	4	7
ENSG00000100266.20	339621	chr22	42933549	42933649	8810337	0	-	INTRON	INTRON	protein_coding	PACSIN2	0.561049306563751	0.338702046981237	-0.9567329807493	-0.603369124689002	1501	2370	28	28	423	432	13	8
ENSG00000100239.17	336427	chr22	50399714	50399813	8744941	0	+	INTRON	INTRON	protein_coding	PPP6R2	0.561049306563751	0.338674578244484	0.956787390038217	0.654642652325054	317	357	30	20	212	236	20	5
ENSG00000197077.15	333542	chr22	25067357	25067457	8680936	0	+	INTRON	INTRON	protein_coding	KIAA1671	0.561458426759574	0.340540935818092	0.953096980635688	0.502144124553432	560	495	21	15	570	463	13	12
ENSG00000290920.2	337412	chr22	23386768	23386868	8760183	0	-	INTRON	INTRON	lncRNA	ENSG00000290920	0.563214629480539	0.34297431684701	0.948304782591543	0.539747384308063	161	194	91	53	209	262	91	43
ENSG00000197182.17	336127	chr22	46108366	46108466	8733726	0	+	INTRON	INTRON	lncRNA	MIRLET7BHG	0.563214629480539	0.343057708162974	0.948140941200923	1.25353546508052	19	105	170	262	52	210	210	125
ENSG00000241484.11	335941	chr22	44796286	44796386	8728657	0	+	INTRON	INTRON	protein_coding	ARHGAP8	0.563214629480539	0.342534212827021	0.949169890051571	0.535693956276499	58	71	76	56	70	62	51	39
ENSG00000197077.15	333542	chr22	25066857	25066957	8680931	0	+	INTRON	INTRON	protein_coding	KIAA1671	0.565302442671728	0.345300718848452	0.943743539614491	0.519138782262376	560	495	25	15	570	463	17	10
ENSG00000128283.8	334790	chr22	37561685	37561785	8709923	0	+	INTRON	INTRON	protein_coding	CDC42EP1	0.565302442671728	0.345000519560668	0.944331018962618	0.703165575157115	38	43	36	61	17	22	13	17
ENSG00000197182.17	336119	chr22	46095630	46095730	8733596	0	+	INTRON	INTRON	lncRNA	MIRLET7BHG	0.567244854410133	0.346974515756026	0.940473930371975	0.974790665011235	105	409	557	312	217	780	577	272
ENSG00000056487.18	339822	chr22	44982457	44982557	8817486	0	-	INTRON	INTRON	protein_coding	PHF21B	0.568081138719914	0.34972246637333	0.93512775132715	0.504499656074508	272	257	50	23	613	701	60	59
ENSG00000196576.17	340242	chr22	50300370	50300470	8823883	0	-	INTRON	INTRON	protein_coding	PLXNB2	0.568081138719914	0.350744039665064	0.933147068582824	0.504536671506685	89	162	71	86	99	197	71	60
ENSG00000196576.17	340242	chr22	50301068	50301168	8823890	0	-	INTRON	INTRON	protein_coding	PLXNB2	0.568081138719914	0.34898594323783	0.936558042006722	0.468727711312838	89	162	41	63	99	197	42	47
ENSG00000100376.13	335995	chr22	45315677	45315777	8729758	0	+	INTRON	INTRON	protein_coding	FAM118A	0.568081138719914	0.350969465446024	-0.932710493495133	-0.666576979153552	101	109	42	17	67	63	37	19
ENSG00000093010.16	332597	chr22	19942496	19942595	8664935	0	+	INTRON	INTRON	protein_coding	COMT	0.568081138719914	0.34820911107826	0.938068689820171	0.623983417066128	173	155	26	14	215	131	24	7
ENSG00000099991.19	333313	chr22	24156702	24156802	8675742	0	+	INTRON	INTRON	protein_coding	CABIN1	0.568081138719914	0.351390395084483	0.931895767699067	0.807817223129489	77	98	34	14	59	79	15	8
ENSG00000100266.20	339621	chr22	42950543	42950643	8810507	0	-	INTRON	INTRON	protein_coding	PACSIN2	0.568081138719914	0.34913770522	0.936263171248698	0.632419913583181	1501	2370	33	32	423	432	6	5
ENSG00000100266.20	339621	chr22	42985630	42985730	8810858	0	-	INTRON	INTRON	protein_coding	PACSIN2	0.568081138719914	0.350270001762238	-0.93406570377478	-0.658931073615575	1501	2370	26	17	423	432	10	7
ENSG00000197182.17	336119	chr22	46095730	46095830	8733597	0	+	INTRON	INTRON	lncRNA	MIRLET7BHG	0.568345759194217	0.352042347404665	0.93063510797936	0.907333846432013	105	409	602	391	217	780	646	372
ENSG00000100266.20	339621	chr22	42982131	42982231	8810823	0	-	INTRON	INTRON	protein_coding	PACSIN2	0.569692410902144	0.353855337699528	-0.927137134781268	-0.546249545747343	1501	2370	50	113	423	432	31	25
ENSG00000290920.2	337414	chr22	23395179	23395277	8760268	0	-	INTRON	INTRON	lncRNA	ENSG00000290920	0.569692410902144	0.353414395514156	0.927986841068628	0.768149990447874	87	180	49	30	74	218	29	22
ENSG00000241878.13	338332	chr22	31642915	31643015	8780475	0	-	INTRON	INTRON	protein_coding	PISD	0.569734375397254	0.354860328318736	0.925202990349545	0.495164235442855	449	427	39	22	318	251	10	14
ENSG00000100426.9	336279	chr22	49857283	49857383	8742672	0	+	INTRON	INTRON	protein_coding	ZBED4	0.569734375397254	0.354766774660596	0.925382891947225	0.591953861989347	373	271	20	15	204	119	4	6
ENSG00000128283.8	334790	chr22	37560888	37560988	8709915	0	+	SS5_PROX	SS5_PROX:INTRON	protein_coding	CDC42EP1	0.57782470695081	0.360395822376536	0.91461111335236	0.620922718449372	38	43	89	74	17	22	31	23
ENSG00000196576.17	340242	chr22	50293789	50293889	8823817	0	-	INTRON	INTRON	protein_coding	PLXNB2	0.585234669644334	0.365520279064803	0.904896391199332	0.558420403699598	89	162	33	28	99	197	17	31
ENSG00000241878.13	338332	chr22	31634045	31634145	8780386	0	-	INTRON	INTRON	protein_coding	PISD	0.591513342992776	0.369949925858025	0.896567164521141	0.501659189385638	449	427	21	38	318	251	13	15
ENSG00000197182.17	336111	chr22	46077267	46077367	8733409	0	+	INTRON	INTRON	lncRNA	MIRLET7BHG	0.593867138076678	0.371932254001631	0.892859806269515	0.617239238479032	118	500	99	239	212	751	147	153
ENSG00000196576.17	340242	chr22	50301667	50301766	8823896	0	-	INTRON	INTRON	protein_coding	PLXNB2	0.59650339688419	0.375566329520831	0.886095014141969	0.616400320772798	89	162	63	47	99	197	53	33
ENSG00000100266.20	339621	chr22	43014320	43014420	8811145	0	-	INTRON	INTRON	protein_coding	PACSIN2	0.59650339688419	0.376145612811852	-0.885020429768172	-0.414996800117699	1501	2370	133	241	423	432	51	62
ENSG00000100241.23	340365	chr22	50474385	50474485	8824505	0	-	SS5_PROX	SS5_PROX:INTRON	protein_coding	SBF1	0.59650339688419	0.375928733735825	0.885422625906395	0.843521583031672	11	20	75	72	4	25	35	48
ENSG00000100266.20	339621	chr22	42995826	42995926	8810960	0	-	INTRON	INTRON	protein_coding	PACSIN2	0.59650339688419	0.375458520904913	0.886295114649783	0.600618545730358	1501	2370	80	49	423	432	13	8
ENSG00000100266.20	339621	chr22	43009621	43009721	8811098	0	-	INTRON	INTRON	protein_coding	PACSIN2	0.59650339688419	0.37520698996612	-0.886762112121986	-0.504390646040991	1501	2370	44	37	423	432	13	13
ENSG00000290796.1	337619	chr22	25405001	25405101	8763667	0	-	SS5_PROX	SS5_PROX:INTRON	lncRNA	ENSG00000290796	0.598863346529912	0.378662734575614	0.880362924557521	0.617446882279561	42	71	41	54	35	32	17	20
ENSG00000197077.15	333542	chr22	25069856	25069956	8680961	0	+	INTRON	INTRON	protein_coding	KIAA1671	0.598863346529912	0.378350114109738	0.880940335886877	0.473315860342591	560	495	71	32	570	463	29	35
ENSG00000241484.11	335938	chr22	44759513	44759612	8728288	0	+	INTRON	INTRON	protein_coding	ARHGAP8	0.603464796885221	0.38209068325121	0.87405062760687	0.399284007978212	256	199	33	29	199	162	19	18
ENSG00000100266.20	339621	chr22	42964838	42964938	8810650	0	-	INTRON	INTRON	protein_coding	PACSIN2	0.606521854453287	0.384547361328631	-0.869548190980804	-0.639494459415657	1501	2370	31	22	423	432	15	6
ENSG00000196576.17	340242	chr22	50297279	50297379	8823852	0	-	INTRON	INTRON	protein_coding	PLXNB2	0.611092325083199	0.392695068008791	0.854740059663031	0.617835344465262	89	162	91	52	99	197	67	43
ENSG00000290199.2	337529	chr22	23903525	23903625	8761744	0	-	INTRON	INTRON	lncRNA	ENSG00000290199	0.611092325083199	0.390389903254742	-0.858910486837348	-0.464699555319571	494	325	28	12	550	502	33	30
ENSG00000100030.16	337375	chr22	21867021	21867121	8759269	0	-	SS5_PROX	SS5_PROX:INTRON	protein_coding	MAPK1	0.611092325083199	0.38907760883411	-0.861291331374648	-0.479970486869336	1330	1177	102	37	548	353	40	23
ENSG00000100345.24	338610	chr22	36386207	36386307	8793287	0	-	INTRON	INTRON	protein_coding	MYH9	0.611092325083199	0.390501301059511	-0.85870860634643	-0.434408221558717	295	301	52	23	187	166	35	23
ENSG00000241878.13	338332	chr22	31631255	31631354	8780358	0	-	INTRON	INTRON	protein_coding	PISD	0.611092325083199	0.391022701422724	0.857764164223504	0.388124376832154	449	427	50	38	318	251	28	18
ENSG00000241484.11	335938	chr22	44753526	44753625	8728228	0	+	INTRON	INTRON	protein_coding	ARHGAP8	0.611092325083199	0.391464009253115	0.856965395694696	0.376849345026095	256	199	36	32	199	162	26	18
ENSG00000100345.24	338610	chr22	36385708	36385807	8793282	0	-	INTRON	INTRON	protein_coding	MYH9	0.611092325083199	0.38980888241661	0.859964008903331	0.412820623550213	295	301	33	27	187	166	10	14
ENSG00000100030.16	337375	chr22	21848228	21848328	8759081	0	-	INTRON	INTRON	protein_coding	MAPK1	0.611092325083199	0.390586865508177	0.858553566074579	0.549603870601906	1330	1177	21	28	548	353	8	6
ENSG00000241878.13	338332	chr22	31631554	31631653	8780361	0	-	INTRON	INTRON	protein_coding	PISD	0.611092325083199	0.391964527534985	0.856060117278988	0.410742095822441	449	427	44	63	318	251	24	29
ENSG00000100345.24	338605	chr22	36336675	36336775	8792789	0	-	INTRON	INTRON	protein_coding	MYH9	0.611092325083199	0.392472072439091	-0.855142845783531	-0.563881204555367	93	155	21	20	75	69	17	19
ENSG00000197182.17	336114	chr22	46085205	46085247	8733489	0	+	EXON_LNCRNA	EXON_LNCRNA:INTRON	lncRNA	MIRLET7BHG	0.612102665356953	0.393870185869723	0.852619787288327	1.50065529615758	0	1	59	100	2	1	37	38
ENSG00000100239.17	336427	chr22	50394933	50395033	8744893	0	+	INTRON	INTRON	protein_coding	PPP6R2	0.612876917862134	0.394894921302921	0.850773974630494	0.651866147747943	317	357	20	11	212	236	0	9
ENSG00000100239.17	336427	chr22	50397921	50398021	8744923	0	+	INTRON	INTRON	protein_coding	PPP6R2	0.614379669651526	0.396391006794069	0.848084331810407	0.517149797505377	317	357	41	38	212	236	33	10
ENSG00000241878.13	338332	chr22	31630059	31630158	8780346	0	-	INTRON	INTRON	protein_coding	PISD	0.615415391585809	0.397587950577773	0.845936891979197	0.413294139209424	449	427	34	51	318	251	22	22
ENSG00000100345.24	338610	chr22	36387206	36387306	8793297	0	-	INTRON	INTRON	protein_coding	MYH9	0.61618941219847	0.398617377478907	0.84409311013962	0.436658160369144	295	301	26	25	187	166	6	14
ENSG00000197182.17	336111	chr22	46075173	46075272	8733388	0	+	INTRON	INTRON	lncRNA	MIRLET7BHG	0.616577278239176	0.400987113081663	0.839859597544798	0.633427581933055	118	500	133	285	212	751	196	168
ENSG00000100345.24	338610	chr22	36374922	36375022	8793174	0	-	INTRON	INTRON	protein_coding	MYH9	0.616577278239176	0.400957325236804	0.839912719810253	0.574891442627459	295	301	41	13	187	166	6	11
ENSG00000197077.15	333531	chr22	24953971	24954071	8679797	0	+	INTRON	INTRON	protein_coding	KIAA1671	0.616577278239176	0.399530316863689	0.842460363877514	0.537245234802595	618	619	34	23	333	260	4	12
ENSG00000100426.9	336279	chr22	49858980	49859079	8742689	0	+	INTRON	INTRON	protein_coding	ZBED4	0.616577278239176	0.400204559879909	0.841255954533899	0.419624201720164	373	271	39	23	204	119	11	10
ENSG00000054611.15	336244	chr22	46775235	46775335	8735990	0	+	INTRON	INTRON	protein_coding	TBC1D22A	0.617588831334119	0.40217554480349	-0.837742132984258	-0.518265810800405	114	154	23	27	65	76	24	17
ENSG00000170638.11	336380	chr22	50187137	50187236	8744027	0	+	INTRON	INTRON	protein_coding	TRABD	0.618819177366452	0.404040012713491	0.834427701224306	0.647453449480195	13	32	67	89	9	28	35	48
ENSG00000196576.17	340242	chr22	50298276	50298376	8823862	0	-	INTRON	INTRON	protein_coding	PLXNB2	0.618819177366452	0.403757206338204	0.834929850864164	0.51437521150752	89	162	31	30	99	197	26	25
ENSG00000290418.2	332343	chr22	16602913	16603012	8658984	0	+	INTRON	INTRON	lncRNA	TPTEP1	0.619030837913776	0.404710023756343	-0.833238871663791	-0.586800201978423	136	130	34	13	77	69	24	13
ENSG00000241878.13	338332	chr22	31639826	31639925	8780444	0	-	INTRON	INTRON	protein_coding	PISD	0.619191283232389	0.405346870982028	0.832109976717043	0.417773024959641	449	427	31	30	318	251	11	17
ENSG00000100266.20	339621	chr22	42946244	42946344	8810464	0	-	INTRON	INTRON	protein_coding	PACSIN2	0.619235364182634	0.405907717243427	0.831116680868502	0.756151920026533	1501	2370	21	15	423	432	0	4
ENSG00000070413.22	336826	chr22	19107355	19107455	8750113	0	-	INTRON	INTRON	protein_coding	DGCR2	0.620637162404406	0.407359787007703	0.82854877025685	0.409848557708056	383	343	33	33	177	132	15	9
ENSG00000196576.17	340242	chr22	50300869	50300969	8823888	0	-	INTRON	INTRON	protein_coding	PLXNB2	0.623434352530619	0.409731339936361	0.824366506442251	0.444643334938939	89	162	46	95	99	197	62	56
ENSG00000100266.20	339621	chr22	42949643	42949743	8810498	0	-	INTRON	INTRON	protein_coding	PACSIN2	0.626182275335706	0.412075277411641	-0.820247063266119	-0.519600419682204	1501	2370	86	46	423	432	24	18
ENSG00000196576.17	340242	chr22	50297379	50297479	8823853	0	-	INTRON	INTRON	protein_coding	PLXNB2	0.629476719250341	0.41586563325044	0.813614840837073	0.667713652265395	89	162	70	40	99	197	58	25
ENSG00000196576.17	340242	chr22	50300769	50300869	8823887	0	-	INTRON	INTRON	protein_coding	PLXNB2	0.629476719250341	0.41559541325502	0.814086475292961	0.597729044181169	89	162	34	41	99	197	40	20
ENSG00000070413.22	336826	chr22	19105558	19105658	8750095	0	-	INTRON	INTRON	protein_coding	DGCR2	0.629476719250341	0.414853212947912	0.815382823881278	0.450223689557722	383	343	26	25	177	132	6	9
ENSG00000100207.21	339471	chr22	42270038	42270138	8807140	0	-	SS5_PROX	SS5_PROX:INTRON	protein_coding	TCF20	0.630121730112546	0.416833103253145	0.811927727281427	0.308339658370585	890	780	239	200	430	360	76	87
ENSG00000100345.24	338610	chr22	36386606	36386706	8793291	0	-	INTRON	INTRON	protein_coding	MYH9	0.633253099535636	0.41977849342221	0.806805598037274	0.342242472720165	295	301	44	46	187	166	17	23
ENSG00000100239.17	336427	chr22	50395033	50395132	8744894	0	+	INTRON	INTRON	protein_coding	PPP6R2	0.633253099535636	0.419992605533944	0.806434075733389	0.391910773060063	317	357	41	28	212	236	20	15
ENSG00000056487.18	339822	chr22	45008044	45008144	8817742	0	-	SS5_PROX	SS5_PROX:INTRON	protein_coding	PHF21B	0.634529407579128	0.424610210430874	0.798448598878106	0.442399242281834	272	257	31	14	613	701	40	35
ENSG00000197182.17	336119	chr22	46095232	46095331	8733592	0	+	INTRON	INTRON	lncRNA	MIRLET7BHG	0.634529407579128	0.424654990123832	0.798371408456707	0.824049820447175	105	409	483	290	217	780	572	260
ENSG00000100266.20	339621	chr22	42987029	42987129	8810872	0	-	INTRON	INTRON	protein_coding	PACSIN2	0.634529407579128	0.423815115282896	-0.799819962640628	-0.556815966117712	1501	2370	68	34	423	432	22	12
ENSG00000183579.17	333854	chr22	28884366	28884466	8690811	0	+	SS5_PROX	SS5_PROX:INTRON	protein_coding	ZNRF3	0.634529407579128	0.424538767562966	-0.798571760647122	-0.420151896610001	922	903	30	22	320	291	11	11
ENSG00000183741.13	339103	chr22	38862617	38862717	8799828	0	-	UTR3	UTR3:EXON_MRNA	protein_coding	CBX6	0.634529407579128	0.423810873705961	0.799827282458047	1.15536767593518	29	59	100	20	7	51	26	12
ENSG00000100345.24	338610	chr22	36358743	36358843	8793012	0	-	INTRON	INTRON	protein_coding	MYH9	0.634529407579128	0.42433328290983	0.798926067239634	0.464440147056344	295	301	41	17	187	166	13	10
ENSG00000100266.20	339621	chr22	42984430	42984530	8810846	0	-	INTRON	INTRON	protein_coding	PACSIN2	0.634529407579128	0.422863558158422	-0.801463168775348	-0.455587295454331	1501	2370	31	33	423	432	10	11
ENSG00000100266.20	339621	chr22	42980332	42980432	8810805	0	-	INTRON	INTRON	protein_coding	PACSIN2	0.637654708189393	0.427294392085676	0.793830022674226	0.511922702095526	1501	2370	55	39	423	432	8	8
ENSG00000056487.18	339822	chr22	44993351	44993451	8817595	0	-	INTRON	INTRON	protein_coding	PHF21B	0.63896146892651	0.429267928436882	0.790445003786953	0.378136339153749	272	257	28	21	613	701	53	40
ENSG00000198911.14	335702	chr22	41833658	41833758	8723821	0	+	SS5_PROX	SS5_PROX:INTRON	protein_coding	SREBF2	0.63896146892651	0.42924060122518	0.790491813675609	0.4170179937762	1896	1412	173	205	786	481	46	60
ENSG00000198911.14	335702	chr22	41846347	41846447	8723948	0	+	INTRON	INTRON	protein_coding	SREBF2	0.639415468704314	0.4301222611645	-0.788982454905081	-0.439037179539619	1896	1412	36	16	786	481	11	12
ENSG00000197182.17	336111	chr22	46070785	46070885	8733344	0	+	INTRON	INTRON	lncRNA	MIRLET7BHG	0.642856310722084	0.432989130245803	0.784086885226304	0.450873178618555	118	500	68	332	212	751	136	242
ENSG00000100266.20	339621	chr22	43014920	43015020	8811151	0	-	SS5_ADJ	SS5_ADJ:SS5_PROX:INTRON	protein_coding	PACSIN2	0.644711514337275	0.436705431647017	-0.777768617953229	-0.445690279041616	1501	2370	338	220	423	432	104	65
ENSG00000196576.17	340242	chr22	50301168	50301268	8823891	0	-	INTRON	INTRON	protein_coding	PLXNB2	0.644711514337275	0.435055497811062	0.780569905186993	0.398989910802943	89	162	59	75	99	197	60	59
ENSG00000170638.11	336381	chr22	50190496	50190595	8744061	0	+	UTR5	UTR5:EXON_MRNA:INTRON	protein_coding	TRABD	0.644711514337275	0.436093821303803	0.778806308031714	0.710096447732734	7	29	50	72	10	20	35	29
ENSG00000198911.14	335702	chr22	41846846	41846946	8723953	0	+	INTRON	INTRON	protein_coding	SREBF2	0.644711514337275	0.439582336326832	-0.772898696350499	-0.390798976337385	1896	1412	59	26	786	481	20	17
ENSG00000100266.20	339621	chr22	42969836	42969936	8810700	0	-	INTRON	INTRON	protein_coding	PACSIN2	0.644711514337275	0.4395633771691	-0.772930729683017	-0.541970523720629	1501	2370	52	29	423	432	19	9
ENSG00000241484.11	335941	chr22	44796785	44796885	8728662	0	+	INTRON	INTRON	protein_coding	ARHGAP8	0.644711514337275	0.439420678225185	0.773171858820248	0.616131986658683	58	71	20	13	70	62	6	13
ENSG00000100266.20	339621	chr22	42990228	42990328	8810904	0	-	INTRON	INTRON	protein_coding	PACSIN2	0.644711514337275	0.437933284450695	0.775687902556796	0.701943485907912	1501	2370	20	15	423	432	0	4
ENSG00000290920.2	337414	chr22	23395080	23395179	8760267	0	-	INTRON	INTRON	lncRNA	ENSG00000290920	0.644711514337275	0.438942687398935	0.773979883593638	0.562391332953169	87	180	54	40	74	218	33	36
ENSG00000241484.11	335941	chr22	44793891	44793991	8728633	0	+	INTRON	INTRON	protein_coding	ARHGAP8	0.644711514337275	0.435875873186099	0.779176292904436	0.548868838285899	58	71	20	18	70	62	11	14
ENSG00000197077.15	333531	chr22	24982755	24982855	8680085	0	+	INTRON	INTRON	protein_coding	KIAA1671	0.644711514337275	0.439777441910478	0.772569092639541	0.452190946671106	618	619	26	30	333	260	17	7
ENSG00000056487.18	339822	chr22	45001047	45001147	8817672	0	-	INTRON	INTRON	protein_coding	PHF21B	0.645478102596732	0.440854889660139	0.770750403767457	0.331241546557862	272	257	39	32	613	701	62	72
ENSG00000290920.2	337412	chr22	23381892	23381992	8760134	0	-	INTRON	INTRON	lncRNA	ENSG00000290920	0.647215514012403	0.442597550819478	0.767814244096734	0.394489911217143	161	194	25	21	209	262	28	20
ENSG00000197077.15	333542	chr22	25069756	25069856	8680960	0	+	INTRON	INTRON	protein_coding	KIAA1671	0.649208163734706	0.444517960907698	0.764586247516138	0.326526563386915	560	495	52	41	570	463	33	36
ENSG00000196576.17	340242	chr22	50304658	50304758	8823926	0	-	INTRON	INTRON	protein_coding	PLXNB2	0.649406865140114	0.445211923008428	0.763421732745029	0.440749129507432	89	162	91	82	99	197	84	67
ENSG00000070371.17	336891	chr22	19202390	19202489	8750707	0	-	INTRON	INTRON	protein_coding	CLTCL1	0.651208279479118	0.4475658278207	0.75947940762356	0.973420260078875	0	8	68	19	19	15	114	26
ENSG00000128283.8	334790	chr22	37560988	37561088	8709916	0	+	SS5_PROX	SS5_PROX:INTRON	protein_coding	CDC42EP1	0.651208279479118	0.447293526448007	0.759934854124911	0.609867562408678	38	43	67	38	17	22	22	13
ENSG00000196576.17	340242	chr22	50306353	50306453	8823943	0	-	INTRON	INTRON	protein_coding	PLXNB2	0.65556654892281	0.451318978315447	0.753217910473022	0.485649748217363	89	162	31	52	99	197	42	28
ENSG00000197077.15	333531	chr22	24976658	24976758	8680024	0	+	INTRON	INTRON	protein_coding	KIAA1671	0.65556654892281	0.451687605013826	0.752604512786447	0.425154087840962	618	619	36	22	333	260	8	10
ENSG00000073169.15	336402	chr22	50201590	50201690	8744168	0	+	SS5_ADJ	SS5_ADJ:SS5_PROX:INTRON	protein_coding	SELENOO	0.6575354136176	0.45360905252142	0.749411780812968	0.455637198808684	60	70	57	52	50	85	33	50
ENSG00000054611.15	336250	chr22	46809210	46809310	8736334	0	+	INTRON	INTRON	protein_coding	TBC1D22A	0.658297078991084	0.454700044251574	0.747602354294436	0.647557644159937	108	208	41	16	87	115	15	9
ENSG00000290920.2	337412	chr22	23388361	23388460	8760199	0	-	INTRON	INTRON	lncRNA	ENSG00000290920	0.658787112714714	0.458040051772113	0.742078043820703	0.349872702440032	161	194	44	29	209	262	33	39
ENSG00000196576.17	340242	chr22	50300570	50300670	8823885	0	-	INTRON	INTRON	protein_coding	PLXNB2	0.658787112714714	0.458434331012816	0.741427408498061	0.485368433225036	89	162	25	54	99	197	38	27
ENSG00000100266.20	339621	chr22	43014620	43014720	8811148	0	-	SS5_PROX	SS5_PROX:INTRON	protein_coding	PACSIN2	0.658787112714714	0.455927403544206	-0.745569681215115	-0.535709137724343	1501	2370	231	82	423	432	48	48
ENSG00000056487.18	339822	chr22	44995850	44995950	8817620	0	-	INTRON	INTRON	protein_coding	PHF21B	0.658787112714714	0.456368820821095	0.744839387432085	0.437808916983989	272	257	34	14	613	701	35	44
ENSG00000188677.15	335863	chr22	44026850	44026950	8726067	0	+	INTRON	INTRON	protein_coding	PARVB	0.658787112714714	0.457435015160353	-0.743077080066987	-0.36396101922809	215	287	33	25	207	180	33	24
ENSG00000093010.16	332597	chr22	19942097	19942197	8664931	0	+	SS5_PROX	SS5_PROX:INTRON	protein_coding	COMT	0.658787112714714	0.457395529906144	0.7431423038812	0.424958708378428	173	155	26	17	215	131	13	16
ENSG00000197182.17	336119	chr22	46095830	46095929	8733598	0	+	INTRON	INTRON	lncRNA	MIRLET7BHG	0.660173094078422	0.459965961595876	0.738902899446595	1.18345908935375	105	409	476	183	217	780	395	173
ENSG00000196419.14	335657	chr22	41631323	41631422	8723058	0	+	INTRON	INTRON	protein_coding	XRCC6	0.664686423576718	0.463681594453861	0.732798076835158	0.523587182984271	99	74	26	13	94	77	10	14
ENSG00000056487.18	339822	chr22	44997849	44997949	8817640	0	-	INTRON	INTRON	protein_coding	PHF21B	0.66669344261142	0.465654440586842	-0.729567750969165	-0.488717764139038	272	257	15	5	613	701	31	26
ENSG00000197077.15	333531	chr22	24971761	24971861	8679975	0	+	INTRON	INTRON	protein_coding	KIAA1671	0.666778138876119	0.467285643737736	-0.726902568330916	-0.390625268180717	618	619	89	37	333	260	42	31
ENSG00000056487.18	339822	chr22	45002546	45002646	8817687	0	-	INTRON	INTRON	protein_coding	PHF21B	0.666778138876119	0.469418695791496	0.723425196585242	0.428054890729024	272	257	9	13	613	701	29	16
ENSG00000197182.17	336111	chr22	46080159	46080259	8733438	0	+	INTRON	INTRON	lncRNA	MIRLET7BHG	0.666778138876119	0.469723431167026	0.722929121281169	0.524719239441114	118	500	75	216	212	751	134	127
ENSG00000070413.22	336826	chr22	19105858	19105958	8750098	0	-	INTRON	INTRON	protein_coding	DGCR2	0.666778138876119	0.468661758070282	0.724658178141756	0.435666087501772	383	343	55	22	177	132	19	7
ENSG00000070413.22	336826	chr22	19117235	19117335	8750212	0	-	INTRON	INTRON	protein_coding	DGCR2	0.666778138876119	0.469279843306395	-0.723651292036427	-0.419948458564622	383	343	28	14	177	132	17	8
ENSG00000197077.15	333531	chr22	24971561	24971661	8679973	0	+	INTRON	INTRON	protein_coding	KIAA1671	0.666778138876119	0.468143905669916	0.725502346811687	0.507397171184012	618	619	39	14	333	260	11	6
ENSG00000196576.17	340242	chr22	50291595	50291695	8823795	0	-	INTRON	INTRON	protein_coding	PLXNB2	0.666778138876119	0.466693307632465	0.727869773758645	0.585618186073377	89	162	28	26	99	197	31	13
ENSG00000054611.15	336250	chr22	46802416	46802516	8736266	0	+	INTRON	INTRON	protein_coding	TBC1D22A	0.66706881295542	0.471074367911817	0.720732084805894	0.537784174160558	108	208	28	17	87	115	8	12
ENSG00000198911.14	335702	chr22	41849744	41849844	8723982	0	+	INTRON	INTRON	protein_coding	SREBF2	0.66706881295542	0.470786227697611	0.721200396802759	0.418759311739333	1896	1412	31	27	786	481	8	8
ENSG00000100330.17	334020	chr22	29883659	29883759	8695402	0	+	SS5_PROX	SS5_PROX:INTRON	protein_coding	MTMR3	0.66910001682779	0.473083602963291	-0.717470872128847	-0.352457166735471	1260	948	102	82	423	217	31	32
ENSG00000100345.24	338610	chr22	36372725	36372824	8793152	0	-	INTRON	INTRON	protein_coding	MYH9	0.67177645084553	0.475553088914705	0.713473041982571	0.347219210163131	295	301	28	25	187	166	10	13
ENSG00000197182.17	336111	chr22	46062009	46062109	8733256	0	+	INTRON	INTRON	lncRNA	MIRLET7BHG	0.672674773172536	0.476790663638724	0.711473827731268	0.507162256648687	118	500	42	96	212	751	69	67
ENSG00000290920.2	337414	chr22	23396262	23396361	8760279	0	-	INTRON	INTRON	lncRNA	ENSG00000290920	0.672674773172536	0.479025941544433	0.707870080054692	0.49189841144459	87	180	46	45	74	218	37	33
ENSG00000100266.20	339621	chr22	42985830	42985930	8810860	0	-	INTRON	INTRON	protein_coding	PACSIN2	0.672674773172536	0.479078511134048	-0.707785437324075	-0.448562121668211	1501	2370	89	47	423	432	22	19
ENSG00000197182.17	336123	chr22	46099548	46099647	8733636	0	+	INTRON	INTRON	lncRNA	MIRLET7BHG	0.672674773172536	0.477744535856293	0.709934853407537	0.999329632324815	31	129	239	173	79	249	284	128
ENSG00000100266.20	339621	chr22	42987229	42987329	8810874	0	-	INTRON	INTRON	protein_coding	PACSIN2	0.672674773172536	0.478853558338782	-0.708147671268261	-0.477170482500512	1501	2370	34	23	423	432	11	8
ENSG00000056487.18	339822	chr22	44992752	44992852	8817589	0	-	INTRON	INTRON	protein_coding	PHF21B	0.674332867246725	0.480838728363214	-0.704954216760107	-0.314882727176187	272	257	33	27	613	701	75	99
ENSG00000054611.15	336244	chr22	46775136	46775235	8735989	0	+	INTRON	INTRON	protein_coding	TBC1D22A	0.674571237423538	0.482240521295542	-0.702703539698355	-0.431272840322781	114	154	33	27	65	76	26	18
ENSG00000054611.15	336244	chr22	46775036	46775136	8735988	0	+	INTRON	INTRON	protein_coding	TBC1D22A	0.674571237423538	0.481683206812148	0.703597920401366	0.484671437966651	114	154	20	19	65	76	8	8
ENSG00000197182.17	336113	chr22	46082439	46082537	8733461	0	+	INTRON	INTRON	lncRNA	MIRLET7BHG	0.674571237423538	0.482747285888151	0.701890769350564	0.784456334066846	31	143	63	28	65	175	51	24
ENSG00000197182.17	336111	chr22	46075472	46075572	8733391	0	+	INTRON	INTRON	lncRNA	MIRLET7BHG	0.675310171255208	0.483856256724092	0.700113770466516	0.608087571578756	118	500	52	115	212	751	91	52
ENSG00000290199.2	337529	chr22	23912317	23912417	8761832	0	-	INTRON	INTRON	lncRNA	ENSG00000290199	0.677083364396059	0.486203944957806	-0.696359140106178	-0.413781704112289	494	325	68	22	550	502	111	45
ENSG00000241484.11	335938	chr22	44765400	44765500	8728347	0	+	INTRON	INTRON	protein_coding	ARHGAP8	0.677083364396059	0.486871800686857	-0.695292839609416	-0.311428842850182	256	199	28	36	199	162	38	30
ENSG00000130638.18	336081	chr22	45762212	45762311	8732144	0	+	INTRON	INTRON	protein_coding	ATXN10	0.677083364396059	0.486319257633607	-0.696174975009496	-0.392116613473342	517	494	21	13	372	245	11	13
ENSG00000100266.20	339621	chr22	42938347	42938447	8810385	0	-	INTRON	INTRON	protein_coding	PACSIN2	0.678818604993855	0.48870274139592	0.69237359850088	0.517231553095775	1501	2370	23	20	423	432	2	4
ENSG00000290920.2	337412	chr22	23379603	23379703	8760111	0	-	INTRON	INTRON	lncRNA	ENSG00000290920	0.680487574703691	0.490488896199653	0.689531438363467	0.30096318685209	161	194	34	32	209	262	37	34
ENSG00000100239.17	336422	chr22	50347745	50347845	8744418	0	+	INTRON	INTRON	protein_coding	PPP6R2	0.680682324771384	0.491538607749823	0.687863715731722	0.440995357480724	1060	579	30	28	485	258	8	10
ENSG00000128191.18	332628	chr22	20081274	20081371	8665700	0	+	INTRON	INTRON	protein_coding	DGCR8	0.680682324771384	0.49179882743362	0.687450589270324	0.65555333962681	15	64	31	25	25	56	15	26
ENSG00000070413.22	336826	chr22	19120129	19120229	8750241	0	-	INTRON	INTRON	protein_coding	DGCR2	0.682164341868494	0.493455649358481	0.684822953215327	0.295012354626872	383	343	59	51	177	132	17	19
ENSG00000100239.17	336422	chr22	50348345	50348445	8744424	0	+	INTRON	INTRON	protein_coding	PPP6R2	0.685549278392631	0.497557214462328	-0.678338308682182	-0.335543131089093	1060	579	44	19	485	258	26	11
ENSG00000070413.22	336826	chr22	19120229	19120329	8750242	0	-	INTRON	INTRON	protein_coding	DGCR2	0.685549278392631	0.498977200285083	0.676099931297601	0.417496822539543	383	343	52	17	177	132	11	8
ENSG00000070413.22	336826	chr22	19120329	19120429	8750243	0	-	INTRON	INTRON	protein_coding	DGCR2	0.685549278392631	0.496615747927993	0.679824253214439	0.347679496034689	383	343	36	30	177	132	8	12
ENSG00000183741.13	339103	chr22	38863116	38863216	8799833	0	-	UTR3	UTR3:EXON_MRNA	protein_coding	CBX6	0.685549278392631	0.499437962265422	-0.675374342614749	-0.733581306566758	29	59	20	23	7	51	24	19
ENSG00000100266.20	339621	chr22	43001124	43001224	8811013	0	-	INTRON	INTRON	protein_coding	PACSIN2	0.685549278392631	0.498537155502659	-0.676793227862337	-0.519951581654383	1501	2370	42	20	423	432	15	7
ENSG00000100266.20	339621	chr22	42974434	42974534	8810746	0	-	INTRON	INTRON	protein_coding	PACSIN2	0.685549278392631	0.497960961180964	0.677701522069264	0.532507711762653	1501	2370	34	20	423	432	6	4
ENSG00000056487.18	339822	chr22	45000947	45001047	8817671	0	-	INTRON	INTRON	protein_coding	PHF21B	0.686701086428033	0.500867029533849	0.673126164545163	0.353723290041953	272	257	21	13	613	701	33	29
ENSG00000170638.11	336380	chr22	50186445	50186545	8744020	0	+	SS5_PROX	SS5_PROX:INTRON	protein_coding	TRABD	0.687011256235865	0.503862280586189	0.668425095759652	0.564342260487948	13	32	105	127	9	28	75	51
ENSG00000197182.17	336111	chr22	46070386	46070486	8733340	0	+	INTRON	INTRON	lncRNA	MIRLET7BHG	0.687011256235865	0.502812578754494	0.670070924446707	0.455458988169208	118	500	18	110	212	751	49	69
ENSG00000197182.17	336111	chr22	46077466	46077566	8733411	0	+	INTRON	INTRON	lncRNA	MIRLET7BHG	0.687011256235865	0.504454396208273	0.667497515384327	0.576129971156959	118	500	21	68	212	751	48	29
ENSG00000197182.17	336111	chr22	46070984	46071084	8733346	0	+	INTRON	INTRON	lncRNA	MIRLET7BHG	0.687011256235865	0.504634556771189	0.667215398309368	0.427670864294105	118	500	121	346	212	751	208	258
ENSG00000054611.15	336244	chr22	46776135	46776234	8735999	0	+	INTRON	INTRON	protein_coding	TBC1D22A	0.687011256235865	0.504145806966565	-0.667980865007268	-0.399910675021134	114	154	46	30	65	76	24	27
ENSG00000197182.17	336113	chr22	46082241	46082340	8733459	0	+	INTRON	INTRON	lncRNA	MIRLET7BHG	0.687011256235865	0.503631762578831	0.668786369932289	0.785689307285699	31	143	96	32	65	175	75	29
ENSG00000197182.17	336119	chr22	46095431	46095531	8733594	0	+	INTRON	INTRON	lncRNA	MIRLET7BHG	0.687186039349149	0.506534039314063	0.664244182781611	0.663886174763796	105	409	492	318	217	780	646	328
ENSG00000188677.15	335863	chr22	44026950	44027050	8726068	0	+	INTRON	INTRON	protein_coding	PARVB	0.687186039349149	0.50627336161968	-0.664651593417951	-0.340946975135715	215	287	26	26	207	180	15	32
ENSG00000100266.20	339621	chr22	42991528	42991628	8810917	0	-	INTRON	INTRON	protein_coding	PACSIN2	0.687186039349149	0.506119777222085	-0.664891680633652	-0.464601651243746	1501	2370	26	19	423	432	10	6
ENSG00000070413.22	336826	chr22	19122027	19122127	8750260	0	-	SS5_ADJ	SS5_ADJ:SS5_PROX:INTRON	protein_coding	DGCR2	0.687246338694075	0.50744045958923	0.662828404495714	0.316368130287667	383	343	154	74	177	132	33	36
ENSG00000070413.22	336826	chr22	19115239	19115339	8750192	0	-	INTRON	INTRON	protein_coding	DGCR2	0.687246338694075	0.507759322402839	0.662330674307058	0.374070647391997	383	343	91	32	177	132	17	18
ENSG00000100207.21	339471	chr22	42269938	42270038	8807139	0	-	SS5_PROX	SS5_PROX:INTRON	protein_coding	TCF20	0.693257422374295	0.513391665022889	0.65356567429684	0.252906033271019	890	780	199	181	430	360	67	80
ENSG00000099917.18	332730	chr22	20579518	20579618	8667371	0	+	INTRON	INTRON	protein_coding	MED15	0.693257422374295	0.513125924114467	0.653978085945571	0.680682912288372	19	71	55	46	9	51	19	28
ENSG00000241484.11	335938	chr22	44752927	44753027	8728222	0	+	SS5_PROX	SS5_PROX:INTRON	protein_coding	ARHGAP8	0.695513894084044	0.516203939743743	0.649208002688635	0.266782415803038	256	199	71	95	199	162	58	55
ENSG00000070413.22	336826	chr22	19120828	19120928	8750248	0	-	INTRON	INTRON	protein_coding	DGCR2	0.695513894084044	0.51625773581496	0.649124764995429	0.392739319249894	383	343	21	15	177	132	8	5
ENSG00000056487.18	339822	chr22	45007644	45007744	8817738	0	-	INTRON	INTRON	protein_coding	PHF21B	0.697578125531506	0.518389242770406	0.645830330845803	0.296807723834705	272	257	18	21	613	701	38	41
ENSG00000100266.20	339621	chr22	42994627	42994727	8810948	0	-	INTRON	INTRON	protein_coding	PACSIN2	0.702007189125065	0.522283699125693	0.639829119406091	0.461614239428938	1501	2370	31	24	423	432	2	6
ENSG00000100266.20	339621	chr22	42985330	42985430	8810855	0	-	INTRON	INTRON	protein_coding	PACSIN2	0.70438769472253	0.524659906636111	0.636178773494433	0.389612317566571	1501	2370	28	49	423	432	6	8
ENSG00000100266.20	339621	chr22	43013920	43014020	8811141	0	-	INTRON	INTRON	protein_coding	PACSIN2	0.705423147842008	0.526037192720672	-0.634066854700028	-0.321217450078691	1501	2370	54	72	423	432	19	19
ENSG00000054611.15	336244	chr22	46776334	46776434	8736001	0	+	INTRON	INTRON	protein_coding	TBC1D22A	0.70598747924589	0.527064535622576	-0.632493375798523	-0.413382634402575	114	154	46	25	65	76	22	25
ENSG00000056487.18	339822	chr22	44996150	44996250	8817623	0	-	INTRON	INTRON	protein_coding	PHF21B	0.711901484726945	0.53209131590416	0.624816780583924	0.303847422382113	272	257	26	17	613	701	42	40
ENSG00000056487.18	339822	chr22	45001847	45001947	8817680	0	-	INTRON	INTRON	protein_coding	PHF21B	0.713711724650934	0.534057484682958	0.621824180333745	0.272928121549795	272	257	28	30	613	701	49	66
ENSG00000100266.20	339621	chr22	43013220	43013320	8811134	0	-	INTRON	INTRON	protein_coding	PACSIN2	0.714120984705473	0.534977232528498	0.620426192524229	0.518372049539637	1501	2370	33	17	423	432	6	3
ENSG00000197182.17	336111	chr22	46077865	46077965	8733415	0	+	INTRON	INTRON	lncRNA	MIRLET7BHG	0.718358042333149	0.539385677834341	0.613742229651871	0.436489105639723	118	500	44	119	212	751	82	80
ENSG00000290199.2	337529	chr22	23912017	23912117	8761829	0	-	INTRON	INTRON	lncRNA	ENSG00000290199	0.718358042333149	0.538775978705494	0.614664999654582	0.454460066823456	494	325	65	14	550	502	29	32
ENSG00000196576.17	340242	chr22	50302963	50303063	8823909	0	-	INTRON	INTRON	protein_coding	PLXNB2	0.718977562822985	0.541353230178369	0.610767925751797	0.473892442040634	89	162	78	40	99	197	64	36
ENSG00000056487.18	339822	chr22	45001147	45001247	8817673	0	-	INTRON	INTRON	protein_coding	PHF21B	0.718977562822985	0.541703885391545	-0.61023841585124	-0.327577811335872	272	257	18	17	613	701	35	68
ENSG00000100266.20	339621	chr22	42914556	42914656	8810147	0	-	INTRON	INTRON	protein_coding	PACSIN2	0.718977562822985	0.54050455208487	0.612050188884374	0.552078113591446	1501	2370	26	12	423	432	4	3
ENSG00000197182.17	336111	chr22	46072979	46073078	8733366	0	+	INTRON	INTRON	lncRNA	MIRLET7BHG	0.719942665553841	0.54304953638855	0.608207989442447	0.508130853427449	118	500	47	85	212	751	78	51
ENSG00000241484.11	335938	chr22	44754124	44754224	8728234	0	+	INTRON	INTRON	protein_coding	ARHGAP8	0.722085528555214	0.545286236769788	-0.604838609803789	-0.340169466269117	256	199	55	20	199	162	55	22
ENSG00000197182.17	336111	chr22	46070885	46070984	8733345	0	+	INTRON	INTRON	lncRNA	MIRLET7BHG	0.722875399027709	0.547824744022712	0.60102288477193	0.386975502231925	118	500	117	443	212	751	234	306
ENSG00000197182.17	336111	chr22	46061411	46061510	8733250	0	+	INTRON	INTRON	lncRNA	MIRLET7BHG	0.722875399027709	0.547134806784871	0.60205908719615	0.389886991508596	118	500	30	83	212	751	55	67
ENSG00000056487.18	339822	chr22	44996550	44996650	8817627	0	-	INTRON	INTRON	protein_coding	PHF21B	0.722875399027709	0.548366819021879	-0.600209206085461	-0.377579324218249	272	257	23	8	613	701	51	37
ENSG00000241484.11	335941	chr22	44793193	44793293	8728626	0	+	INTRON	INTRON	protein_coding	ARHGAP8	0.722875399027709	0.546590977386431	0.602876309067115	0.44784281100458	58	71	38	18	70	62	17	20
ENSG00000290920.2	337412	chr22	23384878	23384977	8760164	0	-	INTRON	INTRON	lncRNA	ENSG00000290920	0.728011517510491	0.554764790405331	0.590635325444865	0.302858157836218	161	194	81	61	209	262	104	54
ENSG00000197077.15	333531	chr22	24977658	24977758	8680034	0	+	INTRON	INTRON	protein_coding	KIAA1671	0.728011517510491	0.553975796832257	0.591813030057595	0.392402298575592	618	619	33	14	333	260	11	6
ENSG00000241484.11	335938	chr22	44764602	44764701	8728339	0	+	INTRON	INTRON	protein_coding	ARHGAP8	0.728011517510491	0.554723806368366	-0.590696480780054	-0.33488846662399	256	199	20	12	199	162	10	17
ENSG00000100266.20	339621	chr22	42949443	42949543	8810496	0	-	INTRON	INTRON	protein_coding	PACSIN2	0.728011517510491	0.554743969121987	-0.590666394157028	-0.370212459622265	1501	2370	26	24	423	432	8	8
ENSG00000196576.17	340242	chr22	50293390	50293490	8823813	0	-	INTRON	INTRON	protein_coding	PLXNB2	0.728825067497285	0.556010876235042	0.588777000660996	0.396197396234404	89	162	42	29	99	197	33	31
ENSG00000100207.21	339471	chr22	42270138	42270238	8807141	0	-	SS5_PROX	SS5_PROX:INTRON	protein_coding	TCF20	0.733025485426754	0.55984506575978	0.583071652677735	0.233639297066531	890	780	88	84	430	360	37	33
ENSG00000100207.21	339471	chr22	42268938	42269038	8807129	0	-	INTRON	INTRON	protein_coding	TCF20	0.733467707836955	0.560812938122758	0.581634442455696	0.280628075048225	890	780	42	45	430	360	15	18
ENSG00000100376.13	335995	chr22	45311082	45311182	8729712	0	+	INTRON	INTRON	protein_coding	FAM118A	0.735124759466187	0.56271147825118	-0.578818749883312	-0.416885074144897	101	109	54	22	67	63	42	19
ENSG00000198911.14	335702	chr22	41845847	41845947	8723943	0	+	INTRON	INTRON	protein_coding	SREBF2	0.735564124668956	0.565521791222148	-0.574659221837242	-0.350561557885736	1896	1412	52	20	786	481	28	9
ENSG00000290796.1	337613	chr22	25367195	25367294	8763286	0	-	INTRON	INTRON	lncRNA	ENSG00000290796	0.735564124668956	0.567471292055604	0.571779610907331	0.460703845015297	27	53	50	36	24	41	28	24
ENSG00000241484.11	335938	chr22	44759413	44759513	8728287	0	+	INTRON	INTRON	protein_coding	ARHGAP8	0.735564124668956	0.567217886285843	0.572153648499551	0.343556073767208	256	199	21	16	199	162	6	14
ENSG00000100266.20	339621	chr22	42934549	42934649	8810347	0	-	INTRON	INTRON	protein_coding	PACSIN2	0.735564124668956	0.566167754418712	0.573704541722792	0.32651272727071	1501	2370	38	55	423	432	8	10
ENSG00000099904.17	332671	chr22	20132051	20132151	8666146	0	+	SS5_ADJ	SS5_ADJ:SS5_PROX:INTRON	protein_coding	ZDHHC8	0.735564124668956	0.565192891357104	0.575145509850011	0.524928492685166	7	19	54	46	15	16	51	29
ENSG00000070413.22	336826	chr22	19117435	19117535	8750214	0	-	INTRON	INTRON	protein_coding	DGCR2	0.735564124668956	0.566610213071161	-0.573050926132141	-0.292986629939268	383	343	20	21	177	132	11	10
ENSG00000070413.22	336826	chr22	19120030	19120129	8750240	0	-	INTRON	INTRON	protein_coding	DGCR2	0.735564124668956	0.564294165097267	0.576474997099149	0.292937688145421	383	343	28	36	177	132	11	12
ENSG00000290920.2	337412	chr22	23388858	23388958	8760204	0	-	INTRON	INTRON	lncRNA	ENSG00000290920	0.737308350231719	0.569450349534635	0.568861183300429	0.236185570214255	161	194	55	46	209	262	60	53
ENSG00000197182.17	336111	chr22	46076569	46076669	8733402	0	+	INTRON	INTRON	lncRNA	MIRLET7BHG	0.738859258367196	0.572291324167758	0.564680170470041	0.448841092700146	118	500	70	221	212	751	147	113
ENSG00000056487.18	339822	chr22	44994651	44994751	8817608	0	-	INTRON	INTRON	protein_coding	PHF21B	0.738859258367196	0.571636324153686	0.565643244722258	0.277191529627225	272	257	21	15	613	701	33	37
ENSG00000100266.20	339621	chr22	42946744	42946844	8810469	0	-	INTRON	INTRON	protein_coding	PACSIN2	0.738859258367196	0.572552449353274	0.564296373076777	0.357630038582864	1501	2370	63	42	423	432	10	9
ENSG00000099917.18	332730	chr22	20579319	20579419	8667369	0	+	INTRON	INTRON	protein_coding	MED15	0.739721490925437	0.5738561050736	0.562381523149396	0.575994589459057	19	71	28	30	9	51	10	19
ENSG00000100266.20	339621	chr22	43007122	43007222	8811073	0	-	INTRON	INTRON	protein_coding	PACSIN2	0.744482992551076	0.578189540606678	-0.556031178848451	-0.467083256699288	1501	2370	46	15	423	432	13	6
ENSG00000054611.15	336244	chr22	46779831	46779931	8736036	0	+	INTRON	INTRON	protein_coding	TBC1D22A	0.749488099071481	0.582720558126882	-0.549415181158569	-0.478826235731578	114	154	125	29	65	76	75	31
ENSG00000100266.20	339621	chr22	42920654	42920754	8810208	0	-	INTRON	INTRON	protein_coding	PACSIN2	0.7498652503921	0.584045851654675	0.547484594227206	0.354438272770917	1501	2370	23	35	423	432	4	7
ENSG00000241878.13	338332	chr22	31638131	31638231	8780427	0	-	INTRON	INTRON	protein_coding	PISD	0.7498652503921	0.58430221830381	0.547111374419999	0.247938733977982	449	427	41	47	318	251	22	25
ENSG00000182541.19	334271	chr22	31246200	31246300	8701257	0	+	INTRON	INTRON	protein_coding	LIMK2	0.752229437869461	0.586790661155902	0.543492633952384	0.316854120676636	531	528	33	18	415	296	19	9
ENSG00000100266.20	339621	chr22	42948144	42948244	8810483	0	-	INTRON	INTRON	protein_coding	PACSIN2	0.754482663871879	0.58919651328139	0.540000752788586	0.333616004986916	1501	2370	49	39	423	432	6	9
ENSG00000197182.17	336111	chr22	46070486	46070585	8733341	0	+	INTRON	INTRON	lncRNA	MIRLET7BHG	0.755435142743951	0.590615210357239	0.537944724344317	0.312140773722901	118	500	78	254	212	751	145	220
ENSG00000197182.17	336111	chr22	46062906	46063006	8733265	0	+	INTRON	INTRON	lncRNA	MIRLET7BHG	0.755435142743951	0.591238329071941	0.537042396340639	0.314678630087471	118	500	34	62	212	751	44	80
ENSG00000100266.20	339621	chr22	42996626	42996726	8810968	0	-	INTRON	INTRON	protein_coding	PACSIN2	0.763039787343851	0.597845606578687	-0.527501166513273	-0.340650869552359	1501	2370	33	35	423	432	4	14
ENSG00000196576.17	340242	chr22	50303761	50303861	8823917	0	-	INTRON	INTRON	protein_coding	PLXNB2	0.763581077991842	0.600893700550281	0.523115757526823	0.291091288407599	89	162	33	67	99	197	49	45
ENSG00000170638.11	336380	chr22	50187039	50187137	8744026	0	+	INTRON	INTRON	protein_coding	TRABD	0.763581077991842	0.600800395550204	0.523249849398414	0.453840795366714	13	32	50	56	9	28	29	35
ENSG00000100239.17	336422	chr22	50348544	50348644	8744426	0	+	INTRON	INTRON	protein_coding	PPP6R2	0.763581077991842	0.600656196797235	-0.523457100966642	-0.243151840810733	1060	579	60	25	485	258	31	14
ENSG00000100266.20	339618	chr22	42908635	42908734	8810087	0	-	INTRON	INTRON	protein_coding	PACSIN2	0.763581077991842	0.600545489823685	0.523616231289411	0.440460937521038	44	146	38	33	39	58	13	16
ENSG00000056487.18	339822	chr22	45008444	45008544	8817746	0	-	SS5_ADJ	SS5_ADJ:SS5_PROX:INTRON	protein_coding	PHF21B	0.764924227513797	0.602607832156487	-0.520653988896249	-0.239260955947793	272	257	31	28	613	701	105	72
ENSG00000100266.20	339618	chr22	42906546	42906646	8810066	0	-	INTRON	INTRON	protein_coding	PACSIN2	0.765173162266839	0.604776038905061	0.51754460646868	0.538189919710631	44	146	36	18	39	58	13	8
ENSG00000196576.17	340242	chr22	50291695	50291795	8823796	0	-	INTRON	INTRON	protein_coding	PLXNB2	0.765173162266839	0.604518099909526	0.517914248976143	0.406360751931514	89	162	47	28	99	197	44	24
ENSG00000100266.20	339621	chr22	42973634	42973734	8810738	0	-	INTRON	INTRON	protein_coding	PACSIN2	0.765173162266839	0.604243290999902	-0.518308144988182	-0.29507132919382	1501	2370	34	39	423	432	11	10
ENSG00000100266.20	339621	chr22	42994327	42994427	8810945	0	-	INTRON	INTRON	protein_coding	PACSIN2	0.76565182906691	0.606469919587364	-0.515118923948033	-0.358828000387976	1501	2370	30	18	423	432	8	7
ENSG00000100266.20	339621	chr22	43001024	43001124	8811012	0	-	INTRON	INTRON	protein_coding	PACSIN2	0.76565182906691	0.606469919587364	-0.515118923948033	-0.358828000387976	1501	2370	30	18	423	432	8	7
ENSG00000183579.17	333854	chr22	28924130	28924230	8691209	0	+	INTRON	INTRON	protein_coding	ZNRF3	0.767397879735641	0.608512236250856	-0.512198295016136	-0.280886339335697	922	903	28	20	320	291	10	9
ENSG00000100345.24	338610	chr22	36387106	36387206	8793296	0	-	INTRON	INTRON	protein_coding	MYH9	0.768150490463235	0.609768946037826	0.510403299130553	0.216342976831451	295	301	141	83	187	166	66	46
ENSG00000056487.18	339822	chr22	44991452	44991552	8817576	0	-	INTRON	INTRON	protein_coding	PHF21B	0.773414809668263	0.616031339540556	-0.501482857286739	-0.280488216634306	272	257	10	24	613	701	42	64
ENSG00000197182.17	336111	chr22	46071583	46071682	8733352	0	+	INTRON	INTRON	lncRNA	MIRLET7BHG	0.773414809668263	0.614855630908549	0.503154529634968	0.279877411774986	118	500	76	287	212	751	151	254
ENSG00000056487.18	339822	chr22	45007444	45007544	8817736	0	-	INTRON	INTRON	protein_coding	PHF21B	0.773414809668263	0.616572141986058	0.500714392044715	0.246428728715347	272	257	46	25	613	701	75	65
ENSG00000197182.17	336103	chr22	46054508	46054597	8733176	0	+	SS3_PROX	SS3_PROX:INTRON	lncRNA	MIRLET7BHG	0.773414809668263	0.617934512879283	0.498779809550731	0.512083785062263	0	12	42	100	7	16	71	87
ENSG00000100266.20	339621	chr22	42987429	42987529	8810876	0	-	INTRON	INTRON	protein_coding	PACSIN2	0.773414809668263	0.617737138035849	0.499059968344278	0.279858491808244	1501	2370	60	122	423	432	11	23
ENSG00000241878.13	338332	chr22	31635739	31635839	8780403	0	-	INTRON	INTRON	protein_coding	PISD	0.773414809668263	0.617030391022241	0.500063464271212	0.243403693524082	449	427	28	25	318	251	13	15
ENSG00000241484.11	335938	chr22	44752627	44752727	8728219	0	+	SS5_ADJ	SS5_ADJ:SS5_PROX:INTRON	protein_coding	ARHGAP8	0.776244042447765	0.621528735018314	0.493684894282333	0.210240764317668	256	199	81	41	199	162	42	36
ENSG00000100266.20	339621	chr22	42971735	42971835	8810719	0	-	INTRON	INTRON	protein_coding	PACSIN2	0.776244042447765	0.621100487089309	0.494291273631543	0.278825772991585	1501	2370	62	87	423	432	8	19
ENSG00000197077.15	333531	chr22	24955370	24955470	8679811	0	+	INTRON	INTRON	protein_coding	KIAA1671	0.776403077667702	0.622323085450142	-0.492560610885762	-0.27415083926268	618	619	26	18	333	260	17	10
ENSG00000100425.21	339997	chr22	49781105	49781204	8822097	0	-	INTRON	INTRON	protein_coding	BRD1	0.781544664145355	0.627115735663025	-0.485790464580164	-0.39238615939974	17	38	49	48	10	22	35	41
ENSG00000197182.17	336111	chr22	46061909	46062009	8733255	0	+	INTRON	INTRON	lncRNA	MIRLET7BHG	0.783061891600714	0.629005900899199	0.483126525598951	0.325844133779983	118	500	20	60	212	751	42	48
ENSG00000070413.22	336826	chr22	19104660	19104760	8750086	0	-	INTRON	INTRON	protein_coding	DGCR2	0.78486044804379	0.631799175100542	-0.47919603444888	-0.210864571409841	383	343	55	36	177	132	29	17
ENSG00000100239.17	336427	chr22	50397224	50397324	8744916	0	+	INTRON	INTRON	protein_coding	PPP6R2	0.78486044804379	0.631486587271892	0.479635516370833	0.303445348872263	317	357	47	17	212	236	19	14
ENSG00000196576.17	340242	chr22	50293689	50293789	8823816	0	-	INTRON	INTRON	protein_coding	PLXNB2	0.787061763081506	0.63492353568173	0.474808413385031	0.320266513919983	89	162	81	71	99	197	93	51
ENSG00000183579.17	333854	chr22	28884166	28884266	8690809	0	+	SS5_PROX	SS5_PROX:INTRON	protein_coding	ZNRF3	0.787061763081506	0.634489788575054	0.475416987719081	0.211759357325092	922	903	200	121	320	291	51	40
ENSG00000185651.17	332895	chr22	21585663	21585763	8669355	0	+	INTRON	INTRON	protein_coding	UBE2L3	0.787230108651375	0.635735654752829	-0.473669431976001	-0.304883299773884	153	186	21	14	219	122	29	14
ENSG00000056487.18	339822	chr22	45006944	45007044	8817731	0	-	INTRON	INTRON	protein_coding	PHF21B	0.788016383017554	0.637047608607834	-0.47183073840815	-0.257323199386668	272	257	38	25	613	701	125	63
ENSG00000197077.15	333531	chr22	24982955	24983055	8680087	0	+	INTRON	INTRON	protein_coding	KIAA1671	0.791605210946809	0.640628959374479	0.466819589250579	0.262595337258847	618	619	21	22	333	260	11	8
ENSG00000196576.17	340242	chr22	50294387	50294487	8823823	0	-	INTRON	INTRON	protein_coding	PLXNB2	0.791704413308362	0.641389400128682	0.465757065773568	0.309957723688399	89	162	20	17	99	197	17	18
ENSG00000100266.20	339621	chr22	43011121	43011221	8811113	0	-	INTRON	INTRON	protein_coding	PACSIN2	0.792692647355502	0.642871012975596	-0.46368839480623	-0.306420464846598	1501	2370	26	22	423	432	8	7
ENSG00000188677.15	335863	chr22	44030149	44030249	8726100	0	+	INTRON	INTRON	protein_coding	PARVB	0.794225271780221	0.644796290233942	0.461003226524262	0.296296386286928	215	287	28	28	207	180	31	10
ENSG00000099991.19	333313	chr22	24156303	24156403	8675738	0	+	INTRON	INTRON	protein_coding	CABIN1	0.794246102192654	0.64625923275198	0.458965093848366	0.289043651569778	77	98	30	30	59	79	13	24
ENSG00000183579.17	333854	chr22	28924330	28924430	8691211	0	+	INTRON	INTRON	protein_coding	ZNRF3	0.794246102192654	0.646860227558966	-0.458128356500725	-0.259182227421084	922	903	31	18	320	291	10	9
ENSG00000100266.20	339621	chr22	42951742	42951842	8810519	0	-	INTRON	INTRON	protein_coding	PACSIN2	0.794246102192654	0.646212727587189	0.459029854233157	0.323112964204176	1501	2370	26	22	423	432	4	5
ENSG00000196576.17	340242	chr22	50291894	50291994	8823798	0	-	INTRON	INTRON	protein_coding	PLXNB2	0.794762414576205	0.647963514976649	0.456593134278899	0.297875755524731	89	162	54	52	99	197	62	40
ENSG00000197182.17	336113	chr22	46082340	46082439	8733460	0	+	INTRON	INTRON	lncRNA	MIRLET7BHG	0.795622251164421	0.649348057221821	0.454668067469467	0.449808566348597	31	143	28	30	65	175	38	20
ENSG00000100426.9	336279	chr22	49873351	49873451	8742833	0	+	INTRON	INTRON	protein_coding	ZBED4	0.796428063420268	0.650689938412951	0.452803923131542	0.28450569990603	373	271	31	12	204	119	4	9
ENSG00000056487.18	339822	chr22	45006145	45006244	8817723	0	-	INTRON	INTRON	protein_coding	PHF21B	0.797043281805873	0.653078903492015	-0.449489052674927	-0.235289827011955	272	257	25	14	613	701	58	46
ENSG00000196576.17	340242	chr22	50303063	50303162	8823910	0	-	INTRON	INTRON	protein_coding	PLXNB2	0.797043281805873	0.653513482091798	0.448886573538838	0.287068103113339	89	162	67	52	99	197	66	49
ENSG00000198911.14	335702	chr22	41834057	41834157	8723825	0	+	INTRON	INTRON	protein_coding	SREBF2	0.797043281805873	0.653254690170138	0.44924533073259	0.236739445370927	1896	1412	67	43	786	481	13	18
ENSG00000100207.21	339471	chr22	42269038	42269138	8807130	0	-	INTRON	INTRON	protein_coding	TCF20	0.797043281805873	0.653931558526296	0.448307125957283	0.265808855067186	890	780	21	15	430	360	8	7
ENSG00000185838.15	337035	chr22	19844147	19844247	8753675	0	-	INTRON	INTRON	protein_coding	GNB1L	0.802563676118505	0.659150235712449	0.441086694400919	0.386370636988303	58	61	38	23	20	39	17	9
ENSG00000056487.18	339822	chr22	45007044	45007144	8817732	0	-	INTRON	INTRON	protein_coding	PHF21B	0.803750122001234	0.660815177624726	0.438787970384035	0.218877347096737	272	257	104	54	613	701	156	167
ENSG00000056487.18	339822	chr22	44999448	44999548	8817656	0	-	INTRON	INTRON	protein_coding	PHF21B	0.808780211108463	0.666245208135245	0.431306935475565	0.183795890157738	272	257	55	43	613	701	120	93
ENSG00000197182.17	336111	chr22	46077566	46077666	8733412	0	+	INTRON	INTRON	lncRNA	MIRLET7BHG	0.808780211108463	0.666371302739785	0.431133501107305	0.357054668782336	118	500	63	123	212	751	118	78
ENSG00000056487.18	339822	chr22	45008144	45008244	8817743	0	-	SS5_PROX	SS5_PROX:INTRON	protein_coding	PHF21B	0.808780211108463	0.667035225656464	-0.430220534978363	-0.188111811352918	272	257	38	28	613	701	100	83
ENSG00000198911.14	335702	chr22	41839553	41839653	8723880	0	+	INTRON	INTRON	protein_coding	SREBF2	0.812431572273846	0.670744622813716	0.425126277709698	0.276079037279814	1896	1412	47	14	786	481	10	7
ENSG00000056487.18	339822	chr22	44998648	44998748	8817648	0	-	INTRON	INTRON	protein_coding	PHF21B	0.815452089752186	0.675340046839439	0.418830453360293	0.208673514506646	272	257	13	15	613	701	33	29
ENSG00000100266.20	339621	chr22	42949943	42950043	8810501	0	-	INTRON	INTRON	protein_coding	PACSIN2	0.815452089752186	0.674798635622536	-0.419571330761204	-0.26787589223313	1501	2370	33	27	423	432	10	8
ENSG00000100084.15	336984	chr22	19423453	19423553	8752579	0	-	INTRON	INTRON	protein_coding	HIRA	0.815452089752186	0.674839018204387	0.419516062524659	0.271655189788832	171	185	39	15	164	128	24	12
ENSG00000099917.18	332730	chr22	20580116	20580216	8667377	0	+	INTRON	INTRON	protein_coding	MED15	0.81763978123427	0.677854285988892	0.415392923765249	0.449365163671753	19	71	33	38	9	51	19	15
ENSG00000056487.18	339822	chr22	44994850	44994950	8817610	0	-	INTRON	INTRON	protein_coding	PHF21B	0.819127679308303	0.680550343952588	0.411712251616288	0.220031070258911	272	257	17	11	613	701	29	26
ENSG00000056487.18	339822	chr22	44990053	44990153	8817562	0	-	INTRON	INTRON	protein_coding	PHF21B	0.819127679308303	0.681491218174629	0.41042907960884	0.187365252698987	272	257	21	20	613	701	40	48
ENSG00000100239.17	336427	chr22	50400411	50400511	8744948	0	+	INTRON	INTRON	protein_coding	PPP6R2	0.819127679308303	0.681902681486035	0.409868135001478	0.214999464898948	317	357	26	30	212	236	6	23
ENSG00000100266.20	339621	chr22	42945045	42945145	8810452	0	-	INTRON	INTRON	protein_coding	PACSIN2	0.819127679308303	0.681515087547921	0.410396535157972	0.254909704142794	1501	2370	39	45	423	432	4	11
ENSG00000100207.21	339471	chr22	42269138	42269238	8807131	0	-	INTRON	INTRON	protein_coding	TCF20	0.823868981011379	0.686557484176149	0.40353120399517	0.227562486360747	890	780	65	27	430	360	19	15
ENSG00000100330.17	334020	chr22	29883359	29883459	8695399	0	+	SS5_ADJ	SS5_ADJ:SS5_PROX:INTRON	protein_coding	MTMR3	0.824638723597478	0.687907388842913	-0.401696516062595	-0.190013289833768	1260	948	115	94	423	217	35	31
ENSG00000054611.15	336244	chr22	46769841	46769941	8735936	0	+	INTRON	INTRON	protein_coding	TBC1D22A	0.825429229043915	0.689275954150074	-0.399837845259839	-0.235412618495086	114	154	36	36	65	76	28	19
ENSG00000100345.24	338610	chr22	36386706	36386806	8793292	0	-	INTRON	INTRON	protein_coding	MYH9	0.827191028358144	0.692168437818584	-0.395914047265604	-0.181210838792174	295	301	28	43	187	166	19	28
ENSG00000054611.15	336244	chr22	46777233	46777333	8736010	0	+	INTRON	INTRON	protein_coding	TBC1D22A	0.827191028358144	0.69165347277388	-0.396612175372711	-0.322520812896638	114	154	31	11	65	76	11	14
ENSG00000196576.17	340242	chr22	50305955	50306054	8823939	0	-	INTRON	INTRON	protein_coding	PLXNB2	0.827653484708807	0.695922398380312	0.390830676374898	0.310807023125783	89	162	167	74	99	197	158	71
ENSG00000054611.15	336244	chr22	46773237	46773337	8735970	0	+	INTRON	INTRON	protein_coding	TBC1D22A	0.827653484708807	0.694694606265566	0.39249215560848	0.309139308141563	114	154	30	19	65	76	17	7
ENSG00000197077.15	333542	chr22	25067457	25067557	8680937	0	+	INTRON	INTRON	protein_coding	KIAA1671	0.827653484708807	0.696110619871067	0.390576065772478	0.229872635745399	560	495	20	11	570	463	17	9
ENSG00000099910.18	337203	chr22	20493092	20493190	8756083	0	-	INTRON	INTRON	protein_coding	KLHL22	0.827653484708807	0.694228807114204	-0.393122770116573	-0.223802442271285	130	162	21	16	135	140	22	18
ENSG00000197077.15	333531	chr22	24972361	24972461	8679981	0	+	INTRON	INTRON	protein_coding	KIAA1671	0.827653484708807	0.693920585109857	0.393540137350727	0.249585734959947	618	619	20	14	333	260	4	8
ENSG00000056487.18	339822	chr22	44999148	44999248	8817653	0	-	INTRON	INTRON	protein_coding	PHF21B	0.82992852609637	0.699450072251323	-0.386062917735126	-0.203094999336071	272	257	9	15	613	701	38	35
ENSG00000100241.23	340365	chr22	50474485	50474585	8824506	0	-	SS5_PROX	SS5_PROX:INTRON	protein_coding	SBF1	0.82992852609637	0.699058732655119	0.386591390575032	0.430258340873165	11	20	60	45	4	25	44	32
ENSG00000070413.22	336826	chr22	19117036	19117135	8750210	0	-	INTRON	INTRON	protein_coding	DGCR2	0.829960642567233	0.700190164090226	-0.385063777423686	-0.179285789449567	383	343	47	28	177	132	15	17
ENSG00000099917.18	332730	chr22	20578622	20578721	8667362	0	+	INTRON	INTRON	protein_coding	MED15	0.831178101744725	0.701931335064488	0.382714671312495	0.470882141474462	19	71	30	24	9	51	17	9
ENSG00000290920.2	337414	chr22	23397444	23397543	8760291	0	-	INTRON	INTRON	lncRNA	ENSG00000290920	0.831624680909172	0.703022926129403	0.381243025059075	0.250336276897792	87	180	52	60	74	218	53	47
ENSG00000100345.24	338610	chr22	36387006	36387106	8793295	0	-	INTRON	INTRON	protein_coding	MYH9	0.835080847843031	0.70694023960176	0.375968600386955	0.160728621924395	295	301	50	76	187	166	40	31
ENSG00000100426.9	336279	chr22	49854089	49854189	8742640	0	+	SS5_PROX	SS5_PROX:INTRON	protein_coding	ZBED4	0.835080847843031	0.708814327894257	0.373448957420045	0.146140338798239	373	271	86	66	204	119	37	30
ENSG00000054611.15	336244	chr22	46778133	46778232	8736019	0	+	INTRON	INTRON	protein_coding	TBC1D22A	0.835080847843031	0.708328831252334	-0.374101461696098	-0.265261750905671	114	154	25	14	65	76	11	12
ENSG00000100207.21	339471	chr22	42269538	42269638	8807135	0	-	INTRON	INTRON	protein_coding	TCF20	0.835080847843031	0.708494543649875	0.373878727438551	0.209194741531318	890	780	31	28	430	360	8	14
ENSG00000100266.20	339621	chr22	42986030	42986130	8810862	0	-	INTRON	INTRON	protein_coding	PACSIN2	0.837960468033892	0.711978438905086	0.369200291110153	0.254149162045651	1501	2370	55	30	423	432	8	8
ENSG00000100266.20	339621	chr22	42981731	42981831	8810819	0	-	INTRON	INTRON	protein_coding	PACSIN2	0.838551199755921	0.713200762679005	-0.367560781237675	-0.187195619718362	1501	2370	57	79	423	432	19	18
ENSG00000100266.20	339621	chr22	42937447	42937547	8810376	0	-	INTRON	INTRON	protein_coding	PACSIN2	0.83989297974492	0.715785082394296	-0.364097662326905	-0.285943484565524	1501	2370	42	17	423	432	10	7
ENSG00000100266.20	339621	chr22	43007522	43007622	8811077	0	-	INTRON	INTRON	protein_coding	PACSIN2	0.83989297974492	0.715279949836848	0.364774220903632	0.217395034255911	1501	2370	54	67	423	432	17	10
ENSG00000197182.17	336103	chr22	46053920	46054020	8733169	0	+	SS5_ADJ	SS5_ADJ:SS5_PROX:INTRON	lncRNA	MIRLET7BHG	0.844533640541824	0.722642187267746	0.354929794115601	0.274871949722925	0	12	129	150	7	16	187	175
ENSG00000196576.17	340242	chr22	50297578	50297678	8823855	0	-	INTRON	INTRON	protein_coding	PLXNB2	0.844533640541824	0.721999655981419	0.355787573369668	0.30968415497876	89	162	42	19	99	197	40	19
ENSG00000183741.13	339103	chr22	38863515	38863615	8799837	0	-	UTR3	UTR3:EXON_MRNA	protein_coding	CBX6	0.844533640541824	0.720702258013053	0.357520398657149	0.38563505184284	29	59	33	27	7	51	13	17
ENSG00000290920.2	337414	chr22	23396065	23396164	8760277	0	-	INTRON	INTRON	lncRNA	ENSG00000290920	0.844533640541824	0.722307638517016	0.355376384062698	0.248033159953592	87	180	78	70	74	218	75	59
ENSG00000290920.2	337414	chr22	23397346	23397444	8760290	0	-	INTRON	INTRON	lncRNA	ENSG00000290920	0.84989321467762	0.729638037400093	0.345607062750124	0.278276282100555	87	180	34	34	74	218	38	22
ENSG00000100266.20	339621	chr22	43007922	43008022	8811081	0	-	INTRON	INTRON	protein_coding	PACSIN2	0.84989321467762	0.7296561332475	0.34558298732056	0.226498046118302	1501	2370	21	30	423	432	6	5
ENSG00000198911.14	335702	chr22	41847446	41847546	8723959	0	+	INTRON	INTRON	protein_coding	SREBF2	0.84989321467762	0.729201781716282	0.346187535198395	0.237626751817335	1896	1412	28	10	786	481	8	4
ENSG00000291035.2	339507	chr22	42572190	42572289	8808015	0	-	INTRON	INTRON	lncRNA	RRP7BP	0.84989321467762	0.730148809860498	0.344927587818439	0.158008323931593	293	307	23	27	207	209	20	14
ENSG00000100345.24	338610	chr22	36351652	36351752	8792941	0	-	INTRON	INTRON	protein_coding	MYH9	0.850874126045094	0.731722508738092	-0.342835112921826	-0.196025063744361	295	301	20	11	187	166	6	11
ENSG00000100266.20	339621	chr22	43014420	43014520	8811146	0	-	INTRON	INTRON	protein_coding	PACSIN2	0.855493026251203	0.737164523479344	-0.335610608057143	-0.205961584292763	1501	2370	262	132	423	432	53	46
ENSG00000241878.13	338332	chr22	31623182	31623281	8780277	0	-	INTRON	INTRON	protein_coding	PISD	0.855493026251203	0.737156456673409	0.335621304037429	0.200162892040214	449	427	21	28	318	251	26	9
ENSG00000100207.21	339471	chr22	42269238	42269338	8807132	0	-	INTRON	INTRON	protein_coding	TCF20	0.856244491010151	0.738547653757897	0.333777247344114	0.22774852597713	890	780	34	11	430	360	10	7
ENSG00000056487.18	339822	chr22	44998848	44998948	8817650	0	-	INTRON	INTRON	protein_coding	PHF21B	0.856377024477994	0.739397688660124	0.332651069603698	0.194126426340768	272	257	38	15	613	701	66	43
ENSG00000183579.17	333854	chr22	28884466	28884566	8690812	0	+	SS5_PROX	SS5_PROX:INTRON	protein_coding	ZNRF3	0.857770079185246	0.741636877837085	-0.329686470299046	-0.168624464194412	922	903	28	33	320	291	11	12
ENSG00000100084.15	336984	chr22	19430839	19430939	8752653	0	-	INTRON	INTRON	protein_coding	HIRA	0.857770079185246	0.74207428671782	0.329107696922553	0.191787842503097	171	185	21	15	164	128	13	12
ENSG00000056487.18	339822	chr22	45002846	45002946	8817690	0	-	INTRON	INTRON	protein_coding	PHF21B	0.858266868160015	0.744450061217494	-0.325966024091738	-0.211032369999371	272	257	18	6	613	701	31	28
ENSG00000054611.15	336250	chr22	46815705	46815804	8736399	0	+	INTRON	INTRON	protein_coding	TBC1D22A	0.858266868160015	0.745022463531469	0.325209573536205	0.295733802427703	108	208	63	20	87	115	29	13
ENSG00000099910.18	337203	chr22	20491713	20491812	8756069	0	-	INTRON	INTRON	protein_coding	KLHL22	0.858266868160015	0.746007243284323	0.323908586220374	0.242281087053744	130	162	49	19	135	140	40	14
ENSG00000100425.21	339997	chr22	49785293	49785393	8822139	0	-	INTRON	INTRON	protein_coding	BRD1	0.858266868160015	0.744986640168493	0.325256909955404	0.257282504372158	17	38	39	56	10	22	22	25
ENSG00000100266.20	339621	chr22	42994527	42994627	8810947	0	-	INTRON	INTRON	protein_coding	PACSIN2	0.858266868160015	0.746190782283449	0.323666174485824	0.187446940276576	1501	2370	42	48	423	432	6	12
ENSG00000100239.17	336424	chr22	50384716	50384815	8744789	0	+	INTRON	INTRON	protein_coding	PPP6R2	0.859085638350941	0.747640680111257	0.321751868521771	0.164627843615035	793	640	31	30	646	396	29	14
ENSG00000290199.2	337529	chr22	23914015	23914115	8761849	0	-	INTRON	INTRON	lncRNA	ENSG00000290199	0.860335065082184	0.751361156086244	-0.316845080182232	-0.189635867931056	494	325	34	10	550	502	35	24
ENSG00000100345.24	338610	chr22	36386107	36386207	8793286	0	-	INTRON	INTRON	protein_coding	MYH9	0.860335065082184	0.750004793322069	-0.318633043582805	-0.142628616301202	295	301	50	32	187	166	33	21
ENSG00000070413.22	336826	chr22	19119032	19119131	8750230	0	-	INTRON	INTRON	protein_coding	DGCR2	0.860335065082184	0.750277051835103	0.318274069669185	0.18241892363878	383	343	65	22	177	132	19	12
ENSG00000100266.20	339621	chr22	42994227	42994327	8810944	0	-	INTRON	INTRON	protein_coding	PACSIN2	0.860335065082184	0.751684502739331	-0.316418992880113	-0.206073690671736	1501	2370	39	25	423	432	8	9
ENSG00000290920.2	337414	chr22	23396853	23396952	8760285	0	-	INTRON	INTRON	lncRNA	ENSG00000290920	0.866249961027919	0.758898911840931	-0.3069270334366	-0.237968569703306	87	180	78	51	74	218	96	67
ENSG00000197182.17	336111	chr22	46061311	46061411	8733249	0	+	INTRON	INTRON	lncRNA	MIRLET7BHG	0.866249961027919	0.757720165605423	0.308475992161773	0.196528066656158	118	500	50	167	212	751	111	142
ENSG00000196576.17	340242	chr22	50297977	50298077	8823859	0	-	INTRON	INTRON	protein_coding	PLXNB2	0.866249961027919	0.759085017395599	0.306682544525348	0.208528038909589	89	162	36	29	99	197	38	28
ENSG00000099889.15	337114	chr22	19986886	19986986	8754662	0	-	INTRON	INTRON	protein_coding	ARVCF	0.870478120918015	0.7635379393963	0.300838118889704	0.314413389977524	13	31	41	48	4	36	28	35
ENSG00000290796.1	337613	chr22	25373767	25373867	8763352	0	-	SS5_PROX	SS5_PROX:INTRON	lncRNA	ENSG00000290796	0.871902858653076	0.766355133202917	-0.297145886480027	-0.268049868929766	27	53	30	19	24	41	29	18
ENSG00000100266.20	339621	chr22	42978433	42978533	8810786	0	-	INTRON	INTRON	protein_coding	PACSIN2	0.871902858653076	0.76623404028068	-0.29730450799662	-0.221430530402445	1501	2370	31	22	423	432	2	10
ENSG00000070413.22	336826	chr22	19117135	19117235	8750211	0	-	INTRON	INTRON	protein_coding	DGCR2	0.871902858653076	0.768172495738185	0.294766190238674	0.159473364864941	383	343	42	21	177	132	8	12
ENSG00000197077.15	333542	chr22	25066757	25066857	8680930	0	+	INTRON	INTRON	protein_coding	KIAA1671	0.871902858653076	0.768532932111732	0.294294425296183	0.153018586576192	560	495	21	15	570	463	19	13
ENSG00000100266.20	339621	chr22	42949343	42949443	8810495	0	-	INTRON	INTRON	protein_coding	PACSIN2	0.871902858653076	0.767717393317212	-0.295361954625166	-0.18692963451225	1501	2370	28	28	423	432	4	9
ENSG00000241878.13	338332	chr22	31628763	31628863	8780333	0	-	INTRON	INTRON	protein_coding	PISD	0.874136390954755	0.772754593034744	0.2887736561019	0.151728508768942	449	427	30	54	318	251	24	26
ENSG00000070413.22	336826	chr22	19115838	19115938	8750198	0	-	INTRON	INTRON	protein_coding	DGCR2	0.874136390954755	0.772681075515851	-0.288869721007883	-0.156200491440165	383	343	23	15	177	132	8	9
ENSG00000290920.2:ENSG00000133519.14	337416	chr22	23399183	23399283	8760309	0	-	SS5_PROX	SS5_PROX:INTRON	lncRNA	ENSG00000290920:ZDHHC8BP	0.874136390954755	0.771757717417791	0.290076494907769	0.305924245322683	21	34	36	32	7	53	24	33
ENSG00000197182.17	336111	chr22	46071383	46071483	8733350	0	+	INTRON	INTRON	lncRNA	MIRLET7BHG	0.87578161491237	0.774961394638953	0.28589127745357	0.182584021027019	118	500	47	175	212	751	111	145
ENSG00000056487.18	339822	chr22	45007844	45007944	8817740	0	-	INTRON	INTRON	protein_coding	PHF21B	0.875846234539319	0.776659869543655	0.283674459273912	0.135967753330418	272	257	30	20	613	701	46	57
ENSG00000070413.22	336826	chr22	19116836	19116936	8750208	0	-	INTRON	INTRON	protein_coding	DGCR2	0.875846234539319	0.777275910892712	0.28287075840269	0.126986168052374	383	343	47	34	177	132	15	15
ENSG00000100239.17	336429	chr22	50408570	50408670	8745030	0	+	INTRON	INTRON	protein_coding	PPP6R2	0.875846234539319	0.776334541670105	-0.28409896296778	-0.150248963361732	194	169	34	16	242	136	26	23
ENSG00000170638.11	336380	chr22	50186345	50186445	8744019	0	+	SS5_PROX	SS5_PROX:INTRON	protein_coding	TRABD	0.876745684244248	0.779580569753262	0.279865665750319	0.229986029885714	13	32	96	129	9	28	84	68
ENSG00000054611.15	336244	chr22	46770440	46770540	8735942	0	+	INTRON	INTRON	protein_coding	TBC1D22A	0.876745684244248	0.778949859857351	-0.280687809211893	-0.191368543890389	114	154	21	17	65	76	13	10
ENSG00000056487.18	339822	chr22	44982357	44982457	8817485	0	-	INTRON	INTRON	protein_coding	PHF21B	0.879492637190515	0.786419443073166	0.270963060675153	0.134285306660771	272	257	49	28	613	701	100	69
ENSG00000197182.17	336111	chr22	46070685	46070785	8733343	0	+	INTRON	INTRON	lncRNA	MIRLET7BHG	0.879492637190515	0.789361090548318	0.267140363961657	0.171439099022875	118	500	110	550	212	751	283	421
ENSG00000100425.21	339997	chr22	49780606	49780706	8822092	0	-	INTRON	INTRON	protein_coding	BRD1	0.879492637190515	0.790267728309343	-0.265962969384629	-0.223766861650737	17	38	55	54	10	22	42	34
ENSG00000100239.17	336445	chr22	50433406	50433502	8745288	0	+	INTRON	INTRON	protein_coding	PPP6R2	0.879492637190515	0.79033444888426	0.265876338069313	0.354423063724472	3	24	44	17	12	37	53	39
ENSG00000198911.14	335702	chr22	41833758	41833858	8723822	0	+	SS5_PROX	SS5_PROX:INTRON	protein_coding	SREBF2	0.879492637190515	0.788488780178065	0.268273529318864	0.123154866961683	1896	1412	110	105	786	481	37	37
ENSG00000170638.11	336380	chr22	50186245	50186345	8744018	0	+	SS5_PROX	SS5_PROX:INTRON	protein_coding	TRABD	0.879492637190515	0.787715052072785	0.269278920769725	0.277614786725098	13	32	126	63	9	28	80	49
ENSG00000100266.20	339621	chr22	42916655	42916755	8810168	0	-	INTRON	INTRON	protein_coding	PACSIN2	0.879492637190515	0.788557753647785	0.268183917554431	0.213603616512518	1501	2370	39	20	423	432	2	8
ENSG00000100266.20	339621	chr22	42984930	42985030	8810851	0	-	INTRON	INTRON	protein_coding	PACSIN2	0.879492637190515	0.788489768756474	-0.268272244922048	-0.191086087503377	1501	2370	28	19	423	432	8	5
ENSG00000100266.20	339621	chr22	42980232	42980332	8810804	0	-	INTRON	INTRON	protein_coding	PACSIN2	0.879492637190515	0.788391243216847	0.268400255042256	0.218478355239547	1501	2370	20	14	423	432	4	3
ENSG00000100266.20	339621	chr22	42971635	42971735	8810718	0	-	INTRON	INTRON	protein_coding	PACSIN2	0.879492637190515	0.78635934856206	0.271041195115528	0.158526545431914	1501	2370	47	49	423	432	6	13
ENSG00000198911.14	335702	chr22	41842550	41842650	8723910	0	+	INTRON	INTRON	protein_coding	SREBF2	0.879492637190515	0.786726249904983	-0.270564178463325	-0.163359015964694	1896	1412	44	41	786	481	11	22
ENSG00000100426.9	336279	chr22	49855586	49855686	8742655	0	+	INTRON	INTRON	protein_coding	ZBED4	0.880557528514961	0.79204788003021	-0.263652266646498	-0.130963249712697	373	271	31	28	204	119	15	16
ENSG00000100426.9	336279	chr22	49858281	49858381	8742682	0	+	INTRON	INTRON	protein_coding	ZBED4	0.885180694733702	0.796966811066082	-0.257274584265345	-0.156659804289772	373	271	20	16	204	119	6	11
ENSG00000100266.20	339621	chr22	42984330	42984430	8810845	0	-	INTRON	INTRON	protein_coding	PACSIN2	0.886985754407787	0.799354000321107	-0.254183237035518	-0.218782889935088	1501	2370	21	15	423	432	10	3
ENSG00000197182.17	336111	chr22	46066995	46067095	8733306	0	+	INTRON	INTRON	lncRNA	MIRLET7BHG	0.889583430957232	0.802459280502658	0.250165608150341	0.203441405006149	118	500	17	35	212	751	37	26
ENSG00000197077.15	333531	chr22	24982455	24982555	8680082	0	+	INTRON	INTRON	protein_coding	KIAA1671	0.893778195631256	0.807011068392139	0.244283749402874	0.14584862866248	618	619	52	21	333	260	13	14
ENSG00000290920.2:ENSG00000133519.14	337416	chr22	23398606	23398701	8760303	0	-	INTRON	INTRON	lncRNA	ENSG00000290920:ZDHHC8BP	0.895390395391845	0.8092359930861	-0.241411767750799	-0.27165428406121	21	34	36	24	7	53	38	37
ENSG00000099991.19	333313	chr22	24157402	24157502	8675749	0	+	INTRON	INTRON	protein_coding	CABIN1	0.896755448134826	0.811240109008567	0.23882651509286	0.177072282897087	77	98	26	17	59	79	19	12
ENSG00000099910.18	337203	chr22	20491812	20491910	8756070	0	-	INTRON	INTRON	protein_coding	KLHL22	0.904381171534974	0.81891559690538	0.228939940394726	0.14260848713331	130	162	65	27	135	140	44	30
ENSG00000054611.15	336250	chr22	46803215	46803315	8736274	0	+	INTRON	INTRON	protein_coding	TBC1D22A	0.905550927260637	0.820777852914566	0.226544628345652	0.143169325922836	108	208	26	27	87	115	17	15
ENSG00000099910.18	337203	chr22	20494077	20494175	8756093	0	-	INTRON	INTRON	protein_coding	KLHL22	0.905550927260637	0.821530738133362	0.225576605318632	0.12399833849485	130	162	49	33	135	140	46	26
ENSG00000197182.17	336111	chr22	46071084	46071184	8733347	0	+	INTRON	INTRON	lncRNA	MIRLET7BHG	0.906281445453477	0.822972068594781	-0.223724001745702	-0.158716625378292	118	500	70	244	212	751	212	222
ENSG00000100207.21	339471	chr22	42269738	42269838	8807137	0	-	INTRON	INTRON	protein_coding	TCF20	0.911492213720472	0.828486909034587	0.216642567951536	0.103289460343009	890	780	115	63	430	360	51	28
ENSG00000138942.18	334253	chr22	31183951	31184051	8700678	0	+	INTRON	INTRON	protein_coding	RNF185	0.912618561675064	0.831829025896657	-0.212356363960646	-0.0966704651993314	610	508	68	35	390	291	37	27
ENSG00000100266.20	339621	chr22	43014020	43014120	8811142	0	-	INTRON	INTRON	protein_coding	PACSIN2	0.912618561675064	0.831311674208452	0.213019600932744	0.129194660446702	1501	2370	34	35	423	432	8	8
ENSG00000099991.19	333313	chr22	24155003	24155103	8675725	0	+	INTRON	INTRON	protein_coding	CABIN1	0.912618561675064	0.831862795478731	-0.212313075122252	-0.142970615220221	77	98	28	22	59	79	26	18
ENSG00000290920.2	337414	chr22	23396558	23396656	8760282	0	-	INTRON	INTRON	lncRNA	ENSG00000290920	0.916784871987768	0.836448053308428	0.206438943609874	0.13273691915079	87	180	52	53	74	218	49	53
ENSG00000100266.20	339621	chr22	42985430	42985530	8810856	0	-	INTRON	INTRON	protein_coding	PACSIN2	0.918783570660393	0.83906094124742	-0.203094793331386	-0.121243660795361	1501	2370	39	58	423	432	17	10
ENSG00000100266.20	339621	chr22	42988329	42988429	8810885	0	-	INTRON	INTRON	protein_coding	PACSIN2	0.920263078711744	0.841202676760563	-0.200355350255633	-0.110290359077283	1501	2370	38	50	423	432	11	12
ENSG00000056487.18	339822	chr22	44994751	44994850	8817609	0	-	INTRON	INTRON	protein_coding	PHF21B	0.92167077706436	0.843281252210948	-0.19769813085916	-0.108066539336792	272	257	18	15	613	701	58	33
ENSG00000291015.2	338995	chr22	38397815	38397908	8798591	0	-	INTRON	INTRON	lncRNA	ENSG00000291015	0.923450314842566	0.845702779744137	0.194604244774035	0.209157883441877	3	8	117	64	4	5	73	37
ENSG00000196576.17	340242	chr22	50306653	50306752	8823946	0	-	INTRON	INTRON	protein_coding	PLXNB2	0.923525164020325	0.846729312818313	0.193293249425025	0.124150208062843	89	162	71	53	99	197	76	57
ENSG00000070413.22	336826	chr22	19116537	19116636	8750205	0	-	INTRON	INTRON	protein_coding	DGCR2	0.923525164020325	0.847358140183597	0.192490332092788	0.115356347473039	383	343	20	13	177	132	8	5
ENSG00000056487.18	339822	chr22	44975061	44975161	8817412	0	-	INTRON	INTRON	protein_coding	PHF21B	0.927870078395604	0.852938989590461	0.185369805633971	0.0903753666870286	272	257	44	25	613	701	89	67
ENSG00000056487.18	339822	chr22	44998449	44998549	8817646	0	-	INTRON	INTRON	protein_coding	PHF21B	0.927870078395604	0.852603238224556	-0.185797916822621	-0.107375701116774	272	257	10	10	613	701	35	21
ENSG00000056487.18	339822	chr22	45007344	45007444	8817735	0	-	INTRON	INTRON	protein_coding	PHF21B	0.92824390429801	0.854080087202035	-0.183915063774766	-0.0767525713932547	272	257	31	30	613	701	75	83
ENSG00000056487.18	339822	chr22	44999348	44999448	8817655	0	-	INTRON	INTRON	protein_coding	PHF21B	0.928585820919873	0.856727990587899	-0.180540846169541	-0.0811234280942078	272	257	23	21	613	701	60	54
ENSG00000054611.15	336244	chr22	46762848	46762948	8735866	0	+	SS5_ADJ	SS5_ADJ:SS5_PROX:INTRON	protein_coding	TBC1D22A	0.928585820919873	0.858383456451704	0.178432335808748	0.113132194225684	114	154	70	39	65	76	29	23
ENSG00000099910.18	337203	chr22	20491418	20491516	8756066	0	-	INTRON	INTRON	protein_coding	KLHL22	0.928585820919873	0.855275958993874	0.182390909919892	0.105958594861655	130	162	26	17	135	140	17	18
ENSG00000198911.14	335702	chr22	41847246	41847346	8723957	0	+	INTRON	INTRON	protein_coding	SREBF2	0.928585820919873	0.858054731567697	0.178850958058275	0.0958217828003933	1896	1412	36	22	786	481	11	9
ENSG00000186716.22	333081	chr22	23204726	23204826	8671508	0	+	INTRON	INTRON	protein_coding	BCR	0.928585820919873	0.85707137669548	0.180103421333168	0.109946081068748	293	466	31	22	159	200	15	10
ENSG00000100426.9	336279	chr22	49854788	49854888	8742647	0	+	INTRON	INTRON	protein_coding	ZBED4	0.931729475468984	0.86208990127156	0.173714423867034	0.0952388406075377	373	271	34	17	204	119	8	12
ENSG00000183741.13	339103	chr22	38864811	38864911	8799850	0	-	UTR3	UTR3:EXON_MRNA	protein_coding	CBX6	0.932137889794042	0.863268595530909	-0.172214885815009	-0.197321159047958	29	59	33	27	7	51	26	17
ENSG00000056487.18	339822	chr22	44993451	44993551	8817596	0	-	INTRON	INTRON	protein_coding	PHF21B	0.932510073040895	0.864414406195125	0.170757553488946	0.076474962076506	272	257	20	33	613	701	62	66
ENSG00000054611.15	336250	chr22	46815804	46815904	8736400	0	+	INTRON	INTRON	protein_coding	TBC1D22A	0.933318675999044	0.865965781854783	-0.168784968794698	-0.146178127314542	108	208	41	14	87	115	22	15
ENSG00000056487.18	339822	chr22	45007944	45008044	8817741	0	-	INTRON	INTRON	protein_coding	PHF21B	0.933322950200667	0.868654433144975	0.165367880610811	0.0762980048418502	272	257	26	45	613	701	71	99
ENSG00000197182.17	336111	chr22	46061809	46061909	8733254	0	+	INTRON	INTRON	lncRNA	MIRLET7BHG	0.933322950200667	0.86932562770185	0.16451514181804	0.100790246842339	118	500	21	82	212	751	55	80
ENSG00000070413.22	336826	chr22	19115139	19115239	8750191	0	-	INTRON	INTRON	protein_coding	DGCR2	0.933322950200667	0.868232363312186	-0.165904173148731	-0.0883909616606622	383	343	26	19	177	132	15	8
ENSG00000290418.2	332343	chr22	16602515	16602615	8658980	0	+	SS5_PROX	SS5_PROX:INTRON	lncRNA	TPTEP1	0.933322950200667	0.870780690651138	0.162666924305253	0.0994230443868238	136	130	33	22	77	69	19	11
ENSG00000290418.2	332343	chr22	16603310	16603410	8658988	0	+	INTRON	INTRON	lncRNA	TPTEP1	0.933322950200667	0.870779016624506	0.162669050329471	0.107219294874071	136	130	49	21	77	69	20	14
ENSG00000186716.22	333081	chr22	23233909	23234009	8671800	0	+	INTRON	INTRON	protein_coding	BCR	0.933322950200667	0.86949647764442	-0.164298099626556	-0.113547912278789	293	466	20	12	159	200	11	7
ENSG00000197182.17	336111	chr22	46069987	46070087	8733336	0	+	INTRON	INTRON	lncRNA	MIRLET7BHG	0.934942312680798	0.873897969241158	0.158709225717708	0.105942471065011	118	500	65	139	212	751	125	144
ENSG00000100266.20	339621	chr22	42986730	42986830	8810869	0	-	INTRON	INTRON	protein_coding	PACSIN2	0.934942312680798	0.873323440636458	0.15943845886916	0.0959718556917178	1501	2370	63	45	423	432	10	13
ENSG00000056487.18	339822	chr22	44975361	44975461	8817415	0	-	INTRON	INTRON	protein_coding	PHF21B	0.938191842903411	0.877741337561696	0.153833096042142	0.0875890940585897	272	257	10	12	613	701	35	20
ENSG00000100266.20	339621	chr22	42932849	42932949	8810330	0	-	INTRON	INTRON	protein_coding	PACSIN2	0.938722460668527	0.879044228632899	0.152180937346073	0.0870481344686127	1501	2370	49	78	423	432	8	19
ENSG00000100266.20	339621	chr22	42990528	42990628	8810907	0	-	INTRON	INTRON	protein_coding	PACSIN2	0.939237160754486	0.880333112013011	-0.150546950036738	-0.0999238853308468	1501	2370	20	26	423	432	8	5
ENSG00000070413.22	336826	chr22	19120628	19120728	8750246	0	-	INTRON	INTRON	protein_coding	DGCR2	0.942498003038265	0.884199157489507	0.145648146904858	0.0769516801277808	383	343	25	23	177	132	8	10
ENSG00000100266.20	339621	chr22	42994727	42994827	8810949	0	-	INTRON	INTRON	protein_coding	PACSIN2	0.943631640688329	0.886073353326756	-0.143274551619207	-0.0954556589495781	1501	2370	109	51	423	432	17	20
ENSG00000100266.20	339621	chr22	43014220	43014320	8811144	0	-	INTRON	INTRON	protein_coding	PACSIN2	0.947166467089514	0.890206284360763	0.138043189027109	0.0732598617239278	1501	2370	54	66	423	432	10	16
ENSG00000100207.21	339471	chr22	42269438	42269538	8807134	0	-	INTRON	INTRON	protein_coding	TCF20	0.949004348398268	0.893564231825173	0.13379556810621	0.0791306193621506	890	780	144	48	430	360	44	34
ENSG00000100266.20	339621	chr22	42986330	42986430	8810865	0	-	INTRON	INTRON	protein_coding	PACSIN2	0.949004348398268	0.893538549512963	-0.133828045577783	-0.0834674962133189	1501	2370	30	32	423	432	10	7
ENSG00000241484.11	335938	chr22	44753725	44753825	8728230	0	+	INTRON	INTRON	protein_coding	ARHGAP8	0.949957147727386	0.895277483725896	0.131629332098423	0.0530375148543402	256	199	54	40	199	162	48	28
ENSG00000197182.17	336111	chr22	46071283	46071383	8733349	0	+	INTRON	INTRON	lncRNA	MIRLET7BHG	0.950326514737636	0.896442021633956	0.130157243318898	0.0933520234092426	118	500	171	358	212	751	344	339
ENSG00000099917.18	332730	chr22	20581312	20581412	8667389	0	+	INTRON	INTRON	protein_coding	MED15	0.954082742139637	0.900804925783042	0.12464459018394	0.129412623065559	19	71	20	43	9	51	19	15
ENSG00000197077.15	333542	chr22	25069956	25070056	8680962	0	+	INTRON	INTRON	protein_coding	KIAA1671	0.956176082992386	0.903602827570124	0.12111136487819	0.0686456547834543	560	495	21	10	570	463	11	14
ENSG00000197182.17	336111	chr22	46062109	46062208	8733257	0	+	INTRON	INTRON	lncRNA	MIRLET7BHG	0.957764778453646	0.905926994052805	-0.118177529482735	-0.0797993844900799	118	500	31	87	212	751	80	90
ENSG00000056487.18	339822	chr22	44972662	44972762	8817388	0	-	INTRON	INTRON	protein_coding	PHF21B	0.959340789418261	0.909099975140173	-0.114173857404769	-0.0624079122234394	272	257	12	12	613	701	40	25
ENSG00000099917.18	332730	chr22	20580515	20580615	8667381	0	+	INTRON	INTRON	protein_coding	MED15	0.959340789418261	0.90989023326268	0.113176995674795	0.154870045959468	19	71	60	22	9	51	35	15
ENSG00000070413.22	336826	chr22	19118533	19118632	8750225	0	-	INTRON	INTRON	protein_coding	DGCR2	0.959340789418261	0.909550808665314	-0.113605144968087	-0.0681449121141808	383	343	21	13	177	132	4	8
ENSG00000070413.22	336826	chr22	19116237	19116337	8750202	0	-	INTRON	INTRON	protein_coding	DGCR2	0.960431195480275	0.91257465824844	-0.109791593381317	-0.0534512876145881	383	343	30	23	177	132	13	10
ENSG00000099917.18	332730	chr22	20581512	20581611	8667391	0	+	INTRON	INTRON	protein_coding	MED15	0.960431195480275	0.912001602137644	0.110514183280413	0.127111821269885	19	71	52	35	9	51	29	25
ENSG00000100266.20	339621	chr22	42994927	42995027	8810951	0	-	INTRON	INTRON	protein_coding	PACSIN2	0.960667525551279	0.913624528166036	-0.108467917870447	-0.0896693429559789	1501	2370	49	17	423	432	10	6
ENSG00000100239.17	336427	chr22	50405092	50405192	8744995	0	+	INTRON	INTRON	protein_coding	PPP6R2	0.961258238587936	0.9150121377624	0.10671871148468	0.0684224831416252	317	357	44	16	212	236	24	13
ENSG00000056487.18	339822	chr22	44997149	44997249	8817633	0	-	INTRON	INTRON	protein_coding	PHF21B	0.961297002562137	0.916191157479396	0.105232708114779	0.0532284548949532	272	257	12	15	613	701	37	30
ENSG00000100266.20	339621	chr22	42939547	42939647	8810397	0	-	INTRON	INTRON	protein_coding	PACSIN2	0.961297002562137	0.916700749865955	-0.104590504277843	-0.0682220233880249	1501	2370	21	23	423	432	4	7
ENSG00000188677.15	335863	chr22	44030349	44030449	8726102	0	+	INTRON	INTRON	protein_coding	PARVB	0.961753091237392	0.917961928148404	0.103001313914811	0.0597820196664426	215	287	68	28	207	180	40	26
ENSG00000056487.18	339822	chr22	45007744	45007844	8817739	0	-	INTRON	INTRON	protein_coding	PHF21B	0.963457425327808	0.921244084527363	0.0988667306744579	0.060075837550801	272	257	55	20	613	701	102	66
ENSG00000100266.20	339621	chr22	42990428	42990528	8810906	0	-	INTRON	INTRON	protein_coding	PACSIN2	0.963457425327808	0.92073174868858	-0.0995120149653702	-0.0795113661336855	1501	2370	89	30	423	432	19	9
ENSG00000056487.18	339822	chr22	44995050	44995150	8817612	0	-	INTRON	INTRON	protein_coding	PHF21B	0.964487063149413	0.923057206484919	0.0965834418695396	0.0607267971953826	272	257	17	8	613	701	35	20
ENSG00000070413.22	336826	chr22	19120429	19120529	8750244	0	-	INTRON	INTRON	protein_coding	DGCR2	0.96453327314352	0.923930068346241	-0.095484415477069	-0.0461475873518504	383	343	33	23	177	132	13	11
ENSG00000100345.24	338610	chr22	36373224	36373324	8793157	0	-	INTRON	INTRON	protein_coding	MYH9	0.967094588279529	0.927214399072126	0.0913501141603044	0.0468136189388534	295	301	81	34	187	166	33	28
ENSG00000056487.18	339822	chr22	45007544	45007644	8817737	0	-	INTRON	INTRON	protein_coding	PHF21B	0.969020276364469	0.931545970096266	0.0858999263043969	0.0501827614041525	272	257	42	25	613	701	114	51
ENSG00000099889.15	337114	chr22	19986986	19987086	8754663	0	-	INTRON	INTRON	protein_coding	ARVCF	0.969020276364469	0.930068815625054	0.0877582572123789	0.105014230637004	13	31	54	40	4	36	44	33
ENSG00000100239.17	336441	chr22	50424312	50424412	8745194	0	+	INTRON	INTRON	protein_coding	PPP6R2	0.969020276364469	0.931558152278214	-0.085884601779473	-0.0673348919639592	85	71	26	21	35	37	6	15
ENSG00000241878.13	338332	chr22	31634344	31634444	8780389	0	-	INTRON	INTRON	protein_coding	PISD	0.969512702690585	0.932864456197127	-0.0842414585063597	-0.0525626864754855	449	427	28	20	318	251	29	8
ENSG00000100266.20	339621	chr22	42987329	42987429	8810875	0	-	INTRON	INTRON	protein_coding	PACSIN2	0.971793318198539	0.935893736856153	-0.0804319247663354	-0.053426705981409	1501	2370	49	31	423	432	11	8
ENSG00000241484.11	335938	chr22	44752727	44752827	8728220	0	+	SS5_PROX	SS5_PROX:INTRON	protein_coding	ARHGAP8	0.972845593501361	0.938853707191842	0.0767106812260232	0.0345551254209384	256	199	31	24	199	162	26	18
ENSG00000197077.15	333531	chr22	24971861	24971961	8679976	0	+	INTRON	INTRON	protein_coding	KIAA1671	0.972845593501361	0.937988124890378	0.0777987699907619	0.0404339426053959	618	619	75	36	333	260	24	23
ENSG00000197077.15	333531	chr22	24995348	24995448	8680211	0	+	INTRON	INTRON	protein_coding	KIAA1671	0.972845593501361	0.939414473449768	-0.0760058130292947	-0.0414125231418919	618	619	42	30	333	260	28	12
ENSG00000100425.21	340009	chr22	49815853	49815953	8822451	0	-	INTRON	INTRON	protein_coding	BRD1	0.977551688212077	0.944798667730745	-0.0692398949267963	-0.0279474463267427	348	252	59	34	285	184	35	32
ENSG00000290920.2	337414	chr22	23395671	23395770	8760273	0	-	INTRON	INTRON	lncRNA	ENSG00000290920	0.978857634846453	0.947390967730584	0.0659834926968508	0.0424370009577012	87	180	39	40	74	218	37	45
ENSG00000100266.20	339621	chr22	42950743	42950843	8810509	0	-	INTRON	INTRON	protein_coding	PACSIN2	0.978857634846453	0.947742744391711	0.0655416516444335	0.0531505820719806	1501	2370	31	14	423	432	6	4
ENSG00000056487.18	339822	chr22	44997249	44997349	8817634	0	-	INTRON	INTRON	protein_coding	PHF21B	0.983131244356882	0.953937983535217	-0.057762280819126	-0.0278633096195582	272	257	13	17	613	701	40	38
ENSG00000099910.18	337203	chr22	20491910	20492009	8756071	0	-	INTRON	INTRON	protein_coding	KLHL22	0.983131244356882	0.954414352339585	-0.0571642545182484	-0.0304605082580747	130	162	30	28	135	140	35	23
ENSG00000100266.20	339621	chr22	42984630	42984730	8810848	0	-	INTRON	INTRON	protein_coding	PACSIN2	0.983131244356882	0.95423605833829	-0.0573880797461659	-0.0408145213806889	1501	2370	31	21	423	432	8	5
ENSG00000056487.18	339822	chr22	45007144	45007244	8817733	0	-	INTRON	INTRON	protein_coding	PHF21B	0.984126777784618	0.95622627635258	-0.0548897770264789	-0.0233691415246654	272	257	25	30	613	701	67	72
ENSG00000197182.17	336111	chr22	46063605	46063704	8733272	0	+	INTRON	INTRON	lncRNA	MIRLET7BHG	0.985936989413577	0.958832192453754	-0.0516191095063779	-0.0364064304280992	118	500	20	38	212	751	42	46
ENSG00000128245.16	334491	chr22	31945320	31945419	8705431	0	+	INTRON	INTRON	protein_coding	YWHAH	0.987992531461294	0.961680015589043	-0.0480454562205736	-0.0410532635309158	46	113	70	35	35	52	29	31
ENSG00000197182.17	336111	chr22	46070286	46070386	8733339	0	+	INTRON	INTRON	lncRNA	MIRLET7BHG	0.990918409493276	0.974435130963832	-0.0320462960080046	-0.0255343515472861	118	500	157	277	212	751	344	264
ENSG00000056487.18	339822	chr22	45001347	45001447	8817675	0	-	INTRON	INTRON	protein_coding	PHF21B	0.990918409493276	0.977297537885121	0.0284571570680009	0.013086060923279	272	257	17	20	613	701	46	46
ENSG00000056487.18	339822	chr22	44995550	44995650	8817617	0	-	INTRON	INTRON	protein_coding	PHF21B	0.990918409493276	0.976740557636728	-0.0291555179933121	-0.0125744027708203	272	257	28	25	613	701	62	67
ENSG00000197182.17	336111	chr22	46071184	46071283	8733348	0	+	INTRON	INTRON	lncRNA	MIRLET7BHG	0.990918409493276	0.970626623592826	0.0368223873931951	0.0269065739165913	118	500	463	1075	212	751	1031	971
ENSG00000056487.18	339822	chr22	45001447	45001547	8817676	0	-	INTRON	INTRON	protein_coding	PHF21B	0.990918409493276	0.970622379557291	0.0368277101107341	0.0195278859859895	272	257	13	23	613	701	33	55
ENSG00000100266.20	339621	chr22	42985530	42985630	8810857	0	-	INTRON	INTRON	protein_coding	PACSIN2	0.990918409493276	0.973036487730014	0.0338001858684101	0.0193582070184635	1501	2370	104	83	423	432	13	27
ENSG00000100266.20	339621	chr22	42984530	42984630	8810847	0	-	INTRON	INTRON	protein_coding	PACSIN2	0.990918409493276	0.976735702102393	-0.0291616060907048	-0.0200587910436786	1501	2370	76	43	423	432	8	18
ENSG00000197077.15	333531	chr22	24971661	24971761	8679974	0	+	INTRON	INTRON	protein_coding	KIAA1671	0.990918409493276	0.970851997966761	0.0365397324110037	0.023785418181251	618	619	55	17	333	260	17	13
ENSG00000100266.20	339621	chr22	42986530	42986630	8810867	0	-	INTRON	INTRON	protein_coding	PACSIN2	0.990918409493276	0.977255585438979	-0.0285097579952832	-0.0175549542605289	1501	2370	33	31	423	432	8	8
ENSG00000197182.17	336111	chr22	46068990	46069089	8733326	0	+	INTRON	INTRON	lncRNA	MIRLET7BHG	0.990918409493276	0.965573994496687	0.0431599952786893	0.0352572084614232	118	500	31	32	212	751	49	45
ENSG00000290920.2	337412	chr22	23386967	23387067	8760185	0	-	INTRON	INTRON	lncRNA	ENSG00000290920	0.990918409493276	0.966727694143112	0.0417127445246596	0.019766022487202	161	194	46	32	209	262	57	43
ENSG00000188677.15	335863	chr22	44026750	44026850	8726066	0	+	INTRON	INTRON	protein_coding	PARVB	0.990918409493276	0.967681722308112	0.040516036440611	0.0228806494208091	215	287	20	14	207	180	11	13
ENSG00000198911.14	335702	chr22	41834157	41834257	8723826	0	+	INTRON	INTRON	protein_coding	SREBF2	0.990918409493276	0.974317739527362	0.0321935002699082	0.0175350372738574	1896	1412	30	22	786	481	11	8
ENSG00000099991.19	333313	chr22	24157002	24157102	8675745	0	+	INTRON	INTRON	protein_coding	CABIN1	0.990918409493276	0.975303206661373	0.0309577844365725	0.0232587841648191	77	98	44	25	59	79	37	18
ENSG00000100345.24	338610	chr22	36373424	36373523	8793159	0	-	INTRON	INTRON	protein_coding	MYH9	0.990918409493276	0.968300633256261	0.0397397218026196	0.0207272531641614	295	301	26	17	187	166	8	14
ENSG00000100266.20	339621	chr22	42979832	42979932	8810800	0	-	INTRON	INTRON	protein_coding	PACSIN2	0.991027641052082	0.978256666296256	-0.0272546013273756	-0.0195270330621179	1501	2370	36	20	423	432	6	7
ENSG00000138942.18	334253	chr22	31176967	31177066	8700608	0	+	INTRON	INTRON	protein_coding	RNF185	0.992758856739279	0.980818458118703	-0.0240428137668787	-0.0149476578920565	610	508	31	12	390	291	19	8
ENSG00000070413.22	336826	chr22	19104560	19104660	8750085	0	-	INTRON	INTRON	protein_coding	DGCR2	0.994026666937197	0.982924994540132	-0.0214019794693091	-0.0112948241795252	383	343	28	18	177	132	11	8
ENSG00000197182.17	336111	chr22	46070186	46070286	8733338	0	+	INTRON	INTRON	lncRNA	MIRLET7BHG	0.995830013698173	0.994974489631422	-0.00629858483833944	-0.00421079715432647	118	500	59	239	212	751	165	205
ENSG00000290199.2	337529	chr22	23913815	23913915	8761847	0	-	INTRON	INTRON	lncRNA	ENSG00000290199	0.995830013698173	0.988330736715183	0.0146257740713735	0.0101032440508215	494	325	129	27	550	502	127	60
ENSG00000197182.17	336111	chr22	46061710	46061809	8733253	0	+	INTRON	INTRON	lncRNA	MIRLET7BHG	0.995830013698173	0.986890896964947	0.0164305634065864	0.010975111967502	118	500	21	113	212	751	71	97
ENSG00000170638.11	336380	chr22	50186145	50186245	8744017	0	+	SS5_PROX	SS5_PROX:INTRON	protein_coding	TRABD	0.995830013698173	0.991753750219058	0.0103353254287795	0.011501458781677	13	32	75	28	9	28	46	40
ENSG00000056487.18	339822	chr22	45005945	45006045	8817721	0	-	INTRON	INTRON	protein_coding	PHF21B	0.995830013698173	0.990034444625594	-0.0124902961926554	-0.00713353053296253	272	257	9	10	613	701	31	20
ENSG00000100266.20	339621	chr22	42985130	42985230	8810853	0	-	INTRON	INTRON	protein_coding	PACSIN2	0.995830013698173	0.994591095979588	0.0067791077995948	0.00327767493865043	1501	2370	81	104	423	432	20	23
ENSG00000290920.2	337414	chr22	23396656	23396755	8760283	0	-	INTRON	INTRON	lncRNA	ENSG00000290920	0.995830013698173	0.990723999753014	0.011626004144797	0.00815319816603156	87	180	59	52	74	218	64	54
ENSG00000100345.24	338610	chr22	36364236	36364335	8793067	0	-	INTRON	INTRON	protein_coding	MYH9	0.995830013698173	0.991114590773737	0.0111364391855409	0.00529402676815326	295	301	21	27	187	166	17	14
ENSG00000197182.17	336113	chr22	46081253	46081352	8733449	0	+	INTRON	INTRON	lncRNA	MIRLET7BHG	0.995830013698173	0.993094874375459	-0.00865439959774533	-0.00784466581059232	31	143	20	33	65	175	42	28
ENSG00000054611.15	336250	chr22	46802915	46803015	8736271	0	+	INTRON	INTRON	protein_coding	TBC1D22A	0.995830013698173	0.993430199733675	0.00823411659862379	0.00688766814196578	108	208	20	12	87	115	15	7
ENSG00000197077.15	333531	chr22	24976758	24976858	8680025	0	+	INTRON	INTRON	protein_coding	KIAA1671	0.995830013698173	0.991870156309536	-0.0101894243471031	-0.0060411261649188	618	619	21	16	333	260	6	10
ENSG00000054611.15	336250	chr22	46809710	46809810	8736339	0	+	INTRON	INTRON	protein_coding	TBC1D22A	0.995830013698173	0.993113413866796	0.00863116292330679	0.00583431367998214	108	208	31	22	87	115	17	17
ENSG00000128266.10	333050	chr22	23070670	23070770	8670503	0	+	SS5_PROX	SS5_PROX:INTRON	protein_coding	GNAZ	0.998233884512691	0.998233884512691	0.00221349931591101	0.00209927475169115	25	66	26	17	24	41	17	14
ENSG00000291015.2	338995	chr22	38398001	38398093	8798593	0	-	INTRON	INTRON	lncRNA	ENSG00000291015	NA	0.974644572300431	0.0317836665004596	0.0371956983652782	3	8	67	27	4	5	37	25
ENSG00000197182.17	336102	chr22	46053813	46053866	8733167	0	+	EXON_LNCRNA	EXON_LNCRNA	lncRNA	MIRLET7BHG	NA	0.419222343590781	0.807771136906545	1.14874009369582	3	1	33	29	2	4	57	29
ENSG00000100296.15	337930	chr22	29553170	29553270	8775263	0	-	SS5_PROX	SS5_PROX:INTRON	protein_coding	THOC5	NA	0.276390832020025	-1.08846284156586	-1.02438275299615	11	13	23	14	9	16	49	33
ENSG00000197182.17	336105	chr22	46054953	46055053	8733181	0	+	SS5_ADJ	SS5_ADJ:SS5_PROX:INTRON	lncRNA	MIRLET7BHG	NA	0.35607572593133	0.922868523110096	1.14429593737577	3	2	31	30	2	7	42	28
ENSG00000170638.11	336381	chr22	50192764	50192862	8744084	0	+	UTR5	UTR5:EXON_MRNA:SS3_PROX:INTRON	protein_coding	TRABD	NA	0.843044165195809	0.198001148438822	0.207194059680524	7	29	34	36	10	20	33	20
ENSG00000100239.17	336445	chr22	50434765	50434865	8745302	0	+	SS3_PROX	SS3_PROX:INTRON	protein_coding	PPP6R2	NA	0.948445612558672	0.0646588683490321	0.0860626334302698	3	24	26	18	12	37	53	23
ENSG00000197182.17	336117	chr22	46085812	46085828	8733496	0	+	SSB_ADJ	SSB_ADJ:SS3_ADJ:SS5_ADJ:SSB_PROX:SS3_PROX:SS5_PROX:INTRON	lncRNA	MIRLET7BHG	NA	0.0611246421183368	1.87259275816834	2.15213776346929	3	4	31	85	2	13	33	38
ENSG00000197182.17	336103	chr22	46054420	46054508	8733175	0	+	SS3_PROX	SS3_PROX:INTRON	lncRNA	MIRLET7BHG	NA	0.85020546315397	0.188856276449922	0.227508610525714	0	12	13	64	7	16	44	52
ENSG00000100241.23	340365	chr22	50470045	50470144	8824461	0	-	INTRON	INTRON	protein_coding	SBF1	NA	0.694853371627904	0.392277249412452	0.514473610126422	11	20	49	21	4	25	33	16
ENSG00000197182.17	336107	chr22	46056133	46056233	8733194	0	+	SS5_PROX	SS5_PROX:INTRON	lncRNA	MIRLET7BHG	NA	0.551424557664132	-0.59562681686497	-0.719079019273887	3	8	25	64	0	5	40	35
ENSG00000100239.17	336445	chr22	50434176	50434272	8745296	0	+	INTRON	INTRON	protein_coding	PPP6R2	NA	0.782309988823167	0.276309983174066	0.448971491637941	3	24	41	5	12	37	40	23
ENSG00000197182.17	336105	chr22	46055198	46055298	8733184	0	+	SS3_PROX	SS3_PROX:SS5_PROX:INTRON	lncRNA	MIRLET7BHG	NA	0.6367779509509	0.472208531187411	0.578563726655026	3	2	20	45	2	7	49	51
ENSG00000197182.17	336107	chr22	46055833	46055933	8733191	0	+	SS5_PROX	SS5_PROX:INTRON	lncRNA	MIRLET7BHG	NA	0.559683416254364	-0.583311806128069	-0.679800070794815	3	8	23	39	0	5	29	28
ENSG00000218537.1:ENSG00000290199.2	337527	chr22	23897476	23897572	8761683	0	-	INTRON	INTRON	lncRNA	MIF-AS1:ENSG00000290199	NA	0.451161283478912	-0.753480402466563	-0.732815927671499	5	15	4	9	39	39	38	40
ENSG00000100239.17	336445	chr22	50433887	50433983	8745293	0	+	INTRON	INTRON	protein_coding	PPP6R2	NA	0.902618543507375	0.122354156437225	0.158267505437817	3	24	34	17	12	37	51	35
ENSG00000170638.11	336380	chr22	50186045	50186145	8744016	0	+	SS5_ADJ	SS5_ADJ:SS5_PROX:INTRON	protein_coding	TRABD	NA	0.90186744738754	0.123302643766133	0.139310420062529	13	32	50	28	9	28	40	19
ENSG00000218537.1:ENSG00000290199.2	337527	chr22	23897091	23897187	8761679	0	-	INTRON	INTRON	lncRNA	MIF-AS1:ENSG00000290199	NA	0.748181828927318	0.321037689979212	0.300018846594095	5	15	17	9	39	39	37	36
ENSG00000099904.17	332671	chr22	20133244	20133343	8666158	0	+	INTRON	INTRON	protein_coding	ZDHHC8	NA	0.691592447105855	0.396694919491044	0.406727688754065	7	19	33	26	15	16	37	15
ENSG00000197182.17	336103	chr22	46054020	46054108	8733170	0	+	SS5_PROX	SS5_PROX:INTRON	lncRNA	MIRLET7BHG	NA	0.429751492514018	0.789616973544264	0.876501484324115	0	12	26	44	7	16	35	28
ENSG00000100239.17	336445	chr22	50433502	50433598	8745289	0	+	INTRON	INTRON	protein_coding	PPP6R2	NA	0.557840316143998	0.586052379421989	0.934184921255592	3	24	49	7	12	37	35	22
ENSG00000100239.17	336445	chr22	50433117	50433213	8745285	0	+	INTRON	INTRON	protein_coding	PPP6R2	NA	0.481266974070367	0.704266259805833	0.887033357318506	3	24	38	21	12	37	35	26
ENSG00000291015.2	338994	chr22	38397376	38397445	8798586	0	-	EXON_LNCRNA	EXON_LNCRNA:INTRON	lncRNA	ENSG00000291015	NA	0.349942029318927	-0.934701741206027	-1.51951941362186	0	2	21	16	0	1	31	20
ENSG00000197182.17	336129	chr22	46109570	46109670	8733739	0	+	SS3_ADJ	SS3_ADJ:SSB_PROX:SS3_PROX:SS5_PROX:INTRON	lncRNA	MIRLET7BHG	NA	0.0176741869136288	2.37237406890898	3.32754318347326	3	3	34	59	0	4	4	6
ENSG00000170638.11	336380	chr22	50188620	50188719	8744042	0	+	INTRON	INTRON	protein_coding	TRABD	NA	0.440137906791794	0.771960358087666	0.782660701399959	13	32	23	41	9	28	19	12
ENSG00000128283.8	334790	chr22	37561088	37561187	8709917	0	+	INTRON	INTRON	protein_coding	CDC42EP1	NA	0.127070740020896	1.52575560784988	1.2464331912113	38	43	44	36	17	22	11	7
ENSG00000170638.11	336380	chr22	50189806	50189905	8744054	0	+	INTRON	INTRON	protein_coding	TRABD	NA	0.357901997097515	0.919370149702236	0.802126007121224	13	32	28	40	9	28	13	20
ENSG00000128283.8	334790	chr22	37560688	37560788	8709913	0	+	SS5_PROX	SS5_PROX:INTRON	protein_coding	CDC42EP1	NA	0.399573582500642	0.84238304120398	0.641555521584575	38	43	34	38	17	22	11	12
ENSG00000170638.11	336380	chr22	50186940	50187039	8744025	0	+	INTRON	INTRON	protein_coding	TRABD	NA	0.199277165344167	1.28361366691857	1.23597627419309	13	32	26	49	9	28	15	12
ENSG00000170638.11	336380	chr22	50189905	50190004	8744055	0	+	INTRON	INTRON	protein_coding	TRABD	NA	0.240952840939591	1.17260849568813	1.09099349806289	13	32	28	32	9	28	10	15
ENSG00000100425.21	339997	chr22	49784196	49784296	8822128	0	-	INTRON	INTRON	protein_coding	BRD1	NA	0.614490487149143	0.50367399256844	0.454437727536096	17	38	36	32	10	22	13	17
ENSG00000100425.21	339997	chr22	49781304	49781404	8822099	0	-	INTRON	INTRON	protein_coding	BRD1	NA	0.961652498350458	-0.0480799838215032	-0.0381708290990193	17	38	26	43	10	22	17	25
ENSG00000128283.8	334790	chr22	37561785	37561884	8709924	0	+	INTRON	INTRON	protein_coding	CDC42EP1	NA	0.336573445340579	0.960957683296751	0.755810535968101	38	43	30	36	17	22	8	12
ENSG00000128283.8	334790	chr22	37562781	37562881	8709934	0	+	INTRON	INTRON	protein_coding	CDC42EP1	NA	0.0964631494525759	1.66224755045194	1.46496488271951	38	43	30	27	17	22	8	4
ENSG00000182057.6	335755	chr22	42270425	42270525	8724692	0	+	SS5_PROX	SS5_PROX:INTRON	lncRNA	OGFRP1	NA	0.20948278002311	1.25498892607715	1.2804961427048	7	6	36	29	5	8	22	10
ENSG00000170638.11	336381	chr22	50190004	50190102	8744056	0	+	UTR5	UTR5:EXON_MRNA:INTRON	protein_coding	TRABD	NA	0.123711080241507	1.53938194063168	1.77911116498966	7	29	28	28	10	20	2	16
ENSG00000100425.21	339997	chr22	49784495	49784595	8822131	0	-	INTRON	INTRON	protein_coding	BRD1	NA	0.568112530770993	0.570833472601917	0.513570872267446	17	38	33	32	10	22	10	18
ENSG00000170638.11	336380	chr22	50189015	50189114	8744046	0	+	INTRON	INTRON	protein_coding	TRABD	NA	0.337276170990319	0.959561067987078	0.909779790096629	13	32	21	54	9	28	17	15
ENSG00000099917.18	332730	chr22	20575232	20575332	8667328	0	+	SS5_ADJ	SS5_ADJ:SS5_PROX:INTRON	protein_coding	MED15	NA	0.506624711307122	0.664102498248397	0.713184508289952	19	71	20	26	9	51	10	10
ENSG00000197182.17	336107	chr22	46056033	46056133	8733193	0	+	SS5_PROX	SS5_PROX:INTRON	lncRNA	MIRLET7BHG	NA	0.576366597666829	-0.558699826653564	-0.653031749072329	3	8	20	49	0	5	28	31
ENSG00000170638.11	336380	chr22	50186841	50186940	8744024	0	+	INTRON	INTRON	protein_coding	TRABD	NA	0.178156486646066	1.3464529427982	1.24115560326964	13	32	41	54	9	28	19	15
ENSG00000099904.17	332671	chr22	20137801	20137900	8666204	0	+	INTRON	INTRON	protein_coding	ZDHHC8	NA	0.583413139848492	0.548406025732479	0.490668337562347	7	19	30	32	15	16	28	23
ENSG00000099889.15	337114	chr22	19984589	19984689	8754639	0	-	INTRON	INTRON	protein_coding	ARVCF	NA	0.667173598796176	0.430030302054041	0.557134534256923	13	31	21	22	4	36	17	9
ENSG00000197182.17	336105	chr22	46055498	46055598	8733187	0	+	SS3_ADJ	SS3_ADJ:SS3_PROX:INTRON	lncRNA	MIRLET7BHG	NA	0.189720644557661	1.31140596523427	1.59300930380642	3	2	26	39	2	7	28	26
ENSG00000186951.18	336132	chr22	46150652	46150752	8733785	0	+	SS5_ADJ	SS5_ADJ:SS5_PROX:INTRON	protein_coding	PPARA	NA	0.0902483717037551	1.69408900292522	3.13837492509678	0	4	41	22	0	3	2	3
ENSG00000100425.21	340012	chr22	49827396	49827496	8822568	0	-	SS5_ADJ	SS5_ADJ:SS5_PROX:INTRON	protein_coding	BRD1	NA	0.667113682942138	0.430112671390715	0.486215912668061	42	6	50	18	7	8	15	8
ENSG00000291015.2	338995	chr22	38398186	38398279	8798595	0	-	INTRON	INTRON	lncRNA	ENSG00000291015	NA	0.439472800813591	0.773083778152099	0.880676495127049	3	8	34	25	4	5	10	14
ENSG00000186654.22	335934	chr22	44735923	44736010	8728199	0	+	INTRON	INTRON	protein_coding	PRR5	NA	0.0104332666043006	2.56112880720057	2.88030012158973	3	9	28	32	5	10	4	7
ENSG00000100241.23	340365	chr22	50470538	50470637	8824466	0	-	INTRON	INTRON	protein_coding	SBF1	NA	0.776822048687188	0.283462859105658	0.315592733049993	11	20	28	31	4	25	26	19
ENSG00000290425.2	336775	chr22	18577606	18577704	8749124	0	-	INTRON	INTRON	lncRNA	PI4KAP1	NA	0.415023409328943	0.815085432917704	0.982099508959191	3	9	34	18	4	13	19	24
ENSG00000197182.17	336129	chr22	46109353	46109453	8733736	0	+	SS5_ADJ	SS5_ADJ:SSB_PROX:SS3_PROX:SS5_PROX:INTRON	lncRNA	MIRLET7BHG	NA	0.0749297218265812	1.78089428872443	2.33554385788629	3	3	30	71	0	4	8	12
ENSG00000290425.2	336775	chr22	18577704	18577801	8749125	0	-	INTRON	INTRON	lncRNA	PI4KAP1	NA	0.576785129354956	0.558086777260491	0.750639737668925	3	9	36	17	4	13	35	14
ENSG00000170638.11	336380	chr22	50189608	50189707	8744052	0	+	INTRON	INTRON	protein_coding	TRABD	NA	0.257531625784464	1.13224457233113	0.925141199291463	13	32	34	58	9	28	15	26
ENSG00000100307.14	339122	chr22	39145612	39145711	8800083	0	-	INTRON	INTRON	protein_coding	CBX7	NA	0.605823607390042	0.516044101985302	0.532899140586254	7	25	26	32	5	25	17	23
ENSG00000291015.2	338995	chr22	38398093	38398186	8798594	0	-	INTRON	INTRON	lncRNA	ENSG00000291015	NA	0.996903151289764	0.00388133401486783	0.00457286950104279	3	8	47	22	4	5	31	17
ENSG00000100243.23	339556	chr22	42646504	42646603	8808735	0	-	INTRON	INTRON	protein_coding	CYB5R3	NA	0.303515968989678	1.02892276690881	0.780092009301751	33	32	36	22	34	26	17	13
ENSG00000291015.2	338995	chr22	38398679	38398779	8798600	0	-	SS5_ADJ	SS5_ADJ:SS5_PROX:INTRON	lncRNA	ENSG00000291015	NA	0.705721121411853	0.377608941375416	0.491622209566961	3	8	42	14	4	5	13	14
ENSG00000100425.21	339997	chr22	49781404	49781504	8822100	0	-	INTRON	INTRON	protein_coding	BRD1	NA	0.631304721132057	-0.479891253154948	-0.402861319083334	17	38	26	29	10	22	17	27
ENSG00000128283.8	334790	chr22	37561586	37561685	8709922	0	+	INTRON	INTRON	protein_coding	CDC42EP1	NA	0.162331162251977	1.3972740965354	1.13784383960198	38	43	31	34	17	22	6	9
ENSG00000183741.13	339103	chr22	38865110	38865210	8799853	0	-	UTR3	UTR3:EXON_MRNA	protein_coding	CBX6	NA	0.569871439879741	0.568240845667756	0.654098611095781	29	59	21	17	7	51	6	10
ENSG00000197182.17	336110	chr22	46058130	46058227	8733217	0	+	EXON_LNCRNA	EXON_LNCRNA:INTRON	lncRNA	MIRLET7BHG	NA	0.177570906224302	1.34827202542416	1.54283752904558	3	6	21	17	10	6	8	14
ENSG00000099917.18	332730	chr22	20580017	20580116	8667376	0	+	INTRON	INTRON	protein_coding	MED15	NA	0.398136971829542	0.844953195713877	0.884658150183402	19	71	21	27	9	51	8	11
ENSG00000291015.2	338995	chr22	38397723	38397815	8798590	0	-	INTRON	INTRON	lncRNA	ENSG00000291015	NA	0.916328357357207	0.105059800394054	0.118541879777154	3	8	20	18	4	5	15	10
ENSG00000182057.6	335755	chr22	42270325	42270425	8724691	0	+	SS5_PROX	SS5_PROX:INTRON	lncRNA	OGFRP1	NA	0.126581384288591	1.52772276971874	1.6386213943088	7	6	30	18	5	8	8	9
ENSG00000186654.22	335932	chr22	44732987	44733083	8728168	0	+	INTRON	INTRON	protein_coding	PRR5	NA	0.0447923960528174	2.0065988295598	2.01918712577035	23	27	39	22	15	35	8	8
ENSG00000073150.14	336374	chr22	50171456	50171555	8743923	0	+	INTRON	INTRON	protein_coding	PANX2	NA	0.597406173898174	0.528134230599222	0.600606160386917	15	30	28	25	2	9	6	4
ENSG00000100425.21	340007	chr22	49800216	49800316	8822294	0	-	INTRON	INTRON	protein_coding	BRD1	NA	0.451595876443065	0.752757123368042	1.02746426005006	0	15	26	20	4	14	15	14
ENSG00000100239.17	336445	chr22	50432829	50432925	8745282	0	+	INTRON	INTRON	protein_coding	PPP6R2	NA	0.527017198942347	0.632565842247457	0.786322945016298	3	24	28	18	12	37	29	22
ENSG00000100425.21	339997	chr22	49786190	49786290	8822148	0	-	INTRON	INTRON	protein_coding	BRD1	NA	0.656067784379462	0.44534869251206	0.430718920463586	17	38	20	17	10	22	8	9
ENSG00000100297.17	334656	chr22	35424451	35424549	8708446	0	+	UTR3	UTR3:EXON_MRNA	protein_coding	MCM5	NA	0.681961412692611	0.409788077743369	0.484908758794754	11	14	21	10	4	16	10	10
ENSG00000197182.17	336126	chr22	46105975	46106070	8733702	0	+	EXON_LNCRNA	EXON_LNCRNA:INTRON	lncRNA	MIRLET7BHG	NA	0.138911685590875	1.47985597953946	1.55510529072079	5	16	21	59	7	43	26	29
ENSG00000183741.13	339103	chr22	38861620	38861720	8799818	0	-	UTR3	UTR3:EXON_MRNA	protein_coding	CBX6	NA	0.957235679900009	-0.053622813768821	-0.0610941938883801	29	59	26	18	7	51	15	15
ENSG00000099991.19	333301	chr22	24098991	24099091	8675157	0	+	INTRON	INTRON	protein_coding	CABIN1	NA	0.827960213460625	0.217318406598632	0.218089807941082	21	48	25	17	12	25	11	9
ENSG00000099889.15	337114	chr22	19985088	19985188	8754644	0	-	INTRON	INTRON	protein_coding	ARVCF	NA	0.853850142005752	0.18420818073176	0.227426542085276	13	31	44	31	4	36	33	24
ENSG00000128283.8	334790	chr22	37562582	37562681	8709932	0	+	INTRON	INTRON	protein_coding	CDC42EP1	NA	0.449372172539065	0.756462124899742	0.739018240182642	38	43	31	15	17	22	11	4
ENSG00000186654.22	335932	chr22	44732691	44732791	8728165	0	+	SS5_PROX	SS5_PROX:INTRON	protein_coding	PRR5	NA	0.0311128930667539	2.15562584127231	1.8492160786864	23	27	31	38	15	35	11	10
ENSG00000170638.11	336381	chr22	50192271	50192369	8744079	0	+	UTR5	UTR5:EXON_MRNA:INTRON	protein_coding	TRABD	NA	0.47246265007895	0.718477931855574	0.630801710816672	7	29	28	55	10	20	20	26
ENSG00000290796.1	337613	chr22	25373867	25373967	8763353	0	-	SS5_PROX	SS5_PROX:INTRON	lncRNA	ENSG00000290796	NA	0.953157132665486	0.058742594153532	0.0494543342502726	27	53	23	17	24	41	13	18
ENSG00000100297.17	334656	chr22	35424745	35424843	8708449	0	+	UTR3	UTR3:EXON_MRNA	protein_coding	MCM5	NA	0.974571037789121	-0.0318758750410864	-0.0354938823964594	11	14	30	15	4	16	19	20
ENSG00000100425.21	339997	chr22	49779709	49779808	8822083	0	-	INTRON	INTRON	protein_coding	BRD1	NA	0.927819825562195	0.0905881784203507	0.0846991077456235	17	38	21	27	10	22	17	12
ENSG00000128283.8	334790	chr22	37561386	37561486	8709920	0	+	INTRON	INTRON	protein_coding	CDC42EP1	NA	0.0356605904288504	2.10077649818772	1.82301019633796	38	43	38	35	17	22	8	4
ENSG00000205593.13	340282	chr22	50319601	50319700	8824090	0	-	INTRON	INTRON	protein_coding	DENND6B	NA	0.463621284688093	0.732896948049173	0.723210054896056	15	36	26	17	14	27	10	12
ENSG00000205593.13	340282	chr22	50324041	50324140	8824135	0	-	INTRON	INTRON	protein_coding	DENND6B	NA	0.151024986050699	1.43592042405266	1.50570663836375	15	36	26	17	14	27	4	9
ENSG00000100296.15	337930	chr22	29552487	29552584	8775256	0	-	INTRON	INTRON	protein_coding	THOC5	NA	0.218906135647298	1.22944198837374	1.31636965269157	11	13	33	14	9	16	11	9
ENSG00000100307.14	339118	chr22	39136246	39136345	8799988	0	-	INTRON	INTRON	protein_coding	CBX7	NA	0.186590510646742	1.32073268825194	1.09340530384628	44	25	33	14	35	31	15	8
ENSG00000100425.21	339997	chr22	49787089	49787189	8822157	0	-	SS5_PROX	SS5_PROX:INTRON	protein_coding	BRD1	NA	0.367360973173749	0.90142767342927	0.943921770145287	17	38	20	15	10	22	4	7
ENSG00000100307.14	339122	chr22	39142532	39142631	8800052	0	-	INTRON	INTRON	protein_coding	CBX7	NA	0.42142584057837	0.803950019708946	0.963687262545442	7	25	26	17	5	25	10	14
ENSG00000183579.17	333853	chr22	28883866	28883966	8690806	0	+	CDS	CDS:EXON_MRNA	protein_coding	ZNRF3	NA	0.164541764205635	1.38995756305642	1.54423608405101	7	4	36	38	2	6	11	14
ENSG00000099889.15	337114	chr22	19982491	19982591	8754618	0	-	SS3_PROX	SS3_PROX:INTRON	protein_coding	ARVCF	NA	0.833361365290193	0.210392475018021	0.232976021966129	13	31	21	25	4	36	15	20
ENSG00000100425.21	339997	chr22	49779908	49780008	8822085	0	-	INTRON	INTRON	protein_coding	BRD1	NA	0.663071481240249	0.435676468309783	0.352612919237575	17	38	36	59	10	22	22	22
ENSG00000100425.21	340007	chr22	49802308	49802408	8822315	0	-	INTRON	INTRON	protein_coding	BRD1	NA	0.33678146750799	0.960544059391426	1.5293079735873	0	15	20	14	4	14	11	4
ENSG00000197182.17	336103	chr22	46054108	46054197	8733171	0	+	SS5_PROX	SS5_PROX:INTRON	lncRNA	MIRLET7BHG	NA	0.185024747457342	1.32544153854984	1.38248327624321	0	12	30	71	7	16	24	43
ENSG00000099917.18	332730	chr22	20579020	20579120	8667366	0	+	INTRON	INTRON	protein_coding	MED15	NA	0.748935941175535	0.320042726900638	0.396251780547478	19	71	21	13	9	51	10	9
ENSG00000291015.2	338994	chr22	38397307	38397376	8798585	0	-	EXON_LNCRNA	EXON_LNCRNA:INTRON	lncRNA	ENSG00000291015	NA	0.61779555388594	-0.498977047344294	-0.821978419177951	0	2	28	15	0	1	20	15
ENSG00000128283.8	334790	chr22	37561287	37561386	8709919	0	+	INTRON	INTRON	protein_coding	CDC42EP1	NA	0.212781970584117	1.24595212852708	1.05701036981762	38	43	33	36	17	22	13	6
ENSG00000170638.11	336380	chr22	50187533	50187632	8744031	0	+	INTRON	INTRON	protein_coding	TRABD	NA	0.749825627611386	0.318869296672547	0.308885857354652	13	32	41	30	9	28	22	26
ENSG00000099917.18	332730	chr22	20581412	20581512	8667390	0	+	INTRON	INTRON	protein_coding	MED15	NA	0.799297235861081	0.25425671721312	0.317243351770627	19	71	26	15	9	51	13	10
ENSG00000099917.18	332730	chr22	20581711	20581811	8667393	0	+	INTRON	INTRON	protein_coding	MED15	NA	0.366743480518924	0.90259010416589	1.08983790494124	19	71	28	18	9	51	8	9
ENSG00000185022.14	335068	chr22	38202212	38202312	8712817	0	+	SS5_ADJ	SS5_ADJ:SS5_PROX:INTRON	protein_coding	MAFF	NA	0.604017311253155	0.51863211221927	0.513286487065577	21	20	26	15	20	11	20	4
ENSG00000184381.21	338931	chr22	38175367	38175467	8797134	0	-	INTRON	INTRON	protein_coding	PLA2G6	NA	0.67287972578135	0.422199062447851	0.405813858505126	40	45	33	12	24	15	8	5
ENSG00000100425.21	339997	chr22	49785393	49785492	8822140	0	-	INTRON	INTRON	protein_coding	BRD1	NA	0.669258685422537	-0.427165640694412	-0.392795484433411	17	38	20	25	10	22	20	15
ENSG00000170638.11	336381	chr22	50191384	50191482	8744070	0	+	UTR5	UTR5:EXON_MRNA:INTRON	protein_coding	TRABD	NA	0.158868434849998	1.40888750486411	1.23362148414365	7	29	28	69	10	20	13	23
ENSG00000100241.23	340365	chr22	50468961	50469059	8824450	0	-	INTRON	INTRON	protein_coding	SBF1	NA	0.51425611289091	0.652224878604606	0.889915329597673	11	20	21	12	4	25	13	5
ENSG00000099917.18	332730	chr22	20579618	20579718	8667372	0	+	INTRON	INTRON	protein_coding	MED15	NA	0.707126345106628	0.37571828185257	0.389540131282133	19	71	20	22	9	51	8	15
ENSG00000185386.16	340168	chr22	50270076	50270176	8823568	0	-	SS5_ADJ	SS5_ADJ:SS5_PROX:INTRON	protein_coding	MAPK11	NA	0.22333197773455	1.21771583424014	1.8169616058428	0	8	39	22	2	10	15	9
ENSG00000186654.22	335934	chr22	44735462	44735562	8728194	0	+	SS5_PROX	SS5_PROX:INTRON	protein_coding	PRR5	NA	0.0342827849876952	2.11672981425712	2.02833536254822	3	9	62	85	5	10	17	28
ENSG00000128283.8	334790	chr22	37562283	37562383	8709929	0	+	INTRON	INTRON	protein_coding	CDC42EP1	NA	0.205006524751349	1.26741615938635	1.08879066215304	38	43	33	29	17	22	11	5
ENSG00000100241.23	340365	chr22	50474186	50474285	8824503	0	-	INTRON	INTRON	protein_coding	SBF1	NA	0.856323801972639	-0.181055768984626	-0.245409914704855	11	20	21	13	4	25	29	10
ENSG00000100425.21	339997	chr22	49785193	49785293	8822138	0	-	INTRON	INTRON	protein_coding	BRD1	NA	0.519700850315256	0.643806604780721	0.556341649163922	17	38	28	33	10	22	10	16
ENSG00000186654.22	335932	chr22	44732891	44732987	8728167	0	+	INTRON	INTRON	protein_coding	PRR5	NA	0.0533063978107457	1.93243045725341	1.84839381517176	23	27	39	25	15	35	11	8
ENSG00000100307.14	339122	chr22	39145810	39145910	8800085	0	-	INTRON	INTRON	protein_coding	CBX7	NA	0.526913136239636	0.632725160716141	0.773251088313303	7	25	47	26	5	25	24	19
ENSG00000099901.19	332662	chr22	20123119	20123218	8666095	0	+	INTRON	INTRON	protein_coding	RANBP1	NA	0.328498603706426	0.977142512279499	1.57494285270075	3	22	28	11	2	27	8	13
ENSG00000170638.11	336381	chr22	50191088	50191186	8744067	0	+	UTR5	UTR5:EXON_MRNA:INTRON	protein_coding	TRABD	NA	0.532132108811203	0.6247546350993	0.668213213121337	7	29	34	38	10	20	26	14
ENSG00000183741.13	339103	chr22	38861520	38861620	8799817	0	-	UTR3	UTR3:EXON_MRNA	protein_coding	CBX6	NA	0.921117034745235	0.0990267453570294	0.125791273950997	29	59	30	12	7	51	13	13
ENSG00000100413.18	339339	chr22	41526196	41526295	8804992	0	-	UTR3	UTR3:EXON_MRNA	protein_coding	POLR3H	NA	0.591713954796839	0.536353944696176	0.610335824950315	5	29	20	15	15	30	19	14
ENSG00000100320.25	338498	chr22	36028524	36028624	8791682	0	-	UTR5	UTR5:EXON_MRNA	protein_coding	RBFOX2	NA	0.191794201846589	1.30528975334159	1.47414190247751	9	20	89	38	5	15	19	15
ENSG00000100297.17	334654	chr22	35423841	35423911	8708438	0	+	SS3_PROX	SS3_PROX:INTRON	protein_coding	MCM5	NA	0.588889595287203	0.540445849932001	0.718759853054525	5	12	26	15	4	6	2	14
ENSG00000099917.18	332730	chr22	20581611	20581711	8667392	0	+	INTRON	INTRON	protein_coding	MED15	NA	0.397275129576873	0.846497748085475	0.985977301696382	19	71	30	23	9	51	10	10
ENSG00000185838.15:ENSG00000215012.9	337036	chr22	19848704	19848803	8753721	0	-	UTR3	UTR3:EXON_MRNA:INTRON	protein_coding	GNB1L:RTL10	NA	0.94558244071819	0.0682552570566595	0.0793869077071887	17	33	20	14	12	37	24	9
ENSG00000099889.15	337117	chr22	19995798	19995897	8754753	0	-	INTRON	INTRON	protein_coding	ARVCF	NA	0.458309455392494	0.741633442918444	0.668821097388087	31	57	20	14	29	37	10	7
ENSG00000100425.21	340012	chr22	49827196	49827296	8822566	0	-	SS5_PROX	SS5_PROX:INTRON	protein_coding	BRD1	NA	0.59146818387346	-0.53670965777217	-0.607460661660332	42	6	31	22	7	8	31	13
ENSG00000099917.18	332730	chr22	20581113	20581213	8667387	0	+	INTRON	INTRON	protein_coding	MED15	NA	0.233647150571881	1.19101639023979	1.36651988641005	19	71	28	23	9	51	6	9
ENSG00000291015.2	338995	chr22	38398379	38398479	8798597	0	-	SS5_PROX	SS5_PROX:INTRON	lncRNA	ENSG00000291015	NA	0.697273947535704	0.389002972450941	0.436628631287564	3	8	26	23	4	5	17	10
ENSG00000186654.22	335935	chr22	44737147	44737247	8728212	0	+	CDS_STOP	CDS_STOP:CDS:EXON_MRNA	protein_coding	PRR5	NA	0.788755341409825	0.267927219348346	0.344121161743448	5	4	26	23	0	3	10	9
ENSG00000099917.18	332730	chr22	20582110	20582210	8667397	0	+	SS3_PROX	SS3_PROX:INTRON	protein_coding	MED15	NA	0.596955659235243	0.528783479638452	0.616113169926926	19	71	28	24	9	51	13	10
ENSG00000170638.11	336380	chr22	50188719	50188818	8744043	0	+	INTRON	INTRON	protein_coding	TRABD	NA	0.363623779947443	0.908481696301749	0.81668836705467	13	32	28	35	9	28	11	19
